variant,series_index,official_series_code,series_name,month,raw_value,is_missing
nominal,1,1,消費支出（名目）,2005-01,98.3,false
nominal,2,2,食料（名目）,2005-01,21.9,false
nominal,3,3,住居（名目）,2005-01,6.1,false
nominal,4,4,光熱・水道（名目）,2005-01,7.9,false
nominal,5,5,家具・家事用品（名目）,2005-01,3.2,false
nominal,6,6,被服及び履物（名目）,2005-01,5.3,false
nominal,7,7,保健医療（名目）,2005-01,3.7,false
nominal,8,8,交通・通信（名目）,2005-01,14.1,false
nominal,9,9,教育（名目）,2005-01,3,false
nominal,10,10,教養娯楽（名目）,2005-01,9.8,false
nominal,11,11,その他の消費支出（名目）,2005-01,,true
nominal,12,12,消費支出（実質）,2005-01,119.4,false
nominal,13,13,食料（実質）,2005-01,31.7,false
nominal,14,14,住居（実質）,2005-01,7.1,false
nominal,15,15,光熱・水道（実質）,2005-01,11.3,false
nominal,16,16,家具・家事用品（実質）,2005-01,3.3,false
nominal,17,17,被服及び履物（実質）,2005-01,6.6,false
nominal,18,18,保健医療（実質）,2005-01,4,false
nominal,19,19,交通・通信（実質）,2005-01,14.3,false
nominal,20,20,教育（実質）,2005-01,2.6,false
nominal,21,21,教養娯楽（実質）,2005-01,10.7,false
nominal,22,22,その他の消費支出（実質）,2005-01,,true
nominal,1,1,消費支出（名目）,2005-02,90.3,false
nominal,2,2,食料（名目）,2005-02,20.6,false
nominal,3,3,住居（名目）,2005-02,6.4,false
nominal,4,4,光熱・水道（名目）,2005-02,8.3,false
nominal,5,5,家具・家事用品（名目）,2005-02,2.6,false
nominal,6,6,被服及び履物（名目）,2005-02,3.5,false
nominal,7,7,保健医療（名目）,2005-02,3.9,false
nominal,8,8,交通・通信（名目）,2005-02,14.4,false
nominal,9,9,教育（名目）,2005-02,3.5,false
nominal,10,10,教養娯楽（名目）,2005-02,9.3,false
nominal,11,11,その他の消費支出（名目）,2005-02,,true
nominal,12,12,消費支出（実質）,2005-02,110.2,false
nominal,13,13,食料（実質）,2005-02,29.9,false
nominal,14,14,住居（実質）,2005-02,7.5,false
nominal,15,15,光熱・水道（実質）,2005-02,11.9,false
nominal,16,16,家具・家事用品（実質）,2005-02,2.7,false
nominal,17,17,被服及び履物（実質）,2005-02,4.5,false
nominal,18,18,保健医療（実質）,2005-02,4.2,false
nominal,19,19,交通・通信（実質）,2005-02,14.7,false
nominal,20,20,教育（実質）,2005-02,3.1,false
nominal,21,21,教養娯楽（実質）,2005-02,10.2,false
nominal,22,22,その他の消費支出（実質）,2005-02,,true
nominal,1,1,消費支出（名目）,2005-03,108.4,false
nominal,2,2,食料（名目）,2005-03,22.7,false
nominal,3,3,住居（名目）,2005-03,6.7,false
nominal,4,4,光熱・水道（名目）,2005-03,7.8,false
nominal,5,5,家具・家事用品（名目）,2005-03,3.3,false
nominal,6,6,被服及び履物（名目）,2005-03,4.9,false
nominal,7,7,保健医療（名目）,2005-03,4.2,false
nominal,8,8,交通・通信（名目）,2005-03,19.3,false
nominal,9,9,教育（名目）,2005-03,5.3,false
nominal,10,10,教養娯楽（名目）,2005-03,10.8,false
nominal,11,11,その他の消費支出（名目）,2005-03,,true
nominal,12,12,消費支出（実質）,2005-03,131.7,false
nominal,13,13,食料（実質）,2005-03,32.9,false
nominal,14,14,住居（実質）,2005-03,7.9,false
nominal,15,15,光熱・水道（実質）,2005-03,11.2,false
nominal,16,16,家具・家事用品（実質）,2005-03,3.4,false
nominal,17,17,被服及び履物（実質）,2005-03,6,false
nominal,18,18,保健医療（実質）,2005-03,4.5,false
nominal,19,19,交通・通信（実質）,2005-03,19.6,false
nominal,20,20,教育（実質）,2005-03,4.6,false
nominal,21,21,教養娯楽（実質）,2005-03,11.8,false
nominal,22,22,その他の消費支出（実質）,2005-03,,true
nominal,1,1,消費支出（名目）,2005-04,106.9,false
nominal,2,2,食料（名目）,2005-04,22.3,false
nominal,3,3,住居（名目）,2005-04,7.1,false
nominal,4,4,光熱・水道（名目）,2005-04,7,false
nominal,5,5,家具・家事用品（名目）,2005-04,2.9,false
nominal,6,6,被服及び履物（名目）,2005-04,5.1,false
nominal,7,7,保健医療（名目）,2005-04,4.1,false
nominal,8,8,交通・通信（名目）,2005-04,16.4,false
nominal,9,9,教育（名目）,2005-04,8.3,false
nominal,10,10,教養娯楽（名目）,2005-04,11.1,false
nominal,11,11,その他の消費支出（名目）,2005-04,,true
nominal,12,12,消費支出（実質）,2005-04,129.8,false
nominal,13,13,食料（実質）,2005-04,32.4,false
nominal,14,14,住居（実質）,2005-04,8.4,false
nominal,15,15,光熱・水道（実質）,2005-04,10.1,false
nominal,16,16,家具・家事用品（実質）,2005-04,3.1,false
nominal,17,17,被服及び履物（実質）,2005-04,6,false
nominal,18,18,保健医療（実質）,2005-04,4.4,false
nominal,19,19,交通・通信（実質）,2005-04,16.5,false
nominal,20,20,教育（実質）,2005-04,7.1,false
nominal,21,21,教養娯楽（実質）,2005-04,12.1,false
nominal,22,22,その他の消費支出（実質）,2005-04,,true
nominal,1,1,消費支出（名目）,2005-05,97.1,false
nominal,2,2,食料（名目）,2005-05,23.7,false
nominal,3,3,住居（名目）,2005-05,7.9,false
nominal,4,4,光熱・水道（名目）,2005-05,6.4,false
nominal,5,5,家具・家事用品（名目）,2005-05,3.2,false
nominal,6,6,被服及び履物（名目）,2005-05,4.8,false
nominal,7,7,保健医療（名目）,2005-05,3.9,false
nominal,8,8,交通・通信（名目）,2005-05,14.5,false
nominal,9,9,教育（名目）,2005-05,2.9,false
nominal,10,10,教養娯楽（名目）,2005-05,10.8,false
nominal,11,11,その他の消費支出（名目）,2005-05,,true
nominal,12,12,消費支出（実質）,2005-05,117.6,false
nominal,13,13,食料（実質）,2005-05,34.5,false
nominal,14,14,住居（実質）,2005-05,9.3,false
nominal,15,15,光熱・水道（実質）,2005-05,9.1,false
nominal,16,16,家具・家事用品（実質）,2005-05,3.4,false
nominal,17,17,被服及び履物（実質）,2005-05,5.7,false
nominal,18,18,保健医療（実質）,2005-05,4.2,false
nominal,19,19,交通・通信（実質）,2005-05,14.6,false
nominal,20,20,教育（実質）,2005-05,2.5,false
nominal,21,21,教養娯楽（実質）,2005-05,11.7,false
nominal,22,22,その他の消費支出（実質）,2005-05,,true
nominal,1,1,消費支出（名目）,2005-06,94.4,false
nominal,2,2,食料（名目）,2005-06,22.3,false
nominal,3,3,住居（名目）,2005-06,8.1,false
nominal,4,4,光熱・水道（名目）,2005-06,5.8,false
nominal,5,5,家具・家事用品（名目）,2005-06,3.8,false
nominal,6,6,被服及び履物（名目）,2005-06,5,false
nominal,7,7,保健医療（名目）,2005-06,4,false
nominal,8,8,交通・通信（名目）,2005-06,14.7,false
nominal,9,9,教育（名目）,2005-06,2.1,false
nominal,10,10,教養娯楽（名目）,2005-06,10.4,false
nominal,11,11,その他の消費支出（名目）,2005-06,,true
nominal,12,12,消費支出（実質）,2005-06,114.8,false
nominal,13,13,食料（実質）,2005-06,32.8,false
nominal,14,14,住居（実質）,2005-06,9.6,false
nominal,15,15,光熱・水道（実質）,2005-06,8.3,false
nominal,16,16,家具・家事用品（実質）,2005-06,4,false
nominal,17,17,被服及び履物（実質）,2005-06,5.9,false
nominal,18,18,保健医療（実質）,2005-06,4.3,false
nominal,19,19,交通・通信（実質）,2005-06,14.9,false
nominal,20,20,教育（実質）,2005-06,1.8,false
nominal,21,21,教養娯楽（実質）,2005-06,11.3,false
nominal,22,22,その他の消費支出（実質）,2005-06,,true
nominal,1,1,消費支出（名目）,2005-07,97.7,false
nominal,2,2,食料（名目）,2005-07,24.2,false
nominal,3,3,住居（名目）,2005-07,7.8,false
nominal,4,4,光熱・水道（名目）,2005-07,5.4,false
nominal,5,5,家具・家事用品（名目）,2005-07,4.5,false
nominal,6,6,被服及び履物（名目）,2005-07,4.8,false
nominal,7,7,保健医療（名目）,2005-07,4.2,false
nominal,8,8,交通・通信（名目）,2005-07,14.3,false
nominal,9,9,教育（名目）,2005-07,2.5,false
nominal,10,10,教養娯楽（名目）,2005-07,11.1,false
nominal,11,11,その他の消費支出（名目）,2005-07,,true
nominal,12,12,消費支出（実質）,2005-07,119.1,false
nominal,13,13,食料（実質）,2005-07,35.6,false
nominal,14,14,住居（実質）,2005-07,9.1,false
nominal,15,15,光熱・水道（実質）,2005-07,7.8,false
nominal,16,16,家具・家事用品（実質）,2005-07,4.8,false
nominal,17,17,被服及び履物（実質）,2005-07,5.9,false
nominal,18,18,保健医療（実質）,2005-07,4.5,false
nominal,19,19,交通・通信（実質）,2005-07,14.3,false
nominal,20,20,教育（実質）,2005-07,2.2,false
nominal,21,21,教養娯楽（実質）,2005-07,12,false
nominal,22,22,その他の消費支出（実質）,2005-07,,true
nominal,1,1,消費支出（名目）,2005-08,99.5,false
nominal,2,2,食料（名目）,2005-08,24.7,false
nominal,3,3,住居（名目）,2005-08,7.2,false
nominal,4,4,光熱・水道（名目）,2005-08,6,false
nominal,5,5,家具・家事用品（名目）,2005-08,3.9,false
nominal,6,6,被服及び履物（名目）,2005-08,3.6,false
nominal,7,7,保健医療（名目）,2005-08,4.3,false
nominal,8,8,交通・通信（名目）,2005-08,15.3,false
nominal,9,9,教育（名目）,2005-08,2.5,false
nominal,10,10,教養娯楽（名目）,2005-08,12.3,false
nominal,11,11,その他の消費支出（名目）,2005-08,,true
nominal,12,12,消費支出（実質）,2005-08,121,false
nominal,13,13,食料（実質）,2005-08,36.4,false
nominal,14,14,住居（実質）,2005-08,8.5,false
nominal,15,15,光熱・水道（実質）,2005-08,8.6,false
nominal,16,16,家具・家事用品（実質）,2005-08,4.1,false
nominal,17,17,被服及び履物（実質）,2005-08,4.5,false
nominal,18,18,保健医療（実質）,2005-08,4.6,false
nominal,19,19,交通・通信（実質）,2005-08,15.3,false
nominal,20,20,教育（実質）,2005-08,2.2,false
nominal,21,21,教養娯楽（実質）,2005-08,13.2,false
nominal,22,22,その他の消費支出（実質）,2005-08,,true
nominal,1,1,消費支出（名目）,2005-09,95.8,false
nominal,2,2,食料（名目）,2005-09,22.4,false
nominal,3,3,住居（名目）,2005-09,7.2,false
nominal,4,4,光熱・水道（名目）,2005-09,6,false
nominal,5,5,家具・家事用品（名目）,2005-09,3.2,false
nominal,6,6,被服及び履物（名目）,2005-09,3.5,false
nominal,7,7,保健医療（名目）,2005-09,3.9,false
nominal,8,8,交通・通信（名目）,2005-09,15.7,false
nominal,9,9,教育（名目）,2005-09,4.9,false
nominal,10,10,教養娯楽（名目）,2005-09,10.4,false
nominal,11,11,その他の消費支出（名目）,2005-09,,true
nominal,12,12,消費支出（実質）,2005-09,116.3,false
nominal,13,13,食料（実質）,2005-09,32.8,false
nominal,14,14,住居（実質）,2005-09,8.5,false
nominal,15,15,光熱・水道（実質）,2005-09,8.6,false
nominal,16,16,家具・家事用品（実質）,2005-09,3.4,false
nominal,17,17,被服及び履物（実質）,2005-09,4.1,false
nominal,18,18,保健医療（実質）,2005-09,4.2,false
nominal,19,19,交通・通信（実質）,2005-09,15.7,false
nominal,20,20,教育（実質）,2005-09,4.2,false
nominal,21,21,教養娯楽（実質）,2005-09,11.4,false
nominal,22,22,その他の消費支出（実質）,2005-09,,true
nominal,1,1,消費支出（名目）,2005-10,101.5,false
nominal,2,2,食料（名目）,2005-10,23.1,false
nominal,3,3,住居（名目）,2005-10,7.4,false
nominal,4,4,光熱・水道（名目）,2005-10,5.8,false
nominal,5,5,家具・家事用品（名目）,2005-10,3.7,false
nominal,6,6,被服及び履物（名目）,2005-10,5,false
nominal,7,7,保健医療（名目）,2005-10,4.1,false
nominal,8,8,交通・通信（名目）,2005-10,16.2,false
nominal,9,9,教育（名目）,2005-10,5.1,false
nominal,10,10,教養娯楽（名目）,2005-10,10.9,false
nominal,11,11,その他の消費支出（名目）,2005-10,,true
nominal,12,12,消費支出（実質）,2005-10,123.1,false
nominal,13,13,食料（実質）,2005-10,34,false
nominal,14,14,住居（実質）,2005-10,8.7,false
nominal,15,15,光熱・水道（実質）,2005-10,8.2,false
nominal,16,16,家具・家事用品（実質）,2005-10,4,false
nominal,17,17,被服及び履物（実質）,2005-10,5.8,false
nominal,18,18,保健医療（実質）,2005-10,4.4,false
nominal,19,19,交通・通信（実質）,2005-10,16.2,false
nominal,20,20,教育（実質）,2005-10,4.4,false
nominal,21,21,教養娯楽（実質）,2005-10,12,false
nominal,22,22,その他の消費支出（実質）,2005-10,,true
nominal,1,1,消費支出（名目）,2005-11,94.1,false
nominal,2,2,食料（名目）,2005-11,22.1,false
nominal,3,3,住居（名目）,2005-11,7.6,false
nominal,4,4,光熱・水道（名目）,2005-11,6,false
nominal,5,5,家具・家事用品（名目）,2005-11,3.6,false
nominal,6,6,被服及び履物（名目）,2005-11,5.1,false
nominal,7,7,保健医療（名目）,2005-11,4.4,false
nominal,8,8,交通・通信（名目）,2005-11,14.4,false
nominal,9,9,教育（名目）,2005-11,2.6,false
nominal,10,10,教養娯楽（名目）,2005-11,10.4,false
nominal,11,11,その他の消費支出（名目）,2005-11,,true
nominal,12,12,消費支出（実質）,2005-11,114.6,false
nominal,13,13,食料（実質）,2005-11,32.7,false
nominal,14,14,住居（実質）,2005-11,9,false
nominal,15,15,光熱・水道（実質）,2005-11,8.5,false
nominal,16,16,家具・家事用品（実質）,2005-11,3.8,false
nominal,17,17,被服及び履物（実質）,2005-11,5.9,false
nominal,18,18,保健医療（実質）,2005-11,4.8,false
nominal,19,19,交通・通信（実質）,2005-11,14.6,false
nominal,20,20,教育（実質）,2005-11,2.3,false
nominal,21,21,教養娯楽（実質）,2005-11,11.5,false
nominal,22,22,その他の消費支出（実質）,2005-11,,true
nominal,1,1,消費支出（名目）,2005-12,114.9,false
nominal,2,2,食料（名目）,2005-12,29.9,false
nominal,3,3,住居（名目）,2005-12,8.4,false
nominal,4,4,光熱・水道（名目）,2005-12,7.4,false
nominal,5,5,家具・家事用品（名目）,2005-12,4.7,false
nominal,6,6,被服及び履物（名目）,2005-12,5.8,false
nominal,7,7,保健医療（名目）,2005-12,4.8,false
nominal,8,8,交通・通信（名目）,2005-12,15.4,false
nominal,9,9,教育（名目）,2005-12,2.9,false
nominal,10,10,教養娯楽（名目）,2005-12,12.6,false
nominal,11,11,その他の消費支出（名目）,2005-12,,true
nominal,12,12,消費支出（実質）,2005-12,139.9,false
nominal,13,13,食料（実質）,2005-12,44.2,false
nominal,14,14,住居（実質）,2005-12,10,false
nominal,15,15,光熱・水道（実質）,2005-12,10.4,false
nominal,16,16,家具・家事用品（実質）,2005-12,5.1,false
nominal,17,17,被服及び履物（実質）,2005-12,6.7,false
nominal,18,18,保健医療（実質）,2005-12,5.1,false
nominal,19,19,交通・通信（実質）,2005-12,15.6,false
nominal,20,20,教育（実質）,2005-12,2.5,false
nominal,21,21,教養娯楽（実質）,2005-12,13.9,false
nominal,22,22,その他の消費支出（実質）,2005-12,,true
nominal,1,1,消費支出（名目）,2006-01,96.4,false
nominal,2,2,食料（名目）,2006-01,21.1,false
nominal,3,3,住居（名目）,2006-01,6,false
nominal,4,4,光熱・水道（名目）,2006-01,8.9,false
nominal,5,5,家具・家事用品（名目）,2006-01,3,false
nominal,6,6,被服及び履物（名目）,2006-01,4.9,false
nominal,7,7,保健医療（名目）,2006-01,3.9,false
nominal,8,8,交通・通信（名目）,2006-01,13.5,false
nominal,9,9,教育（名目）,2006-01,2.8,false
nominal,10,10,教養娯楽（名目）,2006-01,9.8,false
nominal,11,11,その他の消費支出（名目）,2006-01,,true
nominal,12,12,消費支出（実質）,2006-01,117.1,false
nominal,13,13,食料（実質）,2006-01,30.5,false
nominal,14,14,住居（実質）,2006-01,7.1,false
nominal,15,15,光熱・水道（実質）,2006-01,12.3,false
nominal,16,16,家具・家事用品（実質）,2006-01,3.2,false
nominal,17,17,被服及び履物（実質）,2006-01,6,false
nominal,18,18,保健医療（実質）,2006-01,4.1,false
nominal,19,19,交通・通信（実質）,2006-01,13.6,false
nominal,20,20,教育（実質）,2006-01,2.4,false
nominal,21,21,教養娯楽（実質）,2006-01,10.9,false
nominal,22,22,その他の消費支出（実質）,2006-01,,true
nominal,1,1,消費支出（名目）,2006-02,89.7,false
nominal,2,2,食料（名目）,2006-02,20.1,false
nominal,3,3,住居（名目）,2006-02,6.2,false
nominal,4,4,光熱・水道（名目）,2006-02,8.9,false
nominal,5,5,家具・家事用品（名目）,2006-02,2.7,false
nominal,6,6,被服及び履物（名目）,2006-02,3.4,false
nominal,7,7,保健医療（名目）,2006-02,3.8,false
nominal,8,8,交通・通信（名目）,2006-02,14,false
nominal,9,9,教育（名目）,2006-02,3.4,false
nominal,10,10,教養娯楽（名目）,2006-02,9.4,false
nominal,11,11,その他の消費支出（名目）,2006-02,,true
nominal,12,12,消費支出（実質）,2006-02,109.5,false
nominal,13,13,食料（実質）,2006-02,29.5,false
nominal,14,14,住居（実質）,2006-02,7.4,false
nominal,15,15,光熱・水道（実質）,2006-02,12.1,false
nominal,16,16,家具・家事用品（実質）,2006-02,3,false
nominal,17,17,被服及び履物（実質）,2006-02,4.3,false
nominal,18,18,保健医療（実質）,2006-02,4.1,false
nominal,19,19,交通・通信（実質）,2006-02,14.2,false
nominal,20,20,教育（実質）,2006-02,2.9,false
nominal,21,21,教養娯楽（実質）,2006-02,10.6,false
nominal,22,22,その他の消費支出（実質）,2006-02,,true
nominal,1,1,消費支出（名目）,2006-03,107.5,false
nominal,2,2,食料（名目）,2006-03,22.6,false
nominal,3,3,住居（名目）,2006-03,7.3,false
nominal,4,4,光熱・水道（名目）,2006-03,8,false
nominal,5,5,家具・家事用品（名目）,2006-03,3.1,false
nominal,6,6,被服及び履物（名目）,2006-03,4.7,false
nominal,7,7,保健医療（名目）,2006-03,4.1,false
nominal,8,8,交通・通信（名目）,2006-03,18,false
nominal,9,9,教育（名目）,2006-03,5.1,false
nominal,10,10,教養娯楽（名目）,2006-03,11.1,false
nominal,11,11,その他の消費支出（名目）,2006-03,,true
nominal,12,12,消費支出（実質）,2006-03,130.9,false
nominal,13,13,食料（実質）,2006-03,33.2,false
nominal,14,14,住居（実質）,2006-03,8.6,false
nominal,15,15,光熱・水道（実質）,2006-03,11,false
nominal,16,16,家具・家事用品（実質）,2006-03,3.4,false
nominal,17,17,被服及び履物（実質）,2006-03,5.7,false
nominal,18,18,保健医療（実質）,2006-03,4.4,false
nominal,19,19,交通・通信（実質）,2006-03,18.1,false
nominal,20,20,教育（実質）,2006-03,4.4,false
nominal,21,21,教養娯楽（実質）,2006-03,12.3,false
nominal,22,22,その他の消費支出（実質）,2006-03,,true
nominal,1,1,消費支出（名目）,2006-04,107.6,false
nominal,2,2,食料（名目）,2006-04,22.1,false
nominal,3,3,住居（名目）,2006-04,7,false
nominal,4,4,光熱・水道（名目）,2006-04,7.4,false
nominal,5,5,家具・家事用品（名目）,2006-04,2.9,false
nominal,6,6,被服及び履物（名目）,2006-04,4.6,false
nominal,7,7,保健医療（名目）,2006-04,3.8,false
nominal,8,8,交通・通信（名目）,2006-04,17.3,false
nominal,9,9,教育（名目）,2006-04,8.5,false
nominal,10,10,教養娯楽（名目）,2006-04,11.2,false
nominal,11,11,その他の消費支出（名目）,2006-04,,true
nominal,12,12,消費支出（実質）,2006-04,130.7,false
nominal,13,13,食料（実質）,2006-04,32.4,false
nominal,14,14,住居（実質）,2006-04,8.3,false
nominal,15,15,光熱・水道（実質）,2006-04,10.2,false
nominal,16,16,家具・家事用品（実質）,2006-04,3.2,false
nominal,17,17,被服及び履物（実質）,2006-04,5.5,false
nominal,18,18,保健医療（実質）,2006-04,4.1,false
nominal,19,19,交通・通信（実質）,2006-04,17.5,false
nominal,20,20,教育（実質）,2006-04,7.3,false
nominal,21,21,教養娯楽（実質）,2006-04,12.4,false
nominal,22,22,その他の消費支出（実質）,2006-04,,true
nominal,1,1,消費支出（名目）,2006-05,96.8,false
nominal,2,2,食料（名目）,2006-05,23.2,false
nominal,3,3,住居（名目）,2006-05,7,false
nominal,4,4,光熱・水道（名目）,2006-05,6.6,false
nominal,5,5,家具・家事用品（名目）,2006-05,3.2,false
nominal,6,6,被服及び履物（名目）,2006-05,4.7,false
nominal,7,7,保健医療（名目）,2006-05,3.9,false
nominal,8,8,交通・通信（名目）,2006-05,14.8,false
nominal,9,9,教育（名目）,2006-05,3.1,false
nominal,10,10,教養娯楽（名目）,2006-05,11.4,false
nominal,11,11,その他の消費支出（名目）,2006-05,,true
nominal,12,12,消費支出（実質）,2006-05,117,false
nominal,13,13,食料（実質）,2006-05,33.8,false
nominal,14,14,住居（実質）,2006-05,8.2,false
nominal,15,15,光熱・水道（実質）,2006-05,9,false
nominal,16,16,家具・家事用品（実質）,2006-05,3.4,false
nominal,17,17,被服及び履物（実質）,2006-05,5.5,false
nominal,18,18,保健医療（実質）,2006-05,4.3,false
nominal,19,19,交通・通信（実質）,2006-05,14.8,false
nominal,20,20,教育（実質）,2006-05,2.7,false
nominal,21,21,教養娯楽（実質）,2006-05,12.5,false
nominal,22,22,その他の消費支出（実質）,2006-05,,true
nominal,1,1,消費支出（名目）,2006-06,94.1,false
nominal,2,2,食料（名目）,2006-06,22.1,false
nominal,3,3,住居（名目）,2006-06,7.5,false
nominal,4,4,光熱・水道（名目）,2006-06,6,false
nominal,5,5,家具・家事用品（名目）,2006-06,3.6,false
nominal,6,6,被服及び履物（名目）,2006-06,4.7,false
nominal,7,7,保健医療（名目）,2006-06,4.1,false
nominal,8,8,交通・通信（名目）,2006-06,14.8,false
nominal,9,9,教育（名目）,2006-06,2.3,false
nominal,10,10,教養娯楽（名目）,2006-06,10.2,false
nominal,11,11,その他の消費支出（名目）,2006-06,,true
nominal,12,12,消費支出（実質）,2006-06,113.8,false
nominal,13,13,食料（実質）,2006-06,32.1,false
nominal,14,14,住居（実質）,2006-06,8.9,false
nominal,15,15,光熱・水道（実質）,2006-06,8.2,false
nominal,16,16,家具・家事用品（実質）,2006-06,3.9,false
nominal,17,17,被服及び履物（実質）,2006-06,5.5,false
nominal,18,18,保健医療（実質）,2006-06,4.5,false
nominal,19,19,交通・通信（実質）,2006-06,14.9,false
nominal,20,20,教育（実質）,2006-06,2,false
nominal,21,21,教養娯楽（実質）,2006-06,11.3,false
nominal,22,22,その他の消費支出（実質）,2006-06,,true
nominal,1,1,消費支出（名目）,2006-07,98.1,false
nominal,2,2,食料（名目）,2006-07,23.7,false
nominal,3,3,住居（名目）,2006-07,7.5,false
nominal,4,4,光熱・水道（名目）,2006-07,5.6,false
nominal,5,5,家具・家事用品（名目）,2006-07,4.4,false
nominal,6,6,被服及び履物（名目）,2006-07,4.7,false
nominal,7,7,保健医療（名目）,2006-07,3.9,false
nominal,8,8,交通・通信（名目）,2006-07,16.5,false
nominal,9,9,教育（名目）,2006-07,2.6,false
nominal,10,10,教養娯楽（名目）,2006-07,10.8,false
nominal,11,11,その他の消費支出（名目）,2006-07,,true
nominal,12,12,消費支出（実質）,2006-07,119,false
nominal,13,13,食料（実質）,2006-07,34.7,false
nominal,14,14,住居（実質）,2006-07,8.8,false
nominal,15,15,光熱・水道（実質）,2006-07,7.7,false
nominal,16,16,家具・家事用品（実質）,2006-07,4.8,false
nominal,17,17,被服及び履物（実質）,2006-07,5.7,false
nominal,18,18,保健医療（実質）,2006-07,4.2,false
nominal,19,19,交通・通信（実質）,2006-07,16.5,false
nominal,20,20,教育（実質）,2006-07,2.2,false
nominal,21,21,教養娯楽（実質）,2006-07,11.9,false
nominal,22,22,その他の消費支出（実質）,2006-07,,true
nominal,1,1,消費支出（名目）,2006-08,98,false
nominal,2,2,食料（名目）,2006-08,24.6,false
nominal,3,3,住居（名目）,2006-08,7.1,false
nominal,4,4,光熱・水道（名目）,2006-08,6.1,false
nominal,5,5,家具・家事用品（名目）,2006-08,3.8,false
nominal,6,6,被服及び履物（名目）,2006-08,3.5,false
nominal,7,7,保健医療（名目）,2006-08,4,false
nominal,8,8,交通・通信（名目）,2006-08,15.5,false
nominal,9,9,教育（名目）,2006-08,2.4,false
nominal,10,10,教養娯楽（名目）,2006-08,11.7,false
nominal,11,11,その他の消費支出（名目）,2006-08,,true
nominal,12,12,消費支出（実質）,2006-08,118,false
nominal,13,13,食料（実質）,2006-08,35.5,false
nominal,14,14,住居（実質）,2006-08,8.4,false
nominal,15,15,光熱・水道（実質）,2006-08,8.3,false
nominal,16,16,家具・家事用品（実質）,2006-08,4.2,false
nominal,17,17,被服及び履物（実質）,2006-08,4.3,false
nominal,18,18,保健医療（実質）,2006-08,4.4,false
nominal,19,19,交通・通信（実質）,2006-08,15.3,false
nominal,20,20,教育（実質）,2006-08,2,false
nominal,21,21,教養娯楽（実質）,2006-08,12.8,false
nominal,22,22,その他の消費支出（実質）,2006-08,,true
nominal,1,1,消費支出（名目）,2006-09,93.3,false
nominal,2,2,食料（名目）,2006-09,22,false
nominal,3,3,住居（名目）,2006-09,7.1,false
nominal,4,4,光熱・水道（名目）,2006-09,6,false
nominal,5,5,家具・家事用品（名目）,2006-09,3,false
nominal,6,6,被服及び履物（名目）,2006-09,3.7,false
nominal,7,7,保健医療（名目）,2006-09,4.1,false
nominal,8,8,交通・通信（名目）,2006-09,14.5,false
nominal,9,9,教育（名目）,2006-09,5,false
nominal,10,10,教養娯楽（名目）,2006-09,10,false
nominal,11,11,その他の消費支出（名目）,2006-09,,true
nominal,12,12,消費支出（実質）,2006-09,112.2,false
nominal,13,13,食料（実質）,2006-09,31.8,false
nominal,14,14,住居（実質）,2006-09,8.4,false
nominal,15,15,光熱・水道（実質）,2006-09,8.2,false
nominal,16,16,家具・家事用品（実質）,2006-09,3.2,false
nominal,17,17,被服及び履物（実質）,2006-09,4.3,false
nominal,18,18,保健医療（実質）,2006-09,4.4,false
nominal,19,19,交通・通信（実質）,2006-09,14.4,false
nominal,20,20,教育（実質）,2006-09,4.3,false
nominal,21,21,教養娯楽（実質）,2006-09,11.1,false
nominal,22,22,その他の消費支出（実質）,2006-09,,true
nominal,1,1,消費支出（名目）,2006-10,98.8,false
nominal,2,2,食料（名目）,2006-10,22.8,false
nominal,3,3,住居（名目）,2006-10,7.5,false
nominal,4,4,光熱・水道（名目）,2006-10,5.9,false
nominal,5,5,家具・家事用品（名目）,2006-10,3.3,false
nominal,6,6,被服及び履物（名目）,2006-10,4.9,false
nominal,7,7,保健医療（名目）,2006-10,4.2,false
nominal,8,8,交通・通信（名目）,2006-10,15.1,false
nominal,9,9,教育（名目）,2006-10,5.1,false
nominal,10,10,教養娯楽（名目）,2006-10,11.3,false
nominal,11,11,その他の消費支出（名目）,2006-10,,true
nominal,12,12,消費支出（実質）,2006-10,119.2,false
nominal,13,13,食料（実質）,2006-10,33.1,false
nominal,14,14,住居（実質）,2006-10,8.8,false
nominal,15,15,光熱・水道（実質）,2006-10,8.1,false
nominal,16,16,家具・家事用品（実質）,2006-10,3.6,false
nominal,17,17,被服及び履物（実質）,2006-10,5.6,false
nominal,18,18,保健医療（実質）,2006-10,4.5,false
nominal,19,19,交通・通信（実質）,2006-10,15,false
nominal,20,20,教育（実質）,2006-10,4.3,false
nominal,21,21,教養娯楽（実質）,2006-10,12.5,false
nominal,22,22,その他の消費支出（実質）,2006-10,,true
nominal,1,1,消費支出（名目）,2006-11,95.4,false
nominal,2,2,食料（名目）,2006-11,22.2,false
nominal,3,3,住居（名目）,2006-11,7.2,false
nominal,4,4,光熱・水道（名目）,2006-11,6.2,false
nominal,5,5,家具・家事用品（名目）,2006-11,3.6,false
nominal,6,6,被服及び履物（名目）,2006-11,5.1,false
nominal,7,7,保健医療（名目）,2006-11,4.3,false
nominal,8,8,交通・通信（名目）,2006-11,15.7,false
nominal,9,9,教育（名目）,2006-11,2.7,false
nominal,10,10,教養娯楽（名目）,2006-11,10.9,false
nominal,11,11,その他の消費支出（名目）,2006-11,,true
nominal,12,12,消費支出（実質）,2006-11,115.8,false
nominal,13,13,食料（実質）,2006-11,32.6,false
nominal,14,14,住居（実質）,2006-11,8.4,false
nominal,15,15,光熱・水道（実質）,2006-11,8.5,false
nominal,16,16,家具・家事用品（実質）,2006-11,3.9,false
nominal,17,17,被服及び履物（実質）,2006-11,5.8,false
nominal,18,18,保健医療（実質）,2006-11,4.6,false
nominal,19,19,交通・通信（実質）,2006-11,15.8,false
nominal,20,20,教育（実質）,2006-11,2.3,false
nominal,21,21,教養娯楽（実質）,2006-11,12.2,false
nominal,22,22,その他の消費支出（実質）,2006-11,,true
nominal,1,1,消費支出（名目）,2006-12,114.4,false
nominal,2,2,食料（名目）,2006-12,29.9,false
nominal,3,3,住居（名目）,2006-12,9.3,false
nominal,4,4,光熱・水道（名目）,2006-12,7.4,false
nominal,5,5,家具・家事用品（名目）,2006-12,4.7,false
nominal,6,6,被服及び履物（名目）,2006-12,5.8,false
nominal,7,7,保健医療（名目）,2006-12,4.8,false
nominal,8,8,交通・通信（名目）,2006-12,16.3,false
nominal,9,9,教育（名目）,2006-12,2.7,false
nominal,10,10,教養娯楽（名目）,2006-12,13,false
nominal,11,11,その他の消費支出（名目）,2006-12,,true
nominal,12,12,消費支出（実質）,2006-12,138.8,false
nominal,13,13,食料（実質）,2006-12,43.8,false
nominal,14,14,住居（実質）,2006-12,10.9,false
nominal,15,15,光熱・水道（実質）,2006-12,10.1,false
nominal,16,16,家具・家事用品（実質）,2006-12,5.1,false
nominal,17,17,被服及び履物（実質）,2006-12,6.6,false
nominal,18,18,保健医療（実質）,2006-12,5.1,false
nominal,19,19,交通・通信（実質）,2006-12,16.4,false
nominal,20,20,教育（実質）,2006-12,2.3,false
nominal,21,21,教養娯楽（実質）,2006-12,14.6,false
nominal,22,22,その他の消費支出（実質）,2006-12,,true
nominal,1,1,消費支出（名目）,2007-01,97.6,false
nominal,2,2,食料（名目）,2007-01,21.9,false
nominal,3,3,住居（名目）,2007-01,5.8,false
nominal,4,4,光熱・水道（名目）,2007-01,8.3,false
nominal,5,5,家具・家事用品（名目）,2007-01,3,false
nominal,6,6,被服及び履物（名目）,2007-01,5.1,false
nominal,7,7,保健医療（名目）,2007-01,3.9,false
nominal,8,8,交通・通信（名目）,2007-01,14.5,false
nominal,9,9,教育（名目）,2007-01,2.7,false
nominal,10,10,教養娯楽（名目）,2007-01,10.1,false
nominal,11,11,その他の消費支出（名目）,2007-01,,true
nominal,12,12,消費支出（実質）,2007-01,118.6,false
nominal,13,13,食料（実質）,2007-01,31.7,false
nominal,14,14,住居（実質）,2007-01,6.9,false
nominal,15,15,光熱・水道（実質）,2007-01,11.3,false
nominal,16,16,家具・家事用品（実質）,2007-01,3.3,false
nominal,17,17,被服及び履物（実質）,2007-01,6.3,false
nominal,18,18,保健医療（実質）,2007-01,4.2,false
nominal,19,19,交通・通信（実質）,2007-01,14.6,false
nominal,20,20,教育（実質）,2007-01,2.3,false
nominal,21,21,教養娯楽（実質）,2007-01,11.5,false
nominal,22,22,その他の消費支出（実質）,2007-01,,true
nominal,1,1,消費支出（名目）,2007-02,91.1,false
nominal,2,2,食料（名目）,2007-02,20.5,false
nominal,3,3,住居（名目）,2007-02,6.1,false
nominal,4,4,光熱・水道（名目）,2007-02,8.2,false
nominal,5,5,家具・家事用品（名目）,2007-02,2.6,false
nominal,6,6,被服及び履物（名目）,2007-02,3.6,false
nominal,7,7,保健医療（名目）,2007-02,4,false
nominal,8,8,交通・通信（名目）,2007-02,14.8,false
nominal,9,9,教育（名目）,2007-02,3.3,false
nominal,10,10,教養娯楽（名目）,2007-02,10,false
nominal,11,11,その他の消費支出（名目）,2007-02,,true
nominal,12,12,消費支出（実質）,2007-02,111.4,false
nominal,13,13,食料（実質）,2007-02,30,false
nominal,14,14,住居（実質）,2007-02,7.2,false
nominal,15,15,光熱・水道（実質）,2007-02,11.2,false
nominal,16,16,家具・家事用品（実質）,2007-02,2.8,false
nominal,17,17,被服及び履物（実質）,2007-02,4.6,false
nominal,18,18,保健医療（実質）,2007-02,4.3,false
nominal,19,19,交通・通信（実質）,2007-02,15,false
nominal,20,20,教育（実質）,2007-02,2.8,false
nominal,21,21,教養娯楽（実質）,2007-02,11.4,false
nominal,22,22,その他の消費支出（実質）,2007-02,,true
nominal,1,1,消費支出（名目）,2007-03,105.7,false
nominal,2,2,食料（名目）,2007-03,23,false
nominal,3,3,住居（名目）,2007-03,6.9,false
nominal,4,4,光熱・水道（名目）,2007-03,7.7,false
nominal,5,5,家具・家事用品（名目）,2007-03,3.1,false
nominal,6,6,被服及び履物（名目）,2007-03,4.8,false
nominal,7,7,保健医療（名目）,2007-03,4.2,false
nominal,8,8,交通・通信（名目）,2007-03,17.9,false
nominal,9,9,教育（名目）,2007-03,4.9,false
nominal,10,10,教養娯楽（名目）,2007-03,11.2,false
nominal,11,11,その他の消費支出（名目）,2007-03,,true
nominal,12,12,消費支出（実質）,2007-03,128.8,false
nominal,13,13,食料（実質）,2007-03,33.6,false
nominal,14,14,住居（実質）,2007-03,8.1,false
nominal,15,15,光熱・水道（実質）,2007-03,10.5,false
nominal,16,16,家具・家事用品（実質）,2007-03,3.3,false
nominal,17,17,被服及び履物（実質）,2007-03,5.8,false
nominal,18,18,保健医療（実質）,2007-03,4.5,false
nominal,19,19,交通・通信（実質）,2007-03,18.3,false
nominal,20,20,教育（実質）,2007-03,4.2,false
nominal,21,21,教養娯楽（実質）,2007-03,12.7,false
nominal,22,22,その他の消費支出（実質）,2007-03,,true
nominal,1,1,消費支出（名目）,2007-04,106.5,false
nominal,2,2,食料（名目）,2007-04,22.3,false
nominal,3,3,住居（名目）,2007-04,7,false
nominal,4,4,光熱・水道（名目）,2007-04,7,false
nominal,5,5,家具・家事用品（名目）,2007-04,3.1,false
nominal,6,6,被服及び履物（名目）,2007-04,4.7,false
nominal,7,7,保健医療（名目）,2007-04,4.1,false
nominal,8,8,交通・通信（名目）,2007-04,16,false
nominal,9,9,教育（名目）,2007-04,8.8,false
nominal,10,10,教養娯楽（名目）,2007-04,11.6,false
nominal,11,11,その他の消費支出（名目）,2007-04,,true
nominal,12,12,消費支出（実質）,2007-04,129.4,false
nominal,13,13,食料（実質）,2007-04,32.5,false
nominal,14,14,住居（実質）,2007-04,8.2,false
nominal,15,15,光熱・水道（実質）,2007-04,9.7,false
nominal,16,16,家具・家事用品（実質）,2007-04,3.4,false
nominal,17,17,被服及び履物（実質）,2007-04,5.5,false
nominal,18,18,保健医療（実質）,2007-04,4.4,false
nominal,19,19,交通・通信（実質）,2007-04,16.3,false
nominal,20,20,教育（実質）,2007-04,7.4,false
nominal,21,21,教養娯楽（実質）,2007-04,13,false
nominal,22,22,その他の消費支出（実質）,2007-04,,true
nominal,1,1,消費支出（名目）,2007-05,96.1,false
nominal,2,2,食料（名目）,2007-05,23.3,false
nominal,3,3,住居（名目）,2007-05,6.8,false
nominal,4,4,光熱・水道（名目）,2007-05,6.6,false
nominal,5,5,家具・家事用品（名目）,2007-05,3.1,false
nominal,6,6,被服及び履物（名目）,2007-05,4.8,false
nominal,7,7,保健医療（名目）,2007-05,4.1,false
nominal,8,8,交通・通信（名目）,2007-05,13.8,false
nominal,9,9,教育（名目）,2007-05,3.2,false
nominal,10,10,教養娯楽（名目）,2007-05,11.4,false
nominal,11,11,その他の消費支出（名目）,2007-05,,true
nominal,12,12,消費支出（実質）,2007-05,116.2,false
nominal,13,13,食料（実質）,2007-05,33.8,false
nominal,14,14,住居（実質）,2007-05,8,false
nominal,15,15,光熱・水道（実質）,2007-05,9.1,false
nominal,16,16,家具・家事用品（実質）,2007-05,3.4,false
nominal,17,17,被服及び履物（実質）,2007-05,5.6,false
nominal,18,18,保健医療（実質）,2007-05,4.4,false
nominal,19,19,交通・通信（実質）,2007-05,14,false
nominal,20,20,教育（実質）,2007-05,2.7,false
nominal,21,21,教養娯楽（実質）,2007-05,12.8,false
nominal,22,22,その他の消費支出（実質）,2007-05,,true
nominal,1,1,消費支出（名目）,2007-06,93.9,false
nominal,2,2,食料（名目）,2007-06,22.4,false
nominal,3,3,住居（名目）,2007-06,7.4,false
nominal,4,4,光熱・水道（名目）,2007-06,5.8,false
nominal,5,5,家具・家事用品（名目）,2007-06,3.7,false
nominal,6,6,被服及び履物（名目）,2007-06,4.8,false
nominal,7,7,保健医療（名目）,2007-06,4.2,false
nominal,8,8,交通・通信（名目）,2007-06,14.3,false
nominal,9,9,教育（名目）,2007-06,2.1,false
nominal,10,10,教養娯楽（名目）,2007-06,10.5,false
nominal,11,11,その他の消費支出（名目）,2007-06,,true
nominal,12,12,消費支出（実質）,2007-06,113.8,false
nominal,13,13,食料（実質）,2007-06,32.7,false
nominal,14,14,住居（実質）,2007-06,8.8,false
nominal,15,15,光熱・水道（実質）,2007-06,7.9,false
nominal,16,16,家具・家事用品（実質）,2007-06,4,false
nominal,17,17,被服及び履物（実質）,2007-06,5.6,false
nominal,18,18,保健医療（実質）,2007-06,4.6,false
nominal,19,19,交通・通信（実質）,2007-06,14.4,false
nominal,20,20,教育（実質）,2007-06,1.8,false
nominal,21,21,教養娯楽（実質）,2007-06,11.8,false
nominal,22,22,その他の消費支出（実質）,2007-06,,true
nominal,1,1,消費支出（名目）,2007-07,97,false
nominal,2,2,食料（名目）,2007-07,23.4,false
nominal,3,3,住居（名目）,2007-07,6.9,false
nominal,4,4,光熱・水道（名目）,2007-07,5.6,false
nominal,5,5,家具・家事用品（名目）,2007-07,4.1,false
nominal,6,6,被服及び履物（名目）,2007-07,4.6,false
nominal,7,7,保健医療（名目）,2007-07,4.3,false
nominal,8,8,交通・通信（名目）,2007-07,15.8,false
nominal,9,9,教育（名目）,2007-07,2.5,false
nominal,10,10,教養娯楽（名目）,2007-07,11.2,false
nominal,11,11,その他の消費支出（名目）,2007-07,,true
nominal,12,12,消費支出（実質）,2007-07,117.9,false
nominal,13,13,食料（実質）,2007-07,34.2,false
nominal,14,14,住居（実質）,2007-07,8.1,false
nominal,15,15,光熱・水道（実質）,2007-07,7.7,false
nominal,16,16,家具・家事用品（実質）,2007-07,4.6,false
nominal,17,17,被服及び履物（実質）,2007-07,5.6,false
nominal,18,18,保健医療（実質）,2007-07,4.6,false
nominal,19,19,交通・通信（実質）,2007-07,15.8,false
nominal,20,20,教育（実質）,2007-07,2.1,false
nominal,21,21,教養娯楽（実質）,2007-07,12.6,false
nominal,22,22,その他の消費支出（実質）,2007-07,,true
nominal,1,1,消費支出（名目）,2007-08,98,false
nominal,2,2,食料（名目）,2007-08,25,false
nominal,3,3,住居（名目）,2007-08,6.5,false
nominal,4,4,光熱・水道（名目）,2007-08,5.9,false
nominal,5,5,家具・家事用品（名目）,2007-08,4,false
nominal,6,6,被服及び履物（名目）,2007-08,3.5,false
nominal,7,7,保健医療（名目）,2007-08,4.1,false
nominal,8,8,交通・通信（名目）,2007-08,14.9,false
nominal,9,9,教育（名目）,2007-08,2.4,false
nominal,10,10,教養娯楽（名目）,2007-08,12.4,false
nominal,11,11,その他の消費支出（名目）,2007-08,,true
nominal,12,12,消費支出（実質）,2007-08,118.3,false
nominal,13,13,食料（実質）,2007-08,36.1,false
nominal,14,14,住居（実質）,2007-08,7.6,false
nominal,15,15,光熱・水道（実質）,2007-08,8,false
nominal,16,16,家具・家事用品（実質）,2007-08,4.4,false
nominal,17,17,被服及び履物（実質）,2007-08,4.3,false
nominal,18,18,保健医療（実質）,2007-08,4.4,false
nominal,19,19,交通・通信（実質）,2007-08,14.8,false
nominal,20,20,教育（実質）,2007-08,2,false
nominal,21,21,教養娯楽（実質）,2007-08,13.7,false
nominal,22,22,その他の消費支出（実質）,2007-08,,true
nominal,1,1,消費支出（名目）,2007-09,94.7,false
nominal,2,2,食料（名目）,2007-09,22.7,false
nominal,3,3,住居（名目）,2007-09,6.5,false
nominal,4,4,光熱・水道（名目）,2007-09,6,false
nominal,5,5,家具・家事用品（名目）,2007-09,3.1,false
nominal,6,6,被服及び履物（名目）,2007-09,3.5,false
nominal,7,7,保健医療（名目）,2007-09,4.1,false
nominal,8,8,交通・通信（名目）,2007-09,14.9,false
nominal,9,9,教育（名目）,2007-09,4.9,false
nominal,10,10,教養娯楽（名目）,2007-09,10.4,false
nominal,11,11,その他の消費支出（名目）,2007-09,,true
nominal,12,12,消費支出（実質）,2007-09,114.2,false
nominal,13,13,食料（実質）,2007-09,32.8,false
nominal,14,14,住居（実質）,2007-09,7.6,false
nominal,15,15,光熱・水道（実質）,2007-09,8.2,false
nominal,16,16,家具・家事用品（実質）,2007-09,3.4,false
nominal,17,17,被服及び履物（実質）,2007-09,4,false
nominal,18,18,保健医療（実質）,2007-09,4.4,false
nominal,19,19,交通・通信（実質）,2007-09,14.9,false
nominal,20,20,教育（実質）,2007-09,4.2,false
nominal,21,21,教養娯楽（実質）,2007-09,11.6,false
nominal,22,22,その他の消費支出（実質）,2007-09,,true
nominal,1,1,消費支出（名目）,2007-10,99.5,false
nominal,2,2,食料（名目）,2007-10,22.6,false
nominal,3,3,住居（名目）,2007-10,6.7,false
nominal,4,4,光熱・水道（名目）,2007-10,6.1,false
nominal,5,5,家具・家事用品（名目）,2007-10,3.2,false
nominal,6,6,被服及び履物（名目）,2007-10,4.8,false
nominal,7,7,保健医療（名目）,2007-10,4.2,false
nominal,8,8,交通・通信（名目）,2007-10,15.9,false
nominal,9,9,教育（名目）,2007-10,5.2,false
nominal,10,10,教養娯楽（名目）,2007-10,10.8,false
nominal,11,11,その他の消費支出（名目）,2007-10,,true
nominal,12,12,消費支出（実質）,2007-10,119.7,false
nominal,13,13,食料（実質）,2007-10,32.6,false
nominal,14,14,住居（実質）,2007-10,8,false
nominal,15,15,光熱・水道（実質）,2007-10,8.3,false
nominal,16,16,家具・家事用品（実質）,2007-10,3.6,false
nominal,17,17,被服及び履物（実質）,2007-10,5.5,false
nominal,18,18,保健医療（実質）,2007-10,4.5,false
nominal,19,19,交通・通信（実質）,2007-10,15.8,false
nominal,20,20,教育（実質）,2007-10,4.4,false
nominal,21,21,教養娯楽（実質）,2007-10,12.1,false
nominal,22,22,その他の消費支出（実質）,2007-10,,true
nominal,1,1,消費支出（名目）,2007-11,95.4,false
nominal,2,2,食料（名目）,2007-11,22.3,false
nominal,3,3,住居（名目）,2007-11,6.6,false
nominal,4,4,光熱・水道（名目）,2007-11,6.3,false
nominal,5,5,家具・家事用品（名目）,2007-11,3.5,false
nominal,6,6,被服及び履物（名目）,2007-11,5,false
nominal,7,7,保健医療（名目）,2007-11,4.5,false
nominal,8,8,交通・通信（名目）,2007-11,14.8,false
nominal,9,9,教育（名目）,2007-11,2.9,false
nominal,10,10,教養娯楽（名目）,2007-11,10.8,false
nominal,11,11,その他の消費支出（名目）,2007-11,,true
nominal,12,12,消費支出（実質）,2007-11,115.1,false
nominal,13,13,食料（実質）,2007-11,32.5,false
nominal,14,14,住居（実質）,2007-11,7.7,false
nominal,15,15,光熱・水道（実質）,2007-11,8.4,false
nominal,16,16,家具・家事用品（実質）,2007-11,3.9,false
nominal,17,17,被服及び履物（実質）,2007-11,5.7,false
nominal,18,18,保健医療（実質）,2007-11,4.9,false
nominal,19,19,交通・通信（実質）,2007-11,14.7,false
nominal,20,20,教育（実質）,2007-11,2.4,false
nominal,21,21,教養娯楽（実質）,2007-11,12.2,false
nominal,22,22,その他の消費支出（実質）,2007-11,,true
nominal,1,1,消費支出（名目）,2007-12,115.2,false
nominal,2,2,食料（名目）,2007-12,30.3,false
nominal,3,3,住居（名目）,2007-12,8.3,false
nominal,4,4,光熱・水道（名目）,2007-12,7.5,false
nominal,5,5,家具・家事用品（名目）,2007-12,4.8,false
nominal,6,6,被服及び履物（名目）,2007-12,5.3,false
nominal,7,7,保健医療（名目）,2007-12,4.5,false
nominal,8,8,交通・通信（名目）,2007-12,15.9,false
nominal,9,9,教育（名目）,2007-12,2.7,false
nominal,10,10,教養娯楽（名目）,2007-12,13.7,false
nominal,11,11,その他の消費支出（名目）,2007-12,,true
nominal,12,12,消費支出（実質）,2007-12,138.5,false
nominal,13,13,食料（実質）,2007-12,43.9,false
nominal,14,14,住居（実質）,2007-12,9.8,false
nominal,15,15,光熱・水道（実質）,2007-12,9.9,false
nominal,16,16,家具・家事用品（実質）,2007-12,5.3,false
nominal,17,17,被服及び履物（実質）,2007-12,6.1,false
nominal,18,18,保健医療（実質）,2007-12,4.9,false
nominal,19,19,交通・通信（実質）,2007-12,15.6,false
nominal,20,20,教育（実質）,2007-12,2.3,false
nominal,21,21,教養娯楽（実質）,2007-12,15.4,false
nominal,22,22,その他の消費支出（実質）,2007-12,,true
nominal,1,1,消費支出（名目）,2008-01,100.7,false
nominal,2,2,食料（名目）,2008-01,21.4,false
nominal,3,3,住居（名目）,2008-01,6.2,false
nominal,4,4,光熱・水道（名目）,2008-01,8.8,false
nominal,5,5,家具・家事用品（名目）,2008-01,2.9,false
nominal,6,6,被服及び履物（名目）,2008-01,4.9,false
nominal,7,7,保健医療（名目）,2008-01,3.9,false
nominal,8,8,交通・通信（名目）,2008-01,15.9,false
nominal,9,9,教育（名目）,2008-01,2.9,false
nominal,10,10,教養娯楽（名目）,2008-01,10.3,false
nominal,11,11,その他の消費支出（名目）,2008-01,,true
nominal,12,12,消費支出（実質）,2008-01,121.3,false
nominal,13,13,食料（実質）,2008-01,30.9,false
nominal,14,14,住居（実質）,2008-01,7.3,false
nominal,15,15,光熱・水道（実質）,2008-01,11.6,false
nominal,16,16,家具・家事用品（実質）,2008-01,3.2,false
nominal,17,17,被服及び履物（実質）,2008-01,6,false
nominal,18,18,保健医療（実質）,2008-01,4.3,false
nominal,19,19,交通・通信（実質）,2008-01,15.6,false
nominal,20,20,教育（実質）,2008-01,2.5,false
nominal,21,21,教養娯楽（実質）,2008-01,11.7,false
nominal,22,22,その他の消費支出（実質）,2008-01,,true
nominal,1,1,消費支出（名目）,2008-02,92.1,false
nominal,2,2,食料（名目）,2008-02,21.1,false
nominal,3,3,住居（名目）,2008-02,5.7,false
nominal,4,4,光熱・水道（名目）,2008-02,9.4,false
nominal,5,5,家具・家事用品（名目）,2008-02,2.8,false
nominal,6,6,被服及び履物（名目）,2008-02,3.6,false
nominal,7,7,保健医療（名目）,2008-02,4.1,false
nominal,8,8,交通・通信（名目）,2008-02,14,false
nominal,9,9,教育（名目）,2008-02,3.4,false
nominal,10,10,教養娯楽（名目）,2008-02,9.9,false
nominal,11,11,その他の消費支出（名目）,2008-02,,true
nominal,12,12,消費支出（実質）,2008-02,111.4,false
nominal,13,13,食料（実質）,2008-02,30.4,false
nominal,14,14,住居（実質）,2008-02,6.7,false
nominal,15,15,光熱・水道（実質）,2008-02,12.3,false
nominal,16,16,家具・家事用品（実質）,2008-02,3.1,false
nominal,17,17,被服及び履物（実質）,2008-02,4.6,false
nominal,18,18,保健医療（実質）,2008-02,4.4,false
nominal,19,19,交通・通信（実質）,2008-02,13.9,false
nominal,20,20,教育（実質）,2008-02,2.9,false
nominal,21,21,教養娯楽（実質）,2008-02,11.4,false
nominal,22,22,その他の消費支出（実質）,2008-02,,true
nominal,1,1,消費支出（名目）,2008-03,107.3,false
nominal,2,2,食料（名目）,2008-03,23.2,false
nominal,3,3,住居（名目）,2008-03,6.2,false
nominal,4,4,光熱・水道（名目）,2008-03,8.5,false
nominal,5,5,家具・家事用品（名目）,2008-03,3.2,false
nominal,6,6,被服及び履物（名目）,2008-03,5,false
nominal,7,7,保健医療（名目）,2008-03,4.2,false
nominal,8,8,交通・通信（名目）,2008-03,17.6,false
nominal,9,9,教育（名目）,2008-03,5.3,false
nominal,10,10,教養娯楽（名目）,2008-03,11.5,false
nominal,11,11,その他の消費支出（名目）,2008-03,,true
nominal,12,12,消費支出（実質）,2008-03,129,false
nominal,13,13,食料（実質）,2008-03,33.3,false
nominal,14,14,住居（実質）,2008-03,7.3,false
nominal,15,15,光熱・水道（実質）,2008-03,11.2,false
nominal,16,16,家具・家事用品（実質）,2008-03,3.5,false
nominal,17,17,被服及び履物（実質）,2008-03,6,false
nominal,18,18,保健医療（実質）,2008-03,4.6,false
nominal,19,19,交通・通信（実質）,2008-03,17.3,false
nominal,20,20,教育（実質）,2008-03,4.5,false
nominal,21,21,教養娯楽（実質）,2008-03,13,false
nominal,22,22,その他の消費支出（実質）,2008-03,,true
nominal,1,1,消費支出（名目）,2008-04,105.1,false
nominal,2,2,食料（名目）,2008-04,22,false
nominal,3,3,住居（名目）,2008-04,6.5,false
nominal,4,4,光熱・水道（名目）,2008-04,7.4,false
nominal,5,5,家具・家事用品（名目）,2008-04,3,false
nominal,6,6,被服及び履物（名目）,2008-04,4.5,false
nominal,7,7,保健医療（名目）,2008-04,3.9,false
nominal,8,8,交通・通信（名目）,2008-04,16.5,false
nominal,9,9,教育（名目）,2008-04,8.8,false
nominal,10,10,教養娯楽（名目）,2008-04,11.4,false
nominal,11,11,その他の消費支出（名目）,2008-04,,true
nominal,12,12,消費支出（実質）,2008-04,126.4,false
nominal,13,13,食料（実質）,2008-04,31.4,false
nominal,14,14,住居（実質）,2008-04,7.6,false
nominal,15,15,光熱・水道（実質）,2008-04,9.6,false
nominal,16,16,家具・家事用品（実質）,2008-04,3.3,false
nominal,17,17,被服及び履物（実質）,2008-04,5.3,false
nominal,18,18,保健医療（実質）,2008-04,4.3,false
nominal,19,19,交通・通信（実質）,2008-04,16.8,false
nominal,20,20,教育（実質）,2008-04,7.4,false
nominal,21,21,教養娯楽（実質）,2008-04,12.9,false
nominal,22,22,その他の消費支出（実質）,2008-04,,true
nominal,1,1,消費支出（名目）,2008-05,95.7,false
nominal,2,2,食料（名目）,2008-05,23.4,false
nominal,3,3,住居（名目）,2008-05,6.9,false
nominal,4,4,光熱・水道（名目）,2008-05,6.6,false
nominal,5,5,家具・家事用品（名目）,2008-05,3.1,false
nominal,6,6,被服及び履物（名目）,2008-05,4.6,false
nominal,7,7,保健医療（名目）,2008-05,3.9,false
nominal,8,8,交通・通信（名目）,2008-05,14.4,false
nominal,9,9,教育（名目）,2008-05,3.4,false
nominal,10,10,教養娯楽（名目）,2008-05,11,false
nominal,11,11,その他の消費支出（名目）,2008-05,,true
nominal,12,12,消費支出（実質）,2008-05,114.1,false
nominal,13,13,食料（実質）,2008-05,33.2,false
nominal,14,14,住居（実質）,2008-05,8.1,false
nominal,15,15,光熱・水道（実質）,2008-05,8.5,false
nominal,16,16,家具・家事用品（実質）,2008-05,3.4,false
nominal,17,17,被服及び履物（実質）,2008-05,5.3,false
nominal,18,18,保健医療（実質）,2008-05,4.2,false
nominal,19,19,交通・通信（実質）,2008-05,14.1,false
nominal,20,20,教育（実質）,2008-05,2.8,false
nominal,21,21,教養娯楽（実質）,2008-05,12.5,false
nominal,22,22,その他の消費支出（実質）,2008-05,,true
nominal,1,1,消費支出（名目）,2008-06,93.9,false
nominal,2,2,食料（名目）,2008-06,22.4,false
nominal,3,3,住居（名目）,2008-06,7.6,false
nominal,4,4,光熱・水道（名目）,2008-06,6.2,false
nominal,5,5,家具・家事用品（名目）,2008-06,3.9,false
nominal,6,6,被服及び履物（名目）,2008-06,4.3,false
nominal,7,7,保健医療（名目）,2008-06,3.9,false
nominal,8,8,交通・通信（名目）,2008-06,14.7,false
nominal,9,9,教育（名目）,2008-06,2.4,false
nominal,10,10,教養娯楽（名目）,2008-06,10.7,false
nominal,11,11,その他の消費支出（名目）,2008-06,,true
nominal,12,12,消費支出（実質）,2008-06,111.3,false
nominal,13,13,食料（実質）,2008-06,31.6,false
nominal,14,14,住居（実質）,2008-06,8.9,false
nominal,15,15,光熱・水道（実質）,2008-06,7.9,false
nominal,16,16,家具・家事用品（実質）,2008-06,4.3,false
nominal,17,17,被服及び履物（実質）,2008-06,4.9,false
nominal,18,18,保健医療（実質）,2008-06,4.3,false
nominal,19,19,交通・通信（実質）,2008-06,14.1,false
nominal,20,20,教育（実質）,2008-06,2,false
nominal,21,21,教養娯楽（実質）,2008-06,12.1,false
nominal,22,22,その他の消費支出（実質）,2008-06,,true
nominal,1,1,消費支出（名目）,2008-07,99.2,false
nominal,2,2,食料（名目）,2008-07,23.6,false
nominal,3,3,住居（名目）,2008-07,7.8,false
nominal,4,4,光熱・水道（名目）,2008-07,5.8,false
nominal,5,5,家具・家事用品（名目）,2008-07,4.8,false
nominal,6,6,被服及び履物（名目）,2008-07,4.7,false
nominal,7,7,保健医療（名目）,2008-07,4.3,false
nominal,8,8,交通・通信（名目）,2008-07,16.5,false
nominal,9,9,教育（名目）,2008-07,2.6,false
nominal,10,10,教養娯楽（名目）,2008-07,11.1,false
nominal,11,11,その他の消費支出（名目）,2008-07,,true
nominal,12,12,消費支出（実質）,2008-07,117.3,false
nominal,13,13,食料（実質）,2008-07,33.3,false
nominal,14,14,住居（実質）,2008-07,9.2,false
nominal,15,15,光熱・水道（実質）,2008-07,7.2,false
nominal,16,16,家具・家事用品（実質）,2008-07,5.3,false
nominal,17,17,被服及び履物（実質）,2008-07,5.7,false
nominal,18,18,保健医療（実質）,2008-07,4.6,false
nominal,19,19,交通・通信（実質）,2008-07,15.7,false
nominal,20,20,教育（実質）,2008-07,2.2,false
nominal,21,21,教養娯楽（実質）,2008-07,12.5,false
nominal,22,22,その他の消費支出（実質）,2008-07,,true
nominal,1,1,消費支出（名目）,2008-08,97.4,false
nominal,2,2,食料（名目）,2008-08,25,false
nominal,3,3,住居（名目）,2008-08,6.7,false
nominal,4,4,光熱・水道（名目）,2008-08,6.3,false
nominal,5,5,家具・家事用品（名目）,2008-08,3.8,false
nominal,6,6,被服及び履物（名目）,2008-08,3.4,false
nominal,7,7,保健医療（名目）,2008-08,4,false
nominal,8,8,交通・通信（名目）,2008-08,15.3,false
nominal,9,9,教育（名目）,2008-08,2.4,false
nominal,10,10,教養娯楽（名目）,2008-08,12.2,false
nominal,11,11,その他の消費支出（名目）,2008-08,,true
nominal,12,12,消費支出（実質）,2008-08,114.7,false
nominal,13,13,食料（実質）,2008-08,35.1,false
nominal,14,14,住居（実質）,2008-08,7.8,false
nominal,15,15,光熱・水道（実質）,2008-08,7.8,false
nominal,16,16,家具・家事用品（実質）,2008-08,4.2,false
nominal,17,17,被服及び履物（実質）,2008-08,4.2,false
nominal,18,18,保健医療（実質）,2008-08,4.3,false
nominal,19,19,交通・通信（実質）,2008-08,14.4,false
nominal,20,20,教育（実質）,2008-08,2,false
nominal,21,21,教養娯楽（実質）,2008-08,13.5,false
nominal,22,22,その他の消費支出（実質）,2008-08,,true
nominal,1,1,消費支出（名目）,2008-09,94.7,false
nominal,2,2,食料（名目）,2008-09,22.4,false
nominal,3,3,住居（名目）,2008-09,6.9,false
nominal,4,4,光熱・水道（名目）,2008-09,6.2,false
nominal,5,5,家具・家事用品（名目）,2008-09,3.3,false
nominal,6,6,被服及び履物（名目）,2008-09,3.6,false
nominal,7,7,保健医療（名目）,2008-09,4,false
nominal,8,8,交通・通信（名目）,2008-09,14.9,false
nominal,9,9,教育（名目）,2008-09,5.2,false
nominal,10,10,教養娯楽（名目）,2008-09,10.6,false
nominal,11,11,その他の消費支出（名目）,2008-09,,true
nominal,12,12,消費支出（実質）,2008-09,111.5,false
nominal,13,13,食料（実質）,2008-09,31.4,false
nominal,14,14,住居（実質）,2008-09,8.1,false
nominal,15,15,光熱・水道（実質）,2008-09,7.7,false
nominal,16,16,家具・家事用品（実質）,2008-09,3.6,false
nominal,17,17,被服及び履物（実質）,2008-09,4.1,false
nominal,18,18,保健医療（実質）,2008-09,4.3,false
nominal,19,19,交通・通信（実質）,2008-09,14.4,false
nominal,20,20,教育（実質）,2008-09,4.4,false
nominal,21,21,教養娯楽（実質）,2008-09,11.9,false
nominal,22,22,その他の消費支出（実質）,2008-09,,true
nominal,1,1,消費支出（名目）,2008-10,97.4,false
nominal,2,2,食料（名目）,2008-10,23,false
nominal,3,3,住居（名目）,2008-10,7.4,false
nominal,4,4,光熱・水道（名目）,2008-10,6,false
nominal,5,5,家具・家事用品（名目）,2008-10,3.3,false
nominal,6,6,被服及び履物（名目）,2008-10,4.5,false
nominal,7,7,保健医療（名目）,2008-10,4.1,false
nominal,8,8,交通・通信（名目）,2008-10,14.9,false
nominal,9,9,教育（名目）,2008-10,5.4,false
nominal,10,10,教養娯楽（名目）,2008-10,10.7,false
nominal,11,11,その他の消費支出（名目）,2008-10,,true
nominal,12,12,消費支出（実質）,2008-10,114.9,false
nominal,13,13,食料（実質）,2008-10,32.1,false
nominal,14,14,住居（実質）,2008-10,8.6,false
nominal,15,15,光熱・水道（実質）,2008-10,7.6,false
nominal,16,16,家具・家事用品（実質）,2008-10,3.6,false
nominal,17,17,被服及び履物（実質）,2008-10,5.1,false
nominal,18,18,保健医療（実質）,2008-10,4.4,false
nominal,19,19,交通・通信（実質）,2008-10,14.6,false
nominal,20,20,教育（実質）,2008-10,4.6,false
nominal,21,21,教養娯楽（実質）,2008-10,12.1,false
nominal,22,22,その他の消費支出（実質）,2008-10,,true
nominal,1,1,消費支出（名目）,2008-11,94.5,false
nominal,2,2,食料（名目）,2008-11,23.1,false
nominal,3,3,住居（名目）,2008-11,7.3,false
nominal,4,4,光熱・水道（名目）,2008-11,6.3,false
nominal,5,5,家具・家事用品（名目）,2008-11,3.5,false
nominal,6,6,被服及び履物（名目）,2008-11,5,false
nominal,7,7,保健医療（名目）,2008-11,4.4,false
nominal,8,8,交通・通信（名目）,2008-11,14.1,false
nominal,9,9,教育（名目）,2008-11,2.7,false
nominal,10,10,教養娯楽（名目）,2008-11,10.9,false
nominal,11,11,その他の消費支出（名目）,2008-11,,true
nominal,12,12,消費支出（実質）,2008-11,112.6,false
nominal,13,13,食料（実質）,2008-11,32.5,false
nominal,14,14,住居（実質）,2008-11,8.5,false
nominal,15,15,光熱・水道（実質）,2008-11,8.1,false
nominal,16,16,家具・家事用品（実質）,2008-11,3.9,false
nominal,17,17,被服及び履物（実質）,2008-11,5.7,false
nominal,18,18,保健医療（実質）,2008-11,4.8,false
nominal,19,19,交通・通信（実質）,2008-11,14.3,false
nominal,20,20,教育（実質）,2008-11,2.3,false
nominal,21,21,教養娯楽（実質）,2008-11,12.4,false
nominal,22,22,その他の消費支出（実質）,2008-11,,true
nominal,1,1,消費支出（名目）,2008-12,111.3,false
nominal,2,2,食料（名目）,2008-12,30.1,false
nominal,3,3,住居（名目）,2008-12,8.2,false
nominal,4,4,光熱・水道（名目）,2008-12,7.4,false
nominal,5,5,家具・家事用品（名目）,2008-12,4.5,false
nominal,6,6,被服及び履物（名目）,2008-12,4.9,false
nominal,7,7,保健医療（名目）,2008-12,4.5,false
nominal,8,8,交通・通信（名目）,2008-12,14.8,false
nominal,9,9,教育（名目）,2008-12,2.8,false
nominal,10,10,教養娯楽（名目）,2008-12,13.2,false
nominal,11,11,その他の消費支出（名目）,2008-12,,true
nominal,12,12,消費支出（実質）,2008-12,133.3,false
nominal,13,13,食料（実質）,2008-12,42.2,false
nominal,14,14,住居（実質）,2008-12,9.6,false
nominal,15,15,光熱・水道（実質）,2008-12,9.6,false
nominal,16,16,家具・家事用品（実質）,2008-12,5,false
nominal,17,17,被服及び履物（実質）,2008-12,5.6,false
nominal,18,18,保健医療（実質）,2008-12,4.9,false
nominal,19,19,交通・通信（実質）,2008-12,15.3,false
nominal,20,20,教育（実質）,2008-12,2.3,false
nominal,21,21,教養娯楽（実質）,2008-12,15,false
nominal,22,22,その他の消費支出（実質）,2008-12,,true
nominal,1,1,消費支出（名目）,2009-01,93.8,false
nominal,2,2,食料（名目）,2009-01,21.6,false
nominal,3,3,住居（名目）,2009-01,5.8,false
nominal,4,4,光熱・水道（名目）,2009-01,8.5,false
nominal,5,5,家具・家事用品（名目）,2009-01,3,false
nominal,6,6,被服及び履物（名目）,2009-01,4.7,false
nominal,7,7,保健医療（名目）,2009-01,3.9,false
nominal,8,8,交通・通信（名目）,2009-01,12.4,false
nominal,9,9,教育（名目）,2009-01,2.9,false
nominal,10,10,教養娯楽（名目）,2009-01,10.1,false
nominal,11,11,その他の消費支出（名目）,2009-01,,true
nominal,12,12,消費支出（実質）,2009-01,113,false
nominal,13,13,食料（実質）,2009-01,30.2,false
nominal,14,14,住居（実質）,2009-01,6.8,false
nominal,15,15,光熱・水道（実質）,2009-01,10.9,false
nominal,16,16,家具・家事用品（実質）,2009-01,3.3,false
nominal,17,17,被服及び履物（実質）,2009-01,5.8,false
nominal,18,18,保健医療（実質）,2009-01,4.2,false
nominal,19,19,交通・通信（実質）,2009-01,13.1,false
nominal,20,20,教育（実質）,2009-01,2.4,false
nominal,21,21,教養娯楽（実質）,2009-01,11.6,false
nominal,22,22,その他の消費支出（実質）,2009-01,,true
nominal,1,1,消費支出（名目）,2009-02,87.6,false
nominal,2,2,食料（名目）,2009-02,20.3,false
nominal,3,3,住居（名目）,2009-02,6.1,false
nominal,4,4,光熱・水道（名目）,2009-02,8.7,false
nominal,5,5,家具・家事用品（名目）,2009-02,2.4,false
nominal,6,6,被服及び履物（名目）,2009-02,3.2,false
nominal,7,7,保健医療（名目）,2009-02,3.9,false
nominal,8,8,交通・通信（名目）,2009-02,13.9,false
nominal,9,9,教育（名目）,2009-02,3.3,false
nominal,10,10,教養娯楽（名目）,2009-02,9.5,false
nominal,11,11,その他の消費支出（名目）,2009-02,,true
nominal,12,12,消費支出（実質）,2009-02,105.9,false
nominal,13,13,食料（実質）,2009-02,28.6,false
nominal,14,14,住居（実質）,2009-02,7.1,false
nominal,15,15,光熱・水道（実質）,2009-02,11.2,false
nominal,16,16,家具・家事用品（実質）,2009-02,2.6,false
nominal,17,17,被服及び履物（実質）,2009-02,4,false
nominal,18,18,保健医療（実質）,2009-02,4.2,false
nominal,19,19,交通・通信（実質）,2009-02,14.5,false
nominal,20,20,教育（実質）,2009-02,2.8,false
nominal,21,21,教養娯楽（実質）,2009-02,11,false
nominal,22,22,その他の消費支出（実質）,2009-02,,true
nominal,1,1,消費支出（名目）,2009-03,104.7,false
nominal,2,2,食料（名目）,2009-03,22.8,false
nominal,3,3,住居（名目）,2009-03,6.6,false
nominal,4,4,光熱・水道（名目）,2009-03,8.3,false
nominal,5,5,家具・家事用品（名目）,2009-03,3.2,false
nominal,6,6,被服及び履物（名目）,2009-03,4.5,false
nominal,7,7,保健医療（名目）,2009-03,4.3,false
nominal,8,8,交通・通信（名目）,2009-03,16.8,false
nominal,9,9,教育（名目）,2009-03,5,false
nominal,10,10,教養娯楽（名目）,2009-03,11.4,false
nominal,11,11,その他の消費支出（名目）,2009-03,,true
nominal,12,12,消費支出（実質）,2009-03,126.1,false
nominal,13,13,食料（実質）,2009-03,32,false
nominal,14,14,住居（実質）,2009-03,7.7,false
nominal,15,15,光熱・水道（実質）,2009-03,10.8,false
nominal,16,16,家具・家事用品（実質）,2009-03,3.5,false
nominal,17,17,被服及び履物（実質）,2009-03,5.5,false
nominal,18,18,保健医療（実質）,2009-03,4.6,false
nominal,19,19,交通・通信（実質）,2009-03,17.5,false
nominal,20,20,教育（実質）,2009-03,4.2,false
nominal,21,21,教養娯楽（実質）,2009-03,13.1,false
nominal,22,22,その他の消費支出（実質）,2009-03,,true
nominal,1,1,消費支出（名目）,2009-04,103.4,false
nominal,2,2,食料（名目）,2009-04,21.9,false
nominal,3,3,住居（名目）,2009-04,6.8,false
nominal,4,4,光熱・水道（名目）,2009-04,7.5,false
nominal,5,5,家具・家事用品（名目）,2009-04,3,false
nominal,6,6,被服及び履物（名目）,2009-04,4.4,false
nominal,7,7,保健医療（名目）,2009-04,3.9,false
nominal,8,8,交通・通信（名目）,2009-04,14.9,false
nominal,9,9,教育（名目）,2009-04,9,false
nominal,10,10,教養娯楽（名目）,2009-04,11.5,false
nominal,11,11,その他の消費支出（名目）,2009-04,,true
nominal,12,12,消費支出（実質）,2009-04,124.5,false
nominal,13,13,食料（実質）,2009-04,30.8,false
nominal,14,14,住居（実質）,2009-04,8,false
nominal,15,15,光熱・水道（実質）,2009-04,9.7,false
nominal,16,16,家具・家事用品（実質）,2009-04,3.3,false
nominal,17,17,被服及び履物（実質）,2009-04,5.1,false
nominal,18,18,保健医療（実質）,2009-04,4.3,false
nominal,19,19,交通・通信（実質）,2009-04,15.5,false
nominal,20,20,教育（実質）,2009-04,7.6,false
nominal,21,21,教養娯楽（実質）,2009-04,13.3,false
nominal,22,22,その他の消費支出（実質）,2009-04,,true
nominal,1,1,消費支出（名目）,2009-05,94.6,false
nominal,2,2,食料（名目）,2009-05,23.9,false
nominal,3,3,住居（名目）,2009-05,6.9,false
nominal,4,4,光熱・水道（名目）,2009-05,6.4,false
nominal,5,5,家具・家事用品（名目）,2009-05,3.3,false
nominal,6,6,被服及び履物（名目）,2009-05,4.4,false
nominal,7,7,保健医療（名目）,2009-05,4,false
nominal,8,8,交通・通信（名目）,2009-05,13.5,false
nominal,9,9,教育（名目）,2009-05,3.2,false
nominal,10,10,教養娯楽（名目）,2009-05,11.1,false
nominal,11,11,その他の消費支出（名目）,2009-05,,true
nominal,12,12,消費支出（実質）,2009-05,114.1,false
nominal,13,13,食料（実質）,2009-05,33.5,false
nominal,14,14,住居（実質）,2009-05,8.1,false
nominal,15,15,光熱・水道（実質）,2009-05,8.6,false
nominal,16,16,家具・家事用品（実質）,2009-05,3.7,false
nominal,17,17,被服及び履物（実質）,2009-05,5.1,false
nominal,18,18,保健医療（実質）,2009-05,4.3,false
nominal,19,19,交通・通信（実質）,2009-05,14,false
nominal,20,20,教育（実質）,2009-05,2.7,false
nominal,21,21,教養娯楽（実質）,2009-05,12.9,false
nominal,22,22,その他の消費支出（実質）,2009-05,,true
nominal,1,1,消費支出（名目）,2009-06,92.4,false
nominal,2,2,食料（名目）,2009-06,22.3,false
nominal,3,3,住居（名目）,2009-06,7.3,false
nominal,4,4,光熱・水道（名目）,2009-06,5.9,false
nominal,5,5,家具・家事用品（名目）,2009-06,3.7,false
nominal,6,6,被服及び履物（名目）,2009-06,4.2,false
nominal,7,7,保健医療（名目）,2009-06,4.3,false
nominal,8,8,交通・通信（名目）,2009-06,14.9,false
nominal,9,9,教育（名目）,2009-06,2.2,false
nominal,10,10,教養娯楽（名目）,2009-06,10.6,false
nominal,11,11,その他の消費支出（名目）,2009-06,,true
nominal,12,12,消費支出（実質）,2009-06,111.7,false
nominal,13,13,食料（実質）,2009-06,31.5,false
nominal,14,14,住居（実質）,2009-06,8.6,false
nominal,15,15,光熱・水道（実質）,2009-06,8,false
nominal,16,16,家具・家事用品（実質）,2009-06,4.2,false
nominal,17,17,被服及び履物（実質）,2009-06,4.9,false
nominal,18,18,保健医療（実質）,2009-06,4.6,false
nominal,19,19,交通・通信（実質）,2009-06,15.4,false
nominal,20,20,教育（実質）,2009-06,1.8,false
nominal,21,21,教養娯楽（実質）,2009-06,12.3,false
nominal,22,22,その他の消費支出（実質）,2009-06,,true
nominal,1,1,消費支出（名目）,2009-07,96.8,false
nominal,2,2,食料（名目）,2009-07,23.2,false
nominal,3,3,住居（名目）,2009-07,7.3,false
nominal,4,4,光熱・水道（名目）,2009-07,5.5,false
nominal,5,5,家具・家事用品（名目）,2009-07,4.5,false
nominal,6,6,被服及び履物（名目）,2009-07,4.1,false
nominal,7,7,保健医療（名目）,2009-07,4.3,false
nominal,8,8,交通・通信（名目）,2009-07,16.4,false
nominal,9,9,教育（名目）,2009-07,2.6,false
nominal,10,10,教養娯楽（名目）,2009-07,11.2,false
nominal,11,11,その他の消費支出（名目）,2009-07,,true
nominal,12,12,消費支出（実質）,2009-07,117.5,false
nominal,13,13,食料（実質）,2009-07,33,false
nominal,14,14,住居（実質）,2009-07,8.5,false
nominal,15,15,光熱・水道（実質）,2009-07,7.4,false
nominal,16,16,家具・家事用品（実質）,2009-07,5.1,false
nominal,17,17,被服及び履物（実質）,2009-07,5,false
nominal,18,18,保健医療（実質）,2009-07,4.6,false
nominal,19,19,交通・通信（実質）,2009-07,16.9,false
nominal,20,20,教育（実質）,2009-07,2.2,false
nominal,21,21,教養娯楽（実質）,2009-07,12.9,false
nominal,22,22,その他の消費支出（実質）,2009-07,,true
nominal,1,1,消費支出（名目）,2009-08,96.8,false
nominal,2,2,食料（名目）,2009-08,24.8,false
nominal,3,3,住居（名目）,2009-08,6.8,false
nominal,4,4,光熱・水道（名目）,2009-08,5.9,false
nominal,5,5,家具・家事用品（名目）,2009-08,4,false
nominal,6,6,被服及び履物（名目）,2009-08,3.1,false
nominal,7,7,保健医療（名目）,2009-08,4.3,false
nominal,8,8,交通・通信（名目）,2009-08,15.1,false
nominal,9,9,教育（名目）,2009-08,2.2,false
nominal,10,10,教養娯楽（名目）,2009-08,12.5,false
nominal,11,11,その他の消費支出（名目）,2009-08,,true
nominal,12,12,消費支出（実質）,2009-08,117.1,false
nominal,13,13,食料（実質）,2009-08,34.9,false
nominal,14,14,住居（実質）,2009-08,8,false
nominal,15,15,光熱・水道（実質）,2009-08,8.1,false
nominal,16,16,家具・家事用品（実質）,2009-08,4.5,false
nominal,17,17,被服及び履物（実質）,2009-08,3.8,false
nominal,18,18,保健医療（実質）,2009-08,4.6,false
nominal,19,19,交通・通信（実質）,2009-08,15.5,false
nominal,20,20,教育（実質）,2009-08,1.9,false
nominal,21,21,教養娯楽（実質）,2009-08,14.4,false
nominal,22,22,その他の消費支出（実質）,2009-08,,true
nominal,1,1,消費支出（名目）,2009-09,94.5,false
nominal,2,2,食料（名目）,2009-09,22.4,false
nominal,3,3,住居（名目）,2009-09,7,false
nominal,4,4,光熱・水道（名目）,2009-09,5.6,false
nominal,5,5,家具・家事用品（名目）,2009-09,3.3,false
nominal,6,6,被服及び履物（名目）,2009-09,3.4,false
nominal,7,7,保健医療（名目）,2009-09,4.2,false
nominal,8,8,交通・通信（名目）,2009-09,14.9,false
nominal,9,9,教育（名目）,2009-09,5.1,false
nominal,10,10,教養娯楽（名目）,2009-09,11.1,false
nominal,11,11,その他の消費支出（名目）,2009-09,,true
nominal,12,12,消費支出（実質）,2009-09,114.3,false
nominal,13,13,食料（実質）,2009-09,31.6,false
nominal,14,14,住居（実質）,2009-09,8.2,false
nominal,15,15,光熱・水道（実質）,2009-09,7.7,false
nominal,16,16,家具・家事用品（実質）,2009-09,3.7,false
nominal,17,17,被服及び履物（実質）,2009-09,4,false
nominal,18,18,保健医療（実質）,2009-09,4.6,false
nominal,19,19,交通・通信（実質）,2009-09,15.2,false
nominal,20,20,教育（実質）,2009-09,4.2,false
nominal,21,21,教養娯楽（実質）,2009-09,12.9,false
nominal,22,22,その他の消費支出（実質）,2009-09,,true
nominal,1,1,消費支出（名目）,2009-10,98,false
nominal,2,2,食料（名目）,2009-10,22.8,false
nominal,3,3,住居（名目）,2009-10,7,false
nominal,4,4,光熱・水道（名目）,2009-10,5.6,false
nominal,5,5,家具・家事用品（名目）,2009-10,3.3,false
nominal,6,6,被服及び履物（名目）,2009-10,4.3,false
nominal,7,7,保健医療（名目）,2009-10,4.4,false
nominal,8,8,交通・通信（名目）,2009-10,15.6,false
nominal,9,9,教育（名目）,2009-10,5.4,false
nominal,10,10,教養娯楽（名目）,2009-10,10.9,false
nominal,11,11,その他の消費支出（名目）,2009-10,,true
nominal,12,12,消費支出（実質）,2009-10,119.1,false
nominal,13,13,食料（実質）,2009-10,32.5,false
nominal,14,14,住居（実質）,2009-10,8.2,false
nominal,15,15,光熱・水道（実質）,2009-10,7.7,false
nominal,16,16,家具・家事用品（実質）,2009-10,3.7,false
nominal,17,17,被服及び履物（実質）,2009-10,5,false
nominal,18,18,保健医療（実質）,2009-10,4.8,false
nominal,19,19,交通・通信（実質）,2009-10,16,false
nominal,20,20,教育（実質）,2009-10,4.5,false
nominal,21,21,教養娯楽（実質）,2009-10,12.7,false
nominal,22,22,その他の消費支出（実質）,2009-10,,true
nominal,1,1,消費支出（名目）,2009-11,94.4,false
nominal,2,2,食料（名目）,2009-11,22.5,false
nominal,3,3,住居（名目）,2009-11,6.9,false
nominal,4,4,光熱・水道（名目）,2009-11,6,false
nominal,5,5,家具・家事用品（名目）,2009-11,3.6,false
nominal,6,6,被服及び履物（名目）,2009-11,4.8,false
nominal,7,7,保健医療（名目）,2009-11,4.5,false
nominal,8,8,交通・通信（名目）,2009-11,15.2,false
nominal,9,9,教育（名目）,2009-11,2.7,false
nominal,10,10,教養娯楽（名目）,2009-11,11.2,false
nominal,11,11,その他の消費支出（名目）,2009-11,,true
nominal,12,12,消費支出（実質）,2009-11,115,false
nominal,13,13,食料（実質）,2009-11,32.4,false
nominal,14,14,住居（実質）,2009-11,8.2,false
nominal,15,15,光熱・水道（実質）,2009-11,8.2,false
nominal,16,16,家具・家事用品（実質）,2009-11,4.1,false
nominal,17,17,被服及び履物（実質）,2009-11,5.5,false
nominal,18,18,保健医療（実質）,2009-11,4.8,false
nominal,19,19,交通・通信（実質）,2009-11,15.7,false
nominal,20,20,教育（実質）,2009-11,2.3,false
nominal,21,21,教養娯楽（実質）,2009-11,13.1,false
nominal,22,22,その他の消費支出（実質）,2009-11,,true
nominal,1,1,消費支出（名目）,2009-12,112.3,false
nominal,2,2,食料（名目）,2009-12,29.4,false
nominal,3,3,住居（名目）,2009-12,7.7,false
nominal,4,4,光熱・水道（名目）,2009-12,6.9,false
nominal,5,5,家具・家事用品（名目）,2009-12,4.6,false
nominal,6,6,被服及び履物（名目）,2009-12,5.2,false
nominal,7,7,保健医療（名目）,2009-12,4.6,false
nominal,8,8,交通・通信（名目）,2009-12,16.9,false
nominal,9,9,教育（名目）,2009-12,2.7,false
nominal,10,10,教養娯楽（名目）,2009-12,13.8,false
nominal,11,11,その他の消費支出（名目）,2009-12,,true
nominal,12,12,消費支出（実質）,2009-12,137,false
nominal,13,13,食料（実質）,2009-12,42.2,false
nominal,14,14,住居（実質）,2009-12,9,false
nominal,15,15,光熱・水道（実質）,2009-12,9.5,false
nominal,16,16,家具・家事用品（実質）,2009-12,5.3,false
nominal,17,17,被服及び履物（実質）,2009-12,6,false
nominal,18,18,保健医療（実質）,2009-12,5,false
nominal,19,19,交通・通信（実質）,2009-12,17.4,false
nominal,20,20,教育（実質）,2009-12,2.2,false
nominal,21,21,教養娯楽（実質）,2009-12,16.2,false
nominal,22,22,その他の消費支出（実質）,2009-12,,true
nominal,1,1,消費支出（名目）,2010-01,95.7,false
nominal,2,2,食料（名目）,2010-01,21.7,false
nominal,3,3,住居（名目）,2010-01,5.8,false
nominal,4,4,光熱・水道（名目）,2010-01,8.1,false
nominal,5,5,家具・家事用品（名目）,2010-01,3.2,false
nominal,6,6,被服及び履物（名目）,2010-01,4.5,false
nominal,7,7,保健医療（名目）,2010-01,4,false
nominal,8,8,交通・通信（名目）,2010-01,14.5,false
nominal,9,9,教育（名目）,2010-01,2.8,false
nominal,10,10,教養娯楽（名目）,2010-01,10.5,false
nominal,11,11,その他の消費支出（名目）,2010-01,,true
nominal,12,12,消費支出（実質）,2010-01,116.6,false
nominal,13,13,食料（実質）,2010-01,30.7,false
nominal,14,14,住居（実質）,2010-01,6.8,false
nominal,15,15,光熱・水道（実質）,2010-01,11.1,false
nominal,16,16,家具・家事用品（実質）,2010-01,3.6,false
nominal,17,17,被服及び履物（実質）,2010-01,5.6,false
nominal,18,18,保健医療（実質）,2010-01,4.4,false
nominal,19,19,交通・通信（実質）,2010-01,14.8,false
nominal,20,20,教育（実質）,2010-01,2.4,false
nominal,21,21,教養娯楽（実質）,2010-01,12.3,false
nominal,22,22,その他の消費支出（実質）,2010-01,,true
nominal,1,1,消費支出（名目）,2010-02,87.2,false
nominal,2,2,食料（名目）,2010-02,20.2,false
nominal,3,3,住居（名目）,2010-02,5.6,false
nominal,4,4,光熱・水道（名目）,2010-02,8.3,false
nominal,5,5,家具・家事用品（名目）,2010-02,2.6,false
nominal,6,6,被服及び履物（名目）,2010-02,3.2,false
nominal,7,7,保健医療（名目）,2010-02,3.9,false
nominal,8,8,交通・通信（名目）,2010-02,14.6,false
nominal,9,9,教育（名目）,2010-02,2.8,false
nominal,10,10,教養娯楽（名目）,2010-02,10,false
nominal,11,11,その他の消費支出（名目）,2010-02,,true
nominal,12,12,消費支出（実質）,2010-02,106.4,false
nominal,13,13,食料（実質）,2010-02,28.7,false
nominal,14,14,住居（実質）,2010-02,6.6,false
nominal,15,15,光熱・水道（実質）,2010-02,11.2,false
nominal,16,16,家具・家事用品（実質）,2010-02,3,false
nominal,17,17,被服及び履物（実質）,2010-02,4,false
nominal,18,18,保健医療（実質）,2010-02,4.3,false
nominal,19,19,交通・通信（実質）,2010-02,15,false
nominal,20,20,教育（実質）,2010-02,2.4,false
nominal,21,21,教養娯楽（実質）,2010-02,11.7,false
nominal,22,22,その他の消費支出（実質）,2010-02,,true
nominal,1,1,消費支出（名目）,2010-03,107.8,false
nominal,2,2,食料（名目）,2010-03,22.5,false
nominal,3,3,住居（名目）,2010-03,6.6,false
nominal,4,4,光熱・水道（名目）,2010-03,8.1,false
nominal,5,5,家具・家事用品（名目）,2010-03,3.3,false
nominal,6,6,被服及び履物（名目）,2010-03,4.4,false
nominal,7,7,保健医療（名目）,2010-03,4.1,false
nominal,8,8,交通・通信（名目）,2010-03,19.1,false
nominal,9,9,教育（名目）,2010-03,5.4,false
nominal,10,10,教養娯楽（名目）,2010-03,13,false
nominal,11,11,その他の消費支出（名目）,2010-03,,true
nominal,12,12,消費支出（実質）,2010-03,131,false
nominal,13,13,食料（実質）,2010-03,31.9,false
nominal,14,14,住居（実質）,2010-03,7.8,false
nominal,15,15,光熱・水道（実質）,2010-03,10.9,false
nominal,16,16,家具・家事用品（実質）,2010-03,3.9,false
nominal,17,17,被服及び履物（実質）,2010-03,5.4,false
nominal,18,18,保健医療（実質）,2010-03,4.5,false
nominal,19,19,交通・通信（実質）,2010-03,19.5,false
nominal,20,20,教育（実質）,2010-03,4.6,false
nominal,21,21,教養娯楽（実質）,2010-03,15.1,false
nominal,22,22,その他の消費支出（実質）,2010-03,,true
nominal,1,1,消費支出（名目）,2010-04,101.8,false
nominal,2,2,食料（名目）,2010-04,21.5,false
nominal,3,3,住居（名目）,2010-04,6.6,false
nominal,4,4,光熱・水道（名目）,2010-04,7.4,false
nominal,5,5,家具・家事用品（名目）,2010-04,3,false
nominal,6,6,被服及び履物（名目）,2010-04,3.8,false
nominal,7,7,保健医療（名目）,2010-04,4.2,false
nominal,8,8,交通・通信（名目）,2010-04,15.4,false
nominal,9,9,教育（名目）,2010-04,8.4,false
nominal,10,10,教養娯楽（名目）,2010-04,11.3,false
nominal,11,11,その他の消費支出（名目）,2010-04,,true
nominal,12,12,消費支出（実質）,2010-04,123.5,false
nominal,13,13,食料（実質）,2010-04,30.3,false
nominal,14,14,住居（実質）,2010-04,7.8,false
nominal,15,15,光熱・水道（実質）,2010-04,10,false
nominal,16,16,家具・家事用品（実質）,2010-04,3.4,false
nominal,17,17,被服及び履物（実質）,2010-04,4.4,false
nominal,18,18,保健医療（実質）,2010-04,4.6,false
nominal,19,19,交通・通信（実質）,2010-04,15.7,false
nominal,20,20,教育（実質）,2010-04,7.9,false
nominal,21,21,教養娯楽（実質）,2010-04,13.1,false
nominal,22,22,その他の消費支出（実質）,2010-04,,true
nominal,1,1,消費支出（名目）,2010-05,93.5,false
nominal,2,2,食料（名目）,2010-05,23.2,false
nominal,3,3,住居（名目）,2010-05,6.6,false
nominal,4,4,光熱・水道（名目）,2010-05,6.7,false
nominal,5,5,家具・家事用品（名目）,2010-05,3,false
nominal,6,6,被服及び履物（名目）,2010-05,4.2,false
nominal,7,7,保健医療（名目）,2010-05,3.9,false
nominal,8,8,交通・通信（名目）,2010-05,14.7,false
nominal,9,9,教育（名目）,2010-05,2.9,false
nominal,10,10,教養娯楽（名目）,2010-05,11.2,false
nominal,11,11,その他の消費支出（名目）,2010-05,,true
nominal,12,12,消費支出（実質）,2010-05,113.7,false
nominal,13,13,食料（実質）,2010-05,32.9,false
nominal,14,14,住居（実質）,2010-05,7.7,false
nominal,15,15,光熱・水道（実質）,2010-05,9,false
nominal,16,16,家具・家事用品（実質）,2010-05,3.5,false
nominal,17,17,被服及び履物（実質）,2010-05,5,false
nominal,18,18,保健医療（実質）,2010-05,4.2,false
nominal,19,19,交通・通信（実質）,2010-05,14.9,false
nominal,20,20,教育（実質）,2010-05,2.7,false
nominal,21,21,教養娯楽（実質）,2010-05,13,false
nominal,22,22,その他の消費支出（実質）,2010-05,,true
nominal,1,1,消費支出（名目）,2010-06,91.4,false
nominal,2,2,食料（名目）,2010-06,21.8,false
nominal,3,3,住居（名目）,2010-06,7.1,false
nominal,4,4,光熱・水道（名目）,2010-06,5.9,false
nominal,5,5,家具・家事用品（名目）,2010-06,3.8,false
nominal,6,6,被服及び履物（名目）,2010-06,4,false
nominal,7,7,保健医療（名目）,2010-06,4.1,false
nominal,8,8,交通・通信（名目）,2010-06,15,false
nominal,9,9,教育（名目）,2010-06,2,false
nominal,10,10,教養娯楽（名目）,2010-06,10.6,false
nominal,11,11,その他の消費支出（名目）,2010-06,,true
nominal,12,12,消費支出（実質）,2010-06,111.3,false
nominal,13,13,食料（実質）,2010-06,30.8,false
nominal,14,14,住居（実質）,2010-06,8.4,false
nominal,15,15,光熱・水道（実質）,2010-06,8,false
nominal,16,16,家具・家事用品（実質）,2010-06,4.4,false
nominal,17,17,被服及び履物（実質）,2010-06,4.8,false
nominal,18,18,保健医療（実質）,2010-06,4.4,false
nominal,19,19,交通・通信（実質）,2010-06,15.3,false
nominal,20,20,教育（実質）,2010-06,1.9,false
nominal,21,21,教養娯楽（実質）,2010-06,12.4,false
nominal,22,22,その他の消費支出（実質）,2010-06,,true
nominal,1,1,消費支出（名目）,2010-07,96.6,false
nominal,2,2,食料（名目）,2010-07,23.2,false
nominal,3,3,住居（名目）,2010-07,6.7,false
nominal,4,4,光熱・水道（名目）,2010-07,5.5,false
nominal,5,5,家具・家事用品（名目）,2010-07,4.8,false
nominal,6,6,被服及び履物（名目）,2010-07,4.1,false
nominal,7,7,保健医療（名目）,2010-07,4.3,false
nominal,8,8,交通・通信（名目）,2010-07,16.8,false
nominal,9,9,教育（名目）,2010-07,2.3,false
nominal,10,10,教養娯楽（名目）,2010-07,11.1,false
nominal,11,11,その他の消費支出（名目）,2010-07,,true
nominal,12,12,消費支出（実質）,2010-07,118.5,false
nominal,13,13,食料（実質）,2010-07,33.1,false
nominal,14,14,住居（実質）,2010-07,7.9,false
nominal,15,15,光熱・水道（実質）,2010-07,7.4,false
nominal,16,16,家具・家事用品（実質）,2010-07,5.7,false
nominal,17,17,被服及び履物（実質）,2010-07,5.1,false
nominal,18,18,保健医療（実質）,2010-07,4.7,false
nominal,19,19,交通・通信（実質）,2010-07,17.2,false
nominal,20,20,教育（実質）,2010-07,2.2,false
nominal,21,21,教養娯楽（実質）,2010-07,13.1,false
nominal,22,22,その他の消費支出（実質）,2010-07,,true
nominal,1,1,消費支出（名目）,2010-08,98.2,false
nominal,2,2,食料（名目）,2010-08,24.4,false
nominal,3,3,住居（名目）,2010-08,6.7,false
nominal,4,4,光熱・水道（名目）,2010-08,6.1,false
nominal,5,5,家具・家事用品（名目）,2010-08,4.2,false
nominal,6,6,被服及び履物（名目）,2010-08,3,false
nominal,7,7,保健医療（名目）,2010-08,3.9,false
nominal,8,8,交通・通信（名目）,2010-08,17.2,false
nominal,9,9,教育（名目）,2010-08,2.3,false
nominal,10,10,教養娯楽（名目）,2010-08,12.3,false
nominal,11,11,その他の消費支出（名目）,2010-08,,true
nominal,12,12,消費支出（実質）,2010-08,120.2,false
nominal,13,13,食料（実質）,2010-08,34.7,false
nominal,14,14,住居（実質）,2010-08,7.9,false
nominal,15,15,光熱・水道（実質）,2010-08,8.2,false
nominal,16,16,家具・家事用品（実質）,2010-08,5.1,false
nominal,17,17,被服及び履物（実質）,2010-08,3.8,false
nominal,18,18,保健医療（実質）,2010-08,4.2,false
nominal,19,19,交通・通信（実質）,2010-08,17.6,false
nominal,20,20,教育（実質）,2010-08,2.1,false
nominal,21,21,教養娯楽（実質）,2010-08,14.4,false
nominal,22,22,その他の消費支出（実質）,2010-08,,true
nominal,1,1,消費支出（名目）,2010-09,93.3,false
nominal,2,2,食料（名目）,2010-09,21.9,false
nominal,3,3,住居（名目）,2010-09,6.6,false
nominal,4,4,光熱・水道（名目）,2010-09,6.4,false
nominal,5,5,家具・家事用品（名目）,2010-09,3.4,false
nominal,6,6,被服及び履物（名目）,2010-09,3.1,false
nominal,7,7,保健医療（名目）,2010-09,4,false
nominal,8,8,交通・通信（名目）,2010-09,15.6,false
nominal,9,9,教育（名目）,2010-09,4.8,false
nominal,10,10,教養娯楽（名目）,2010-09,10.5,false
nominal,11,11,その他の消費支出（名目）,2010-09,,true
nominal,12,12,消費支出（実質）,2010-09,113.9,false
nominal,13,13,食料（実質）,2010-09,30.9,false
nominal,14,14,住居（実質）,2010-09,7.7,false
nominal,15,15,光熱・水道（実質）,2010-09,8.5,false
nominal,16,16,家具・家事用品（実質）,2010-09,4,false
nominal,17,17,被服及び履物（実質）,2010-09,3.7,false
nominal,18,18,保健医療（実質）,2010-09,4.3,false
nominal,19,19,交通・通信（実質）,2010-09,16.1,false
nominal,20,20,教育（実質）,2010-09,4.5,false
nominal,21,21,教養娯楽（実質）,2010-09,12.5,false
nominal,22,22,その他の消費支出（実質）,2010-09,,true
nominal,1,1,消費支出（名目）,2010-10,97.1,false
nominal,2,2,食料（名目）,2010-10,22.8,false
nominal,3,3,住居（名目）,2010-10,6.6,false
nominal,4,4,光熱・水道（名目）,2010-10,6,false
nominal,5,5,家具・家事用品（名目）,2010-10,3.5,false
nominal,6,6,被服及び履物（名目）,2010-10,4.4,false
nominal,7,7,保健医療（名目）,2010-10,4.2,false
nominal,8,8,交通・通信（名目）,2010-10,14,false
nominal,9,9,教育（名目）,2010-10,5.2,false
nominal,10,10,教養娯楽（名目）,2010-10,12,false
nominal,11,11,その他の消費支出（名目）,2010-10,,true
nominal,12,12,消費支出（実質）,2010-10,118.2,false
nominal,13,13,食料（実質）,2010-10,32.2,false
nominal,14,14,住居（実質）,2010-10,7.8,false
nominal,15,15,光熱・水道（実質）,2010-10,8,false
nominal,16,16,家具・家事用品（実質）,2010-10,4.2,false
nominal,17,17,被服及び履物（実質）,2010-10,5.2,false
nominal,18,18,保健医療（実質）,2010-10,4.6,false
nominal,19,19,交通・通信（実質）,2010-10,14.4,false
nominal,20,20,教育（実質）,2010-10,5,false
nominal,21,21,教養娯楽（実質）,2010-10,14.3,false
nominal,22,22,その他の消費支出（実質）,2010-10,,true
nominal,1,1,消費支出（名目）,2010-11,94.5,false
nominal,2,2,食料（名目）,2010-11,22.1,false
nominal,3,3,住居（名目）,2010-11,7.2,false
nominal,4,4,光熱・水道（名目）,2010-11,6.1,false
nominal,5,5,家具・家事用品（名目）,2010-11,4.3,false
nominal,6,6,被服及び履物（名目）,2010-11,4.4,false
nominal,7,7,保健医療（名目）,2010-11,4.5,false
nominal,8,8,交通・通信（名目）,2010-11,13.2,false
nominal,9,9,教育（名目）,2010-11,2.6,false
nominal,10,10,教養娯楽（名目）,2010-11,13.8,false
nominal,11,11,その他の消費支出（名目）,2010-11,,true
nominal,12,12,消費支出（実質）,2010-11,115.4,false
nominal,13,13,食料（実質）,2010-11,31.3,false
nominal,14,14,住居（実質）,2010-11,8.5,false
nominal,15,15,光熱・水道（実質）,2010-11,8.2,false
nominal,16,16,家具・家事用品（実質）,2010-11,5.1,false
nominal,17,17,被服及び履物（実質）,2010-11,5.2,false
nominal,18,18,保健医療（実質）,2010-11,4.9,false
nominal,19,19,交通・通信（実質）,2010-11,13.7,false
nominal,20,20,教育（実質）,2010-11,2.4,false
nominal,21,21,教養娯楽（実質）,2010-11,16.6,false
nominal,22,22,その他の消費支出（実質）,2010-11,,true
nominal,1,1,消費支出（名目）,2010-12,108.1,false
nominal,2,2,食料（名目）,2010-12,29.2,false
nominal,3,3,住居（名目）,2010-12,8,false
nominal,4,4,光熱・水道（名目）,2010-12,7,false
nominal,5,5,家具・家事用品（名目）,2010-12,4.4,false
nominal,6,6,被服及び履物（名目）,2010-12,4.6,false
nominal,7,7,保健医療（名目）,2010-12,4.7,false
nominal,8,8,交通・通信（名目）,2010-12,14.5,false
nominal,9,9,教育（名目）,2010-12,2.5,false
nominal,10,10,教養娯楽（名目）,2010-12,12.9,false
nominal,11,11,その他の消費支出（名目）,2010-12,,true
nominal,12,12,消費支出（実質）,2010-12,132.3,false
nominal,13,13,食料（実質）,2010-12,41.7,false
nominal,14,14,住居（実質）,2010-12,9.5,false
nominal,15,15,光熱・水道（実質）,2010-12,9.4,false
nominal,16,16,家具・家事用品（実質）,2010-12,5.3,false
nominal,17,17,被服及び履物（実質）,2010-12,5.4,false
nominal,18,18,保健医療（実質）,2010-12,5.1,false
nominal,19,19,交通・通信（実質）,2010-12,14.9,false
nominal,20,20,教育（実質）,2010-12,2.4,false
nominal,21,21,教養娯楽（実質）,2010-12,15.6,false
nominal,22,22,その他の消費支出（実質）,2010-12,,true
nominal,1,1,消費支出（名目）,2011-01,93.5,false
nominal,2,2,食料（名目）,2011-01,21.1,false
nominal,3,3,住居（名目）,2011-01,5.8,false
nominal,4,4,光熱・水道（名目）,2011-01,8.5,false
nominal,5,5,家具・家事用品（名目）,2011-01,3,false
nominal,6,6,被服及び履物（名目）,2011-01,4.4,false
nominal,7,7,保健医療（名目）,2011-01,4.1,false
nominal,8,8,交通・通信（名目）,2011-01,13.2,false
nominal,9,9,教育（名目）,2011-01,2.7,false
nominal,10,10,教養娯楽（名目）,2011-01,9.9,false
nominal,11,11,その他の消費支出（名目）,2011-01,,true
nominal,12,12,消費支出（実質）,2011-01,114.6,false
nominal,13,13,食料（実質）,2011-01,29.9,false
nominal,14,14,住居（実質）,2011-01,6.9,false
nominal,15,15,光熱・水道（実質）,2011-01,11.3,false
nominal,16,16,家具・家事用品（実質）,2011-01,3.7,false
nominal,17,17,被服及び履物（実質）,2011-01,5.6,false
nominal,18,18,保健医療（実質）,2011-01,4.5,false
nominal,19,19,交通・通信（実質）,2011-01,13.6,false
nominal,20,20,教育（実質）,2011-01,2.6,false
nominal,21,21,教養娯楽（実質）,2011-01,12,false
nominal,22,22,その他の消費支出（実質）,2011-01,,true
nominal,1,1,消費支出（名目）,2011-02,86.1,false
nominal,2,2,食料（名目）,2011-02,20.2,false
nominal,3,3,住居（名目）,2011-02,6,false
nominal,4,4,光熱・水道（名目）,2011-02,8.8,false
nominal,5,5,家具・家事用品（名目）,2011-02,2.7,false
nominal,6,6,被服及び履物（名目）,2011-02,3,false
nominal,7,7,保健医療（名目）,2011-02,3.9,false
nominal,8,8,交通・通信（名目）,2011-02,13.3,false
nominal,9,9,教育（名目）,2011-02,2.8,false
nominal,10,10,教養娯楽（名目）,2011-02,9.5,false
nominal,11,11,その他の消費支出（名目）,2011-02,,true
nominal,12,12,消費支出（実質）,2011-02,105.5,false
nominal,13,13,食料（実質）,2011-02,28.6,false
nominal,14,14,住居（実質）,2011-02,7.1,false
nominal,15,15,光熱・水道（実質）,2011-02,11.8,false
nominal,16,16,家具・家事用品（実質）,2011-02,3.3,false
nominal,17,17,被服及び履物（実質）,2011-02,3.8,false
nominal,18,18,保健医療（実質）,2011-02,4.3,false
nominal,19,19,交通・通信（実質）,2011-02,13.6,false
nominal,20,20,教育（実質）,2011-02,2.7,false
nominal,21,21,教養娯楽（実質）,2011-02,11.7,false
nominal,22,22,その他の消費支出（実質）,2011-02,,true
nominal,1,1,消費支出（名目）,2011-03,98.8,false
nominal,2,2,食料（名目）,2011-03,21.9,false
nominal,3,3,住居（名目）,2011-03,6.3,false
nominal,4,4,光熱・水道（名目）,2011-03,8.2,false
nominal,5,5,家具・家事用品（名目）,2011-03,3.2,false
nominal,6,6,被服及び履物（名目）,2011-03,3.8,false
nominal,7,7,保健医療（名目）,2011-03,4.2,false
nominal,8,8,交通・通信（名目）,2011-03,16.6,false
nominal,9,9,教育（名目）,2011-03,4.4,false
nominal,10,10,教養娯楽（名目）,2011-03,10.1,false
nominal,11,11,その他の消費支出（名目）,2011-03,,true
nominal,12,12,消費支出（実質）,2011-03,120.8,false
nominal,13,13,食料（実質）,2011-03,31.1,false
nominal,14,14,住居（実質）,2011-03,7.5,false
nominal,15,15,光熱・水道（実質）,2011-03,10.9,false
nominal,16,16,家具・家事用品（実質）,2011-03,3.9,false
nominal,17,17,被服及び履物（実質）,2011-03,4.6,false
nominal,18,18,保健医療（実質）,2011-03,4.6,false
nominal,19,19,交通・通信（実質）,2011-03,16.8,false
nominal,20,20,教育（実質）,2011-03,4.1,false
nominal,21,21,教養娯楽（実質）,2011-03,12.3,false
nominal,22,22,その他の消費支出（実質）,2011-03,,true
nominal,1,1,消費支出（名目）,2011-04,98.5,false
nominal,2,2,食料（名目）,2011-04,21.2,false
nominal,3,3,住居（名目）,2011-04,6.9,false
nominal,4,4,光熱・水道（名目）,2011-04,7.3,false
nominal,5,5,家具・家事用品（名目）,2011-04,3,false
nominal,6,6,被服及び履物（名目）,2011-04,4,false
nominal,7,7,保健医療（名目）,2011-04,4.1,false
nominal,8,8,交通・通信（名目）,2011-04,14.2,false
nominal,9,9,教育（名目）,2011-04,8,false
nominal,10,10,教養娯楽（名目）,2011-04,10.3,false
nominal,11,11,その他の消費支出（名目）,2011-04,,true
nominal,12,12,消費支出（実質）,2011-04,120.2,false
nominal,13,13,食料（実質）,2011-04,30.1,false
nominal,14,14,住居（実質）,2011-04,8.2,false
nominal,15,15,光熱・水道（実質）,2011-04,9.6,false
nominal,16,16,家具・家事用品（実質）,2011-04,3.6,false
nominal,17,17,被服及び履物（実質）,2011-04,4.7,false
nominal,18,18,保健医療（実質）,2011-04,4.5,false
nominal,19,19,交通・通信（実質）,2011-04,14.3,false
nominal,20,20,教育（実質）,2011-04,7.6,false
nominal,21,21,教養娯楽（実質）,2011-04,12.6,false
nominal,22,22,その他の消費支出（実質）,2011-04,,true
nominal,1,1,消費支出（名目）,2011-05,92,false
nominal,2,2,食料（名目）,2011-05,22.5,false
nominal,3,3,住居（名目）,2011-05,7,false
nominal,4,4,光熱・水道（名目）,2011-05,6.6,false
nominal,5,5,家具・家事用品（名目）,2011-05,3.4,false
nominal,6,6,被服及び履物（名目）,2011-05,4.2,false
nominal,7,7,保健医療（名目）,2011-05,4,false
nominal,8,8,交通・通信（名目）,2011-05,13.8,false
nominal,9,9,教育（名目）,2011-05,3.4,false
nominal,10,10,教養娯楽（名目）,2011-05,10.4,false
nominal,11,11,その他の消費支出（名目）,2011-05,,true
nominal,12,12,消費支出（実質）,2011-05,112.4,false
nominal,13,13,食料（実質）,2011-05,32.1,false
nominal,14,14,住居（実質）,2011-05,8.2,false
nominal,15,15,光熱・水道（実質）,2011-05,8.6,false
nominal,16,16,家具・家事用品（実質）,2011-05,4.1,false
nominal,17,17,被服及び履物（実質）,2011-05,5,false
nominal,18,18,保健医療（実質）,2011-05,4.3,false
nominal,19,19,交通・通信（実質）,2011-05,13.8,false
nominal,20,20,教育（実質）,2011-05,3.2,false
nominal,21,21,教養娯楽（実質）,2011-05,12.7,false
nominal,22,22,その他の消費支出（実質）,2011-05,,true
nominal,1,1,消費支出（名目）,2011-06,89.7,false
nominal,2,2,食料（名目）,2011-06,21.5,false
nominal,3,3,住居（名目）,2011-06,7.6,false
nominal,4,4,光熱・水道（名目）,2011-06,5.8,false
nominal,5,5,家具・家事用品（名目）,2011-06,4.1,false
nominal,6,6,被服及び履物（名目）,2011-06,4,false
nominal,7,7,保健医療（名目）,2011-06,4,false
nominal,8,8,交通・通信（名目）,2011-06,13.2,false
nominal,9,9,教育（名目）,2011-06,2.2,false
nominal,10,10,教養娯楽（名目）,2011-06,10.4,false
nominal,11,11,その他の消費支出（名目）,2011-06,,true
nominal,12,12,消費支出（実質）,2011-06,109.6,false
nominal,13,13,食料（実質）,2011-06,30.6,false
nominal,14,14,住居（実質）,2011-06,9,false
nominal,15,15,光熱・水道（実質）,2011-06,7.6,false
nominal,16,16,家具・家事用品（実質）,2011-06,5.1,false
nominal,17,17,被服及び履物（実質）,2011-06,4.7,false
nominal,18,18,保健医療（実質）,2011-06,4.4,false
nominal,19,19,交通・通信（実質）,2011-06,13.4,false
nominal,20,20,教育（実質）,2011-06,2,false
nominal,21,21,教養娯楽（実質）,2011-06,12.8,false
nominal,22,22,その他の消費支出（実質）,2011-06,,true
nominal,1,1,消費支出（名目）,2011-07,93.8,false
nominal,2,2,食料（名目）,2011-07,23.3,false
nominal,3,3,住居（名目）,2011-07,7.5,false
nominal,4,4,光熱・水道（名目）,2011-07,5.5,false
nominal,5,5,家具・家事用品（名目）,2011-07,4.6,false
nominal,6,6,被服及び履物（名目）,2011-07,4.2,false
nominal,7,7,保健医療（名目）,2011-07,4.2,false
nominal,8,8,交通・通信（名目）,2011-07,14.2,false
nominal,9,9,教育（名目）,2011-07,2.4,false
nominal,10,10,教養娯楽（名目）,2011-07,11.3,false
nominal,11,11,その他の消費支出（名目）,2011-07,,true
nominal,12,12,消費支出（実質）,2011-07,114.7,false
nominal,13,13,食料（実質）,2011-07,33.2,false
nominal,14,14,住居（実質）,2011-07,8.8,false
nominal,15,15,光熱・水道（実質）,2011-07,7.2,false
nominal,16,16,家具・家事用品（実質）,2011-07,5.8,false
nominal,17,17,被服及び履物（実質）,2011-07,5.1,false
nominal,18,18,保健医療（実質）,2011-07,4.6,false
nominal,19,19,交通・通信（実質）,2011-07,14.2,false
nominal,20,20,教育（実質）,2011-07,2.2,false
nominal,21,21,教養娯楽（実質）,2011-07,13.8,false
nominal,22,22,その他の消費支出（実質）,2011-07,,true
nominal,1,1,消費支出（名目）,2011-08,93.2,false
nominal,2,2,食料（名目）,2011-08,24,false
nominal,3,3,住居（名目）,2011-08,7.6,false
nominal,4,4,光熱・水道（名目）,2011-08,5.9,false
nominal,5,5,家具・家事用品（名目）,2011-08,3.7,false
nominal,6,6,被服及び履物（名目）,2011-08,3.1,false
nominal,7,7,保健医療（名目）,2011-08,4,false
nominal,8,8,交通・通信（名目）,2011-08,14.4,false
nominal,9,9,教育（名目）,2011-08,2.1,false
nominal,10,10,教養娯楽（名目）,2011-08,11.3,false
nominal,11,11,その他の消費支出（名目）,2011-08,,true
nominal,12,12,消費支出（実質）,2011-08,113.8,false
nominal,13,13,食料（実質）,2011-08,34.2,false
nominal,14,14,住居（実質）,2011-08,8.9,false
nominal,15,15,光熱・水道（実質）,2011-08,7.6,false
nominal,16,16,家具・家事用品（実質）,2011-08,4.6,false
nominal,17,17,被服及び履物（実質）,2011-08,3.8,false
nominal,18,18,保健医療（実質）,2011-08,4.3,false
nominal,19,19,交通・通信（実質）,2011-08,14.4,false
nominal,20,20,教育（実質）,2011-08,2,false
nominal,21,21,教養娯楽（実質）,2011-08,13.7,false
nominal,22,22,その他の消費支出（実質）,2011-08,,true
nominal,1,1,消費支出（名目）,2011-09,90.2,false
nominal,2,2,食料（名目）,2011-09,21.6,false
nominal,3,3,住居（名目）,2011-09,6.7,false
nominal,4,4,光熱・水道（名目）,2011-09,6,false
nominal,5,5,家具・家事用品（名目）,2011-09,3.3,false
nominal,6,6,被服及び履物（名目）,2011-09,3.1,false
nominal,7,7,保健医療（名目）,2011-09,4,false
nominal,8,8,交通・通信（名目）,2011-09,14.2,false
nominal,9,9,教育（名目）,2011-09,5.2,false
nominal,10,10,教養娯楽（名目）,2011-09,9.6,false
nominal,11,11,その他の消費支出（名目）,2011-09,,true
nominal,12,12,消費支出（実質）,2011-09,110.1,false
nominal,13,13,食料（実質）,2011-09,30.7,false
nominal,14,14,住居（実質）,2011-09,7.9,false
nominal,15,15,光熱・水道（実質）,2011-09,7.6,false
nominal,16,16,家具・家事用品（実質）,2011-09,4.3,false
nominal,17,17,被服及び履物（実質）,2011-09,3.6,false
nominal,18,18,保健医療（実質）,2011-09,4.3,false
nominal,19,19,交通・通信（実質）,2011-09,14.4,false
nominal,20,20,教育（実質）,2011-09,5,false
nominal,21,21,教養娯楽（実質）,2011-09,11.7,false
nominal,22,22,その他の消費支出（実質）,2011-09,,true
nominal,1,1,消費支出（名目）,2011-10,94.8,false
nominal,2,2,食料（名目）,2011-10,22.7,false
nominal,3,3,住居（名目）,2011-10,7.5,false
nominal,4,4,光熱・水道（名目）,2011-10,5.9,false
nominal,5,5,家具・家事用品（名目）,2011-10,3.3,false
nominal,6,6,被服及び履物（名目）,2011-10,4.4,false
nominal,7,7,保健医療（名目）,2011-10,4.2,false
nominal,8,8,交通・通信（名目）,2011-10,14.4,false
nominal,9,9,教育（名目）,2011-10,5.3,false
nominal,10,10,教養娯楽（名目）,2011-10,10,false
nominal,11,11,その他の消費支出（名目）,2011-10,,true
nominal,12,12,消費支出（実質）,2011-10,115.6,false
nominal,13,13,食料（実質）,2011-10,32,false
nominal,14,14,住居（実質）,2011-10,8.8,false
nominal,15,15,光熱・水道（実質）,2011-10,7.5,false
nominal,16,16,家具・家事用品（実質）,2011-10,4.3,false
nominal,17,17,被服及び履物（実質）,2011-10,5.2,false
nominal,18,18,保健医療（実質）,2011-10,4.6,false
nominal,19,19,交通・通信（実質）,2011-10,14.6,false
nominal,20,20,教育（実質）,2011-10,5,false
nominal,21,21,教養娯楽（実質）,2011-10,12.3,false
nominal,22,22,その他の消費支出（実質）,2011-10,,true
nominal,1,1,消費支出（名目）,2011-11,90.9,false
nominal,2,2,食料（名目）,2011-11,21.9,false
nominal,3,3,住居（名目）,2011-11,7.5,false
nominal,4,4,光熱・水道（名目）,2011-11,6,false
nominal,5,5,家具・家事用品（名目）,2011-11,3.5,false
nominal,6,6,被服及び履物（名目）,2011-11,4.6,false
nominal,7,7,保健医療（名目）,2011-11,4.4,false
nominal,8,8,交通・通信（名目）,2011-11,14.5,false
nominal,9,9,教育（名目）,2011-11,2.8,false
nominal,10,10,教養娯楽（名目）,2011-11,9.5,false
nominal,11,11,その他の消費支出（名目）,2011-11,,true
nominal,12,12,消費支出（実質）,2011-11,111.5,false
nominal,13,13,食料（実質）,2011-11,31.4,false
nominal,14,14,住居（実質）,2011-11,8.8,false
nominal,15,15,光熱・水道（実質）,2011-11,7.6,false
nominal,16,16,家具・家事用品（実質）,2011-11,4.4,false
nominal,17,17,被服及び履物（実質）,2011-11,5.4,false
nominal,18,18,保健医療（実質）,2011-11,4.8,false
nominal,19,19,交通・通信（実質）,2011-11,14.7,false
nominal,20,20,教育（実質）,2011-11,2.7,false
nominal,21,21,教養娯楽（実質）,2011-11,11.9,false
nominal,22,22,その他の消費支出（実質）,2011-11,,true
nominal,1,1,消費支出（名目）,2011-12,108.2,false
nominal,2,2,食料（名目）,2011-12,29,false
nominal,3,3,住居（名目）,2011-12,8.1,false
nominal,4,4,光熱・水道（名目）,2011-12,7.2,false
nominal,5,5,家具・家事用品（名目）,2011-12,4.5,false
nominal,6,6,被服及び履物（名目）,2011-12,4.9,false
nominal,7,7,保健医療（名目）,2011-12,4.4,false
nominal,8,8,交通・通信（名目）,2011-12,15.4,false
nominal,9,9,教育（名目）,2011-12,2.7,false
nominal,10,10,教養娯楽（名目）,2011-12,11.6,false
nominal,11,11,その他の消費支出（名目）,2011-12,,true
nominal,12,12,消費支出（実質）,2011-12,132.7,false
nominal,13,13,食料（実質）,2011-12,41.5,false
nominal,14,14,住居（実質）,2011-12,9.5,false
nominal,15,15,光熱・水道（実質）,2011-12,9.2,false
nominal,16,16,家具・家事用品（実質）,2011-12,5.8,false
nominal,17,17,被服及び履物（実質）,2011-12,5.8,false
nominal,18,18,保健医療（実質）,2011-12,4.9,false
nominal,19,19,交通・通信（実質）,2011-12,15.6,false
nominal,20,20,教育（実質）,2011-12,2.6,false
nominal,21,21,教養娯楽（実質）,2011-12,14.5,false
nominal,22,22,その他の消費支出（実質）,2011-12,,true
nominal,1,1,消費支出（名目）,2012-01,93.2,false
nominal,2,2,食料（名目）,2012-01,21.4,false
nominal,3,3,住居（名目）,2012-01,5.7,false
nominal,4,4,光熱・水道（名目）,2012-01,8.8,false
nominal,5,5,家具・家事用品（名目）,2012-01,3.1,false
nominal,6,6,被服及び履物（名目）,2012-01,4.7,false
nominal,7,7,保健医療（名目）,2012-01,3.8,false
nominal,8,8,交通・通信（名目）,2012-01,14.1,false
nominal,9,9,教育（名目）,2012-01,2.6,false
nominal,10,10,教養娯楽（名目）,2012-01,9.1,false
nominal,11,11,その他の消費支出（名目）,2012-01,,true
nominal,12,12,消費支出（実質）,2012-01,114,false
nominal,13,13,食料（実質）,2012-01,30.1,false
nominal,14,14,住居（実質）,2012-01,6.7,false
nominal,15,15,光熱・水道（実質）,2012-01,11.2,false
nominal,16,16,家具・家事用品（実質）,2012-01,3.8,false
nominal,17,17,被服及び履物（実質）,2012-01,5.8,false
nominal,18,18,保健医療（実質）,2012-01,4.2,false
nominal,19,19,交通・通信（実質）,2012-01,14.3,false
nominal,20,20,教育（実質）,2012-01,2.5,false
nominal,21,21,教養娯楽（実質）,2012-01,11.6,false
nominal,22,22,その他の消費支出（実質）,2012-01,,true
nominal,1,1,消費支出（名目）,2012-02,89.2,false
nominal,2,2,食料（名目）,2012-02,20.8,false
nominal,3,3,住居（名目）,2012-02,5.9,false
nominal,4,4,光熱・水道（名目）,2012-02,9.3,false
nominal,5,5,家具・家事用品（名目）,2012-02,2.7,false
nominal,6,6,被服及び履物（名目）,2012-02,3,false
nominal,7,7,保健医療（名目）,2012-02,4.1,false
nominal,8,8,交通・通信（名目）,2012-02,15.6,false
nominal,9,9,教育（名目）,2012-02,3,false
nominal,10,10,教養娯楽（名目）,2012-02,8.9,false
nominal,11,11,その他の消費支出（名目）,2012-02,,true
nominal,12,12,消費支出（実質）,2012-02,108.9,false
nominal,13,13,食料（実質）,2012-02,29.1,false
nominal,14,14,住居（実質）,2012-02,7,false
nominal,15,15,光熱・水道（実質）,2012-02,11.8,false
nominal,16,16,家具・家事用品（実質）,2012-02,3.5,false
nominal,17,17,被服及び履物（実質）,2012-02,3.8,false
nominal,18,18,保健医療（実質）,2012-02,4.5,false
nominal,19,19,交通・通信（実質）,2012-02,15.8,false
nominal,20,20,教育（実質）,2012-02,2.9,false
nominal,21,21,教養娯楽（実質）,2012-02,11.1,false
nominal,22,22,その他の消費支出（実質）,2012-02,,true
nominal,1,1,消費支出（名目）,2012-03,104.3,false
nominal,2,2,食料（名目）,2012-03,22.8,false
nominal,3,3,住居（名目）,2012-03,6.4,false
nominal,4,4,光熱・水道（名目）,2012-03,8.7,false
nominal,5,5,家具・家事用品（名目）,2012-03,3.3,false
nominal,6,6,被服及び履物（名目）,2012-03,4.2,false
nominal,7,7,保健医療（名目）,2012-03,4.4,false
nominal,8,8,交通・通信（名目）,2012-03,19.5,false
nominal,9,9,教育（名目）,2012-03,4.7,false
nominal,10,10,教養娯楽（名目）,2012-03,10.4,false
nominal,11,11,その他の消費支出（名目）,2012-03,,true
nominal,12,12,消費支出（実質）,2012-03,126.6,false
nominal,13,13,食料（実質）,2012-03,31.9,false
nominal,14,14,住居（実質）,2012-03,7.6,false
nominal,15,15,光熱・水道（実質）,2012-03,11,false
nominal,16,16,家具・家事用品（実質）,2012-03,4.2,false
nominal,17,17,被服及び履物（実質）,2012-03,5.2,false
nominal,18,18,保健医療（実質）,2012-03,4.8,false
nominal,19,19,交通・通信（実質）,2012-03,19.5,false
nominal,20,20,教育（実質）,2012-03,4.5,false
nominal,21,21,教養娯楽（実質）,2012-03,12.9,false
nominal,22,22,その他の消費支出（実質）,2012-03,,true
nominal,1,1,消費支出（名目）,2012-04,102.5,false
nominal,2,2,食料（名目）,2012-04,21.8,false
nominal,3,3,住居（名目）,2012-04,6.2,false
nominal,4,4,光熱・水道（名目）,2012-04,7.9,false
nominal,5,5,家具・家事用品（名目）,2012-04,3,false
nominal,6,6,被服及び履物（名目）,2012-04,4.1,false
nominal,7,7,保健医療（名目）,2012-04,3.9,false
nominal,8,8,交通・通信（名目）,2012-04,17.1,false
nominal,9,9,教育（名目）,2012-04,8.3,false
nominal,10,10,教養娯楽（名目）,2012-04,10.4,false
nominal,11,11,その他の消費支出（名目）,2012-04,,true
nominal,12,12,消費支出（実質）,2012-04,124.4,false
nominal,13,13,食料（実質）,2012-04,30.8,false
nominal,14,14,住居（実質）,2012-04,7.4,false
nominal,15,15,光熱・水道（実質）,2012-04,9.9,false
nominal,16,16,家具・家事用品（実質）,2012-04,3.7,false
nominal,17,17,被服及び履物（実質）,2012-04,4.9,false
nominal,18,18,保健医療（実質）,2012-04,4.3,false
nominal,19,19,交通・通信（実質）,2012-04,17,false
nominal,20,20,教育（実質）,2012-04,7.8,false
nominal,21,21,教養娯楽（実質）,2012-04,12.8,false
nominal,22,22,その他の消費支出（実質）,2012-04,,true
nominal,1,1,消費支出（名目）,2012-05,95,false
nominal,2,2,食料（名目）,2012-05,22.6,false
nominal,3,3,住居（名目）,2012-05,6.8,false
nominal,4,4,光熱・水道（名目）,2012-05,6.9,false
nominal,5,5,家具・家事用品（名目）,2012-05,3.4,false
nominal,6,6,被服及び履物（名目）,2012-05,4.1,false
nominal,7,7,保健医療（名目）,2012-05,4.1,false
nominal,8,8,交通・通信（名目）,2012-05,16.2,false
nominal,9,9,教育（名目）,2012-05,3.3,false
nominal,10,10,教養娯楽（名目）,2012-05,10.5,false
nominal,11,11,その他の消費支出（名目）,2012-05,,true
nominal,12,12,消費支出（実質）,2012-05,115.5,false
nominal,13,13,食料（実質）,2012-05,32,false
nominal,14,14,住居（実質）,2012-05,8.1,false
nominal,15,15,光熱・水道（実質）,2012-05,8.7,false
nominal,16,16,家具・家事用品（実質）,2012-05,4.3,false
nominal,17,17,被服及び履物（実質）,2012-05,4.9,false
nominal,18,18,保健医療（実質）,2012-05,4.5,false
nominal,19,19,交通・通信（実質）,2012-05,16.3,false
nominal,20,20,教育（実質）,2012-05,3.1,false
nominal,21,21,教養娯楽（実質）,2012-05,13,false
nominal,22,22,その他の消費支出（実質）,2012-05,,true
nominal,1,1,消費支出（名目）,2012-06,90.2,false
nominal,2,2,食料（名目）,2012-06,21.7,false
nominal,3,3,住居（名目）,2012-06,7.2,false
nominal,4,4,光熱・水道（名目）,2012-06,5.9,false
nominal,5,5,家具・家事用品（名目）,2012-06,3.9,false
nominal,6,6,被服及び履物（名目）,2012-06,3.9,false
nominal,7,7,保健医療（名目）,2012-06,4.1,false
nominal,8,8,交通・通信（名目）,2012-06,16.1,false
nominal,9,9,教育（名目）,2012-06,2,false
nominal,10,10,教養娯楽（名目）,2012-06,9.5,false
nominal,11,11,その他の消費支出（名目）,2012-06,,true
nominal,12,12,消費支出（実質）,2012-06,110.3,false
nominal,13,13,食料（実質）,2012-06,30.9,false
nominal,14,14,住居（実質）,2012-06,8.5,false
nominal,15,15,光熱・水道（実質）,2012-06,7.4,false
nominal,16,16,家具・家事用品（実質）,2012-06,4.9,false
nominal,17,17,被服及び履物（実質）,2012-06,4.7,false
nominal,18,18,保健医療（実質）,2012-06,4.5,false
nominal,19,19,交通・通信（実質）,2012-06,16.4,false
nominal,20,20,教育（実質）,2012-06,1.9,false
nominal,21,21,教養娯楽（実質）,2012-06,11.8,false
nominal,22,22,その他の消費支出（実質）,2012-06,,true
nominal,1,1,消費支出（名目）,2012-07,93.4,false
nominal,2,2,食料（名目）,2012-07,22.9,false
nominal,3,3,住居（名目）,2012-07,6.9,false
nominal,4,4,光熱・水道（名目）,2012-07,5.6,false
nominal,5,5,家具・家事用品（名目）,2012-07,4.6,false
nominal,6,6,被服及び履物（名目）,2012-07,4.1,false
nominal,7,7,保健医療（名目）,2012-07,4.2,false
nominal,8,8,交通・通信（名目）,2012-07,16.6,false
nominal,9,9,教育（名目）,2012-07,2.4,false
nominal,10,10,教養娯楽（名目）,2012-07,9.7,false
nominal,11,11,その他の消費支出（名目）,2012-07,,true
nominal,12,12,消費支出（実質）,2012-07,114.7,false
nominal,13,13,食料（実質）,2012-07,32.8,false
nominal,14,14,住居（実質）,2012-07,8.2,false
nominal,15,15,光熱・水道（実質）,2012-07,7,false
nominal,16,16,家具・家事用品（実質）,2012-07,5.9,false
nominal,17,17,被服及び履物（実質）,2012-07,5,false
nominal,18,18,保健医療（実質）,2012-07,4.7,false
nominal,19,19,交通・通信（実質）,2012-07,16.9,false
nominal,20,20,教育（実質）,2012-07,2.2,false
nominal,21,21,教養娯楽（実質）,2012-07,12.1,false
nominal,22,22,その他の消費支出（実質）,2012-07,,true
nominal,1,1,消費支出（名目）,2012-08,94.4,false
nominal,2,2,食料（名目）,2012-08,24.1,false
nominal,3,3,住居（名目）,2012-08,6.8,false
nominal,4,4,光熱・水道（名目）,2012-08,6,false
nominal,5,5,家具・家事用品（名目）,2012-08,3.9,false
nominal,6,6,被服及び履物（名目）,2012-08,2.9,false
nominal,7,7,保健医療（名目）,2012-08,4.1,false
nominal,8,8,交通・通信（名目）,2012-08,15.7,false
nominal,9,9,教育（名目）,2012-08,2.2,false
nominal,10,10,教養娯楽（名目）,2012-08,11,false
nominal,11,11,その他の消費支出（名目）,2012-08,,true
nominal,12,12,消費支出（実質）,2012-08,115.8,false
nominal,13,13,食料（実質）,2012-08,34.5,false
nominal,14,14,住居（実質）,2012-08,8.1,false
nominal,15,15,光熱・水道（実質）,2012-08,7.5,false
nominal,16,16,家具・家事用品（実質）,2012-08,5.1,false
nominal,17,17,被服及び履物（実質）,2012-08,3.7,false
nominal,18,18,保健医療（実質）,2012-08,4.5,false
nominal,19,19,交通・通信（実質）,2012-08,15.9,false
nominal,20,20,教育（実質）,2012-08,2.1,false
nominal,21,21,教養娯楽（実質）,2012-08,13.5,false
nominal,22,22,その他の消費支出（実質）,2012-08,,true
nominal,1,1,消費支出（名目）,2012-09,90,false
nominal,2,2,食料（名目）,2012-09,21.7,false
nominal,3,3,住居（名目）,2012-09,6.1,false
nominal,4,4,光熱・水道（名目）,2012-09,6,false
nominal,5,5,家具・家事用品（名目）,2012-09,3.4,false
nominal,6,6,被服及び履物（名目）,2012-09,2.9,false
nominal,7,7,保健医療（名目）,2012-09,3.9,false
nominal,8,8,交通・通信（名目）,2012-09,15.5,false
nominal,9,9,教育（名目）,2012-09,4.5,false
nominal,10,10,教養娯楽（名目）,2012-09,9.2,false
nominal,11,11,その他の消費支出（名目）,2012-09,,true
nominal,12,12,消費支出（実質）,2012-09,110.1,false
nominal,13,13,食料（実質）,2012-09,31.1,false
nominal,14,14,住居（実質）,2012-09,7.3,false
nominal,15,15,光熱・水道（実質）,2012-09,7.4,false
nominal,16,16,家具・家事用品（実質）,2012-09,4.4,false
nominal,17,17,被服及び履物（実質）,2012-09,3.5,false
nominal,18,18,保健医療（実質）,2012-09,4.3,false
nominal,19,19,交通・通信（実質）,2012-09,15.6,false
nominal,20,20,教育（実質）,2012-09,4.2,false
nominal,21,21,教養娯楽（実質）,2012-09,11.5,false
nominal,22,22,その他の消費支出（実質）,2012-09,,true
nominal,1,1,消費支出（名目）,2012-10,95.7,false
nominal,2,2,食料（名目）,2012-10,22.2,false
nominal,3,3,住居（名目）,2012-10,7.2,false
nominal,4,4,光熱・水道（名目）,2012-10,6,false
nominal,5,5,家具・家事用品（名目）,2012-10,3.6,false
nominal,6,6,被服及び履物（名目）,2012-10,4.2,false
nominal,7,7,保健医療（名目）,2012-10,4.3,false
nominal,8,8,交通・通信（名目）,2012-10,16.3,false
nominal,9,9,教育（名目）,2012-10,5.1,false
nominal,10,10,教養娯楽（名目）,2012-10,9.8,false
nominal,11,11,その他の消費支出（名目）,2012-10,,true
nominal,12,12,消費支出（実質）,2012-10,117.2,false
nominal,13,13,食料（実質）,2012-10,31.9,false
nominal,14,14,住居（実質）,2012-10,8.6,false
nominal,15,15,光熱・水道（実質）,2012-10,7.4,false
nominal,16,16,家具・家事用品（実質）,2012-10,4.7,false
nominal,17,17,被服及び履物（実質）,2012-10,4.9,false
nominal,18,18,保健医療（実質）,2012-10,4.8,false
nominal,19,19,交通・通信（実質）,2012-10,16.4,false
nominal,20,20,教育（実質）,2012-10,4.8,false
nominal,21,21,教養娯楽（実質）,2012-10,12.3,false
nominal,22,22,その他の消費支出（実質）,2012-10,,true
nominal,1,1,消費支出（名目）,2012-11,90.7,false
nominal,2,2,食料（名目）,2012-11,21.7,false
nominal,3,3,住居（名目）,2012-11,6.6,false
nominal,4,4,光熱・水道（名目）,2012-11,6.2,false
nominal,5,5,家具・家事用品（名目）,2012-11,3.5,false
nominal,6,6,被服及び履物（名目）,2012-11,4.7,false
nominal,7,7,保健医療（名目）,2012-11,4.3,false
nominal,8,8,交通・通信（名目）,2012-11,15.2,false
nominal,9,9,教育（名目）,2012-11,2.6,false
nominal,10,10,教養娯楽（名目）,2012-11,9.4,false
nominal,11,11,その他の消費支出（名目）,2012-11,,true
nominal,12,12,消費支出（実質）,2012-11,111.4,false
nominal,13,13,食料（実質）,2012-11,31.2,false
nominal,14,14,住居（実質）,2012-11,7.8,false
nominal,15,15,光熱・水道（実質）,2012-11,7.6,false
nominal,16,16,家具・家事用品（実質）,2012-11,4.6,false
nominal,17,17,被服及び履物（実質）,2012-11,5.5,false
nominal,18,18,保健医療（実質）,2012-11,4.7,false
nominal,19,19,交通・通信（実質）,2012-11,15.5,false
nominal,20,20,教育（実質）,2012-11,2.4,false
nominal,21,21,教養娯楽（実質）,2012-11,11.9,false
nominal,22,22,その他の消費支出（実質）,2012-11,,true
nominal,1,1,消費支出（名目）,2012-12,107.7,false
nominal,2,2,食料（名目）,2012-12,29.2,false
nominal,3,3,住居（名目）,2012-12,7.6,false
nominal,4,4,光熱・水道（名目）,2012-12,7.7,false
nominal,5,5,家具・家事用品（名目）,2012-12,4.4,false
nominal,6,6,被服及び履物（名目）,2012-12,4.9,false
nominal,7,7,保健医療（名目）,2012-12,4.5,false
nominal,8,8,交通・通信（名目）,2012-12,16.3,false
nominal,9,9,教育（名目）,2012-12,2.5,false
nominal,10,10,教養娯楽（名目）,2012-12,11.3,false
nominal,11,11,その他の消費支出（名目）,2012-12,,true
nominal,12,12,消費支出（実質）,2012-12,132.3,false
nominal,13,13,食料（実質）,2012-12,41.8,false
nominal,14,14,住居（実質）,2012-12,9,false
nominal,15,15,光熱・水道（実質）,2012-12,9.5,false
nominal,16,16,家具・家事用品（実質）,2012-12,5.9,false
nominal,17,17,被服及び履物（実質）,2012-12,5.8,false
nominal,18,18,保健医療（実質）,2012-12,5,false
nominal,19,19,交通・通信（実質）,2012-12,16.5,false
nominal,20,20,教育（実質）,2012-12,2.4,false
nominal,21,21,教養娯楽（実質）,2012-12,14.3,false
nominal,22,22,その他の消費支出（実質）,2012-12,,true
nominal,1,1,消費支出（名目）,2013-01,94.4,false
nominal,2,2,食料（名目）,2013-01,21.4,false
nominal,3,3,住居（名目）,2013-01,5.4,false
nominal,4,4,光熱・水道（名目）,2013-01,9.2,false
nominal,5,5,家具・家事用品（名目）,2013-01,3.1,false
nominal,6,6,被服及び履物（名目）,2013-01,4.4,false
nominal,7,7,保健医療（名目）,2013-01,3.9,false
nominal,8,8,交通・通信（名目）,2013-01,14.7,false
nominal,9,9,教育（名目）,2013-01,2.7,false
nominal,10,10,教養娯楽（名目）,2013-01,9.1,false
nominal,11,11,その他の消費支出（名目）,2013-01,,true
nominal,12,12,消費支出（実質）,2013-01,115.8,false
nominal,13,13,食料（実質）,2013-01,30.2,false
nominal,14,14,住居（実質）,2013-01,6.5,false
nominal,15,15,光熱・水道（実質）,2013-01,11.4,false
nominal,16,16,家具・家事用品（実質）,2013-01,4.1,false
nominal,17,17,被服及び履物（実質）,2013-01,5.5,false
nominal,18,18,保健医療（実質）,2013-01,4.3,false
nominal,19,19,交通・通信（実質）,2013-01,14.9,false
nominal,20,20,教育（実質）,2013-01,2.6,false
nominal,21,21,教養娯楽（実質）,2013-01,11.7,false
nominal,22,22,その他の消費支出（実質）,2013-01,,true
nominal,1,1,消費支出（名目）,2013-02,89.9,false
nominal,2,2,食料（名目）,2013-02,20.3,false
nominal,3,3,住居（名目）,2013-02,5.8,false
nominal,4,4,光熱・水道（名目）,2013-02,9.4,false
nominal,5,5,家具・家事用品（名目）,2013-02,2.6,false
nominal,6,6,被服及び履物（名目）,2013-02,3.2,false
nominal,7,7,保健医療（名目）,2013-02,3.9,false
nominal,8,8,交通・通信（名目）,2013-02,16.7,false
nominal,9,9,教育（名目）,2013-02,3,false
nominal,10,10,教養娯楽（名目）,2013-02,9,false
nominal,11,11,その他の消費支出（名目）,2013-02,,true
nominal,12,12,消費支出（実質）,2013-02,110.5,false
nominal,13,13,食料（実質）,2013-02,29,false
nominal,14,14,住居（実質）,2013-02,6.9,false
nominal,15,15,光熱・水道（実質）,2013-02,11.6,false
nominal,16,16,家具・家事用品（実質）,2013-02,3.4,false
nominal,17,17,被服及び履物（実質）,2013-02,4,false
nominal,18,18,保健医療（実質）,2013-02,4.3,false
nominal,19,19,交通・通信（実質）,2013-02,16.7,false
nominal,20,20,教育（実質）,2013-02,2.8,false
nominal,21,21,教養娯楽（実質）,2013-02,11.5,false
nominal,22,22,その他の消費支出（実質）,2013-02,,true
nominal,1,1,消費支出（名目）,2013-03,106.6,false
nominal,2,2,食料（名目）,2013-03,23.2,false
nominal,3,3,住居（名目）,2013-03,6.8,false
nominal,4,4,光熱・水道（名目）,2013-03,8.6,false
nominal,5,5,家具・家事用品（名目）,2013-03,3.2,false
nominal,6,6,被服及び履物（名目）,2013-03,4.7,false
nominal,7,7,保健医療（名目）,2013-03,4.3,false
nominal,8,8,交通・通信（名目）,2013-03,20,false
nominal,9,9,教育（名目）,2013-03,4.6,false
nominal,10,10,教養娯楽（名目）,2013-03,10.5,false
nominal,11,11,その他の消費支出（名目）,2013-03,,true
nominal,12,12,消費支出（実質）,2013-03,130.7,false
nominal,13,13,食料（実質）,2013-03,33.3,false
nominal,14,14,住居（実質）,2013-03,8.1,false
nominal,15,15,光熱・水道（実質）,2013-03,10.6,false
nominal,16,16,家具・家事用品（実質）,2013-03,4.2,false
nominal,17,17,被服及び履物（実質）,2013-03,5.7,false
nominal,18,18,保健医療（実質）,2013-03,4.7,false
nominal,19,19,交通・通信（実質）,2013-03,20,false
nominal,20,20,教育（実質）,2013-03,4.4,false
nominal,21,21,教養娯楽（実質）,2013-03,13.3,false
nominal,22,22,その他の消費支出（実質）,2013-03,,true
nominal,1,1,消費支出（名目）,2013-04,104.2,false
nominal,2,2,食料（名目）,2013-04,21.9,false
nominal,3,3,住居（名目）,2013-04,7.2,false
nominal,4,4,光熱・水道（名目）,2013-04,7.5,false
nominal,5,5,家具・家事用品（名目）,2013-04,3.2,false
nominal,6,6,被服及び履物（名目）,2013-04,4.2,false
nominal,7,7,保健医療（名目）,2013-04,4,false
nominal,8,8,交通・通信（名目）,2013-04,17.1,false
nominal,9,9,教育（名目）,2013-04,8.7,false
nominal,10,10,教養娯楽（名目）,2013-04,10.5,false
nominal,11,11,その他の消費支出（名目）,2013-04,,true
nominal,12,12,消費支出（実質）,2013-04,127.4,false
nominal,13,13,食料（実質）,2013-04,31.4,false
nominal,14,14,住居（実質）,2013-04,8.5,false
nominal,15,15,光熱・水道（実質）,2013-04,9.2,false
nominal,16,16,家具・家事用品（実質）,2013-04,4.1,false
nominal,17,17,被服及び履物（実質）,2013-04,5,false
nominal,18,18,保健医療（実質）,2013-04,4.4,false
nominal,19,19,交通・通信（実質）,2013-04,17,false
nominal,20,20,教育（実質）,2013-04,8.2,false
nominal,21,21,教養娯楽（実質）,2013-04,13.3,false
nominal,22,22,その他の消費支出（実質）,2013-04,,true
nominal,1,1,消費支出（名目）,2013-05,93.8,false
nominal,2,2,食料（名目）,2013-05,23.1,false
nominal,3,3,住居（名目）,2013-05,7.1,false
nominal,4,4,光熱・水道（名目）,2013-05,6.7,false
nominal,5,5,家具・家事用品（名目）,2013-05,3.5,false
nominal,6,6,被服及び履物（名目）,2013-05,4.4,false
nominal,7,7,保健医療（名目）,2013-05,4,false
nominal,8,8,交通・通信（名目）,2013-05,14.8,false
nominal,9,9,教育（名目）,2013-05,3.3,false
nominal,10,10,教養娯楽（名目）,2013-05,10.2,false
nominal,11,11,その他の消費支出（名目）,2013-05,,true
nominal,12,12,消費支出（実質）,2013-05,114.6,false
nominal,13,13,食料（実質）,2013-05,33.1,false
nominal,14,14,住居（実質）,2013-05,8.4,false
nominal,15,15,光熱・水道（実質）,2013-05,8.1,false
nominal,16,16,家具・家事用品（実質）,2013-05,4.6,false
nominal,17,17,被服及び履物（実質）,2013-05,5.2,false
nominal,18,18,保健医療（実質）,2013-05,4.5,false
nominal,19,19,交通・通信（実質）,2013-05,14.8,false
nominal,20,20,教育（実質）,2013-05,3,false
nominal,21,21,教養娯楽（実質）,2013-05,12.8,false
nominal,22,22,その他の消費支出（実質）,2013-05,,true
nominal,1,1,消費支出（名目）,2013-06,90.3,false
nominal,2,2,食料（名目）,2013-06,22.4,false
nominal,3,3,住居（名目）,2013-06,7,false
nominal,4,4,光熱・水道（名目）,2013-06,6,false
nominal,5,5,家具・家事用品（名目）,2013-06,4,false
nominal,6,6,被服及び履物（名目）,2013-06,4.2,false
nominal,7,7,保健医療（名目）,2013-06,4.1,false
nominal,8,8,交通・通信（名目）,2013-06,15.1,false
nominal,9,9,教育（名目）,2013-06,2,false
nominal,10,10,教養娯楽（名目）,2013-06,9.7,false
nominal,11,11,その他の消費支出（名目）,2013-06,,true
nominal,12,12,消費支出（実質）,2013-06,110.3,false
nominal,13,13,食料（実質）,2013-06,32.2,false
nominal,14,14,住居（実質）,2013-06,8.3,false
nominal,15,15,光熱・水道（実質）,2013-06,7.1,false
nominal,16,16,家具・家事用品（実質）,2013-06,5.3,false
nominal,17,17,被服及び履物（実質）,2013-06,5,false
nominal,18,18,保健医療（実質）,2013-06,4.5,false
nominal,19,19,交通・通信（実質）,2013-06,15.1,false
nominal,20,20,教育（実質）,2013-06,1.9,false
nominal,21,21,教養娯楽（実質）,2013-06,12.2,false
nominal,22,22,その他の消費支出（実質）,2013-06,,true
nominal,1,1,消費支出（名目）,2013-07,95.3,false
nominal,2,2,食料（名目）,2013-07,23.5,false
nominal,3,3,住居（名目）,2013-07,7.4,false
nominal,4,4,光熱・水道（名目）,2013-07,5.9,false
nominal,5,5,家具・家事用品（名目）,2013-07,4.9,false
nominal,6,6,被服及び履物（名目）,2013-07,4.1,false
nominal,7,7,保健医療（名目）,2013-07,4.2,false
nominal,8,8,交通・通信（名目）,2013-07,16.2,false
nominal,9,9,教育（名目）,2013-07,2.4,false
nominal,10,10,教養娯楽（名目）,2013-07,10.1,false
nominal,11,11,その他の消費支出（名目）,2013-07,,true
nominal,12,12,消費支出（実質）,2013-07,116,false
nominal,13,13,食料（実質）,2013-07,33.6,false
nominal,14,14,住居（実質）,2013-07,8.8,false
nominal,15,15,光熱・水道（実質）,2013-07,6.9,false
nominal,16,16,家具・家事用品（実質）,2013-07,6.5,false
nominal,17,17,被服及び履物（実質）,2013-07,5,false
nominal,18,18,保健医療（実質）,2013-07,4.6,false
nominal,19,19,交通・通信（実質）,2013-07,16.1,false
nominal,20,20,教育（実質）,2013-07,2.3,false
nominal,21,21,教養娯楽（実質）,2013-07,12.7,false
nominal,22,22,その他の消費支出（実質）,2013-07,,true
nominal,1,1,消費支出（名目）,2013-08,94.7,false
nominal,2,2,食料（名目）,2013-08,24.8,false
nominal,3,3,住居（名目）,2013-08,6.8,false
nominal,4,4,光熱・水道（名目）,2013-08,6.3,false
nominal,5,5,家具・家事用品（名目）,2013-08,4.3,false
nominal,6,6,被服及び履物（名目）,2013-08,3.1,false
nominal,7,7,保健医療（名目）,2013-08,4,false
nominal,8,8,交通・通信（名目）,2013-08,15.4,false
nominal,9,9,教育（名目）,2013-08,2.2,false
nominal,10,10,教養娯楽（名目）,2013-08,11.2,false
nominal,11,11,その他の消費支出（名目）,2013-08,,true
nominal,12,12,消費支出（実質）,2013-08,114.8,false
nominal,13,13,食料（実質）,2013-08,35.3,false
nominal,14,14,住居（実質）,2013-08,8.1,false
nominal,15,15,光熱・水道（実質）,2013-08,7.5,false
nominal,16,16,家具・家事用品（実質）,2013-08,5.7,false
nominal,17,17,被服及び履物（実質）,2013-08,3.9,false
nominal,18,18,保健医療（実質）,2013-08,4.4,false
nominal,19,19,交通・通信（実質）,2013-08,15.1,false
nominal,20,20,教育（実質）,2013-08,2.1,false
nominal,21,21,教養娯楽（実質）,2013-08,13.8,false
nominal,22,22,その他の消費支出（実質）,2013-08,,true
nominal,1,1,消費支出（名目）,2013-09,93.6,false
nominal,2,2,食料（名目）,2013-09,22.4,false
nominal,3,3,住居（名目）,2013-09,6.7,false
nominal,4,4,光熱・水道（名目）,2013-09,6.6,false
nominal,5,5,家具・家事用品（名目）,2013-09,3.4,false
nominal,6,6,被服及び履物（名目）,2013-09,3.2,false
nominal,7,7,保健医療（名目）,2013-09,4.1,false
nominal,8,8,交通・通信（名目）,2013-09,16.7,false
nominal,9,9,教育（名目）,2013-09,5,false
nominal,10,10,教養娯楽（名目）,2013-09,9.5,false
nominal,11,11,その他の消費支出（名目）,2013-09,,true
nominal,12,12,消費支出（実質）,2013-09,113.1,false
nominal,13,13,食料（実質）,2013-09,31.7,false
nominal,14,14,住居（実質）,2013-09,8,false
nominal,15,15,光熱・水道（実質）,2013-09,7.6,false
nominal,16,16,家具・家事用品（実質）,2013-09,4.5,false
nominal,17,17,被服及び履物（実質）,2013-09,3.8,false
nominal,18,18,保健医療（実質）,2013-09,4.6,false
nominal,19,19,交通・通信（実質）,2013-09,16.5,false
nominal,20,20,教育（実質）,2013-09,4.7,false
nominal,21,21,教養娯楽（実質）,2013-09,12,false
nominal,22,22,その他の消費支出（実質）,2013-09,,true
nominal,1,1,消費支出（名目）,2013-10,97.7,false
nominal,2,2,食料（名目）,2013-10,22.5,false
nominal,3,3,住居（名目）,2013-10,7.1,false
nominal,4,4,光熱・水道（名目）,2013-10,6.1,false
nominal,5,5,家具・家事用品（名目）,2013-10,3.6,false
nominal,6,6,被服及び履物（名目）,2013-10,4.3,false
nominal,7,7,保健医療（名目）,2013-10,4.1,false
nominal,8,8,交通・通信（名目）,2013-10,17.4,false
nominal,9,9,教育（名目）,2013-10,5.4,false
nominal,10,10,教養娯楽（名目）,2013-10,10,false
nominal,11,11,その他の消費支出（名目）,2013-10,,true
nominal,12,12,消費支出（実質）,2013-10,117.8,false
nominal,13,13,食料（実質）,2013-10,31.9,false
nominal,14,14,住居（実質）,2013-10,8.5,false
nominal,15,15,光熱・水道（実質）,2013-10,7.1,false
nominal,16,16,家具・家事用品（実質）,2013-10,4.7,false
nominal,17,17,被服及び履物（実質）,2013-10,5,false
nominal,18,18,保健医療（実質）,2013-10,4.6,false
nominal,19,19,交通・通信（実質）,2013-10,17.2,false
nominal,20,20,教育（実質）,2013-10,5.1,false
nominal,21,21,教養娯楽（実質）,2013-10,12.5,false
nominal,22,22,その他の消費支出（実質）,2013-10,,true
nominal,1,1,消費支出（名目）,2013-11,94.5,false
nominal,2,2,食料（名目）,2013-11,22.6,false
nominal,3,3,住居（名目）,2013-11,7.5,false
nominal,4,4,光熱・水道（名目）,2013-11,6.5,false
nominal,5,5,家具・家事用品（名目）,2013-11,3.8,false
nominal,6,6,被服及び履物（名目）,2013-11,4.9,false
nominal,7,7,保健医療（名目）,2013-11,4.4,false
nominal,8,8,交通・通信（名目）,2013-11,16.2,false
nominal,9,9,教育（名目）,2013-11,2.6,false
nominal,10,10,教養娯楽（名目）,2013-11,9.7,false
nominal,11,11,その他の消費支出（名目）,2013-11,,true
nominal,12,12,消費支出（実質）,2013-11,114,false
nominal,13,13,食料（実質）,2013-11,31.9,false
nominal,14,14,住居（実質）,2013-11,8.9,false
nominal,15,15,光熱・水道（実質）,2013-11,7.6,false
nominal,16,16,家具・家事用品（実質）,2013-11,5,false
nominal,17,17,被服及び履物（実質）,2013-11,5.7,false
nominal,18,18,保健医療（実質）,2013-11,4.9,false
nominal,19,19,交通・通信（実質）,2013-11,16,false
nominal,20,20,教育（実質）,2013-11,2.4,false
nominal,21,21,教養娯楽（実質）,2013-11,12.1,false
nominal,22,22,その他の消費支出（実質）,2013-11,,true
nominal,1,1,消費支出（名目）,2013-12,111.5,false
nominal,2,2,食料（名目）,2013-12,30,false
nominal,3,3,住居（名目）,2013-12,8.5,false
nominal,4,4,光熱・水道（名目）,2013-12,7.9,false
nominal,5,5,家具・家事用品（名目）,2013-12,4.7,false
nominal,6,6,被服及び履物（名目）,2013-12,5,false
nominal,7,7,保健医療（名目）,2013-12,4.7,false
nominal,8,8,交通・通信（名目）,2013-12,18,false
nominal,9,9,教育（名目）,2013-12,2.5,false
nominal,10,10,教養娯楽（名目）,2013-12,11.5,false
nominal,11,11,その他の消費支出（名目）,2013-12,,true
nominal,12,12,消費支出（実質）,2013-12,134.3,false
nominal,13,13,食料（実質）,2013-12,42,false
nominal,14,14,住居（実質）,2013-12,10.1,false
nominal,15,15,光熱・水道（実質）,2013-12,9.2,false
nominal,16,16,家具・家事用品（実質）,2013-12,6.2,false
nominal,17,17,被服及び履物（実質）,2013-12,5.9,false
nominal,18,18,保健医療（実質）,2013-12,5.3,false
nominal,19,19,交通・通信（実質）,2013-12,17.9,false
nominal,20,20,教育（実質）,2013-12,2.3,false
nominal,21,21,教養娯楽（実質）,2013-12,14.4,false
nominal,22,22,その他の消費支出（実質）,2013-12,,true
nominal,1,1,消費支出（名目）,2014-01,97.5,false
nominal,2,2,食料（名目）,2014-01,22,false
nominal,3,3,住居（名目）,2014-01,6.3,false
nominal,4,4,光熱・水道（名目）,2014-01,9.4,false
nominal,5,5,家具・家事用品（名目）,2014-01,3.3,false
nominal,6,6,被服及び履物（名目）,2014-01,5,false
nominal,7,7,保健医療（名目）,2014-01,3.9,false
nominal,8,8,交通・通信（名目）,2014-01,15.7,false
nominal,9,9,教育（名目）,2014-01,2.6,false
nominal,10,10,教養娯楽（名目）,2014-01,9.5,false
nominal,11,11,その他の消費支出（名目）,2014-01,,true
nominal,12,12,消費支出（実質）,2014-01,117.6,false
nominal,13,13,食料（実質）,2014-01,30.7,false
nominal,14,14,住居（実質）,2014-01,7.5,false
nominal,15,15,光熱・水道（実質）,2014-01,10.9,false
nominal,16,16,家具・家事用品（実質）,2014-01,4.3,false
nominal,17,17,被服及び履物（実質）,2014-01,6.2,false
nominal,18,18,保健医療（実質）,2014-01,4.4,false
nominal,19,19,交通・通信（実質）,2014-01,15.6,false
nominal,20,20,教育（実質）,2014-01,2.4,false
nominal,21,21,教養娯楽（実質）,2014-01,12.1,false
nominal,22,22,その他の消費支出（実質）,2014-01,,true
nominal,1,1,消費支出（名目）,2014-02,90.2,false
nominal,2,2,食料（名目）,2014-02,20.6,false
nominal,3,3,住居（名目）,2014-02,6.3,false
nominal,4,4,光熱・水道（名目）,2014-02,9.8,false
nominal,5,5,家具・家事用品（名目）,2014-02,3.5,false
nominal,6,6,被服及び履物（名目）,2014-02,3,false
nominal,7,7,保健医療（名目）,2014-02,4,false
nominal,8,8,交通・通信（名目）,2014-02,16.8,false
nominal,9,9,教育（名目）,2014-02,2.9,false
nominal,10,10,教養娯楽（名目）,2014-02,8.5,false
nominal,11,11,その他の消費支出（名目）,2014-02,,true
nominal,12,12,消費支出（実質）,2014-02,108.7,false
nominal,13,13,食料（実質）,2014-02,28.8,false
nominal,14,14,住居（実質）,2014-02,7.5,false
nominal,15,15,光熱・水道（実質）,2014-02,11.4,false
nominal,16,16,家具・家事用品（実質）,2014-02,4.5,false
nominal,17,17,被服及び履物（実質）,2014-02,3.7,false
nominal,18,18,保健医療（実質）,2014-02,4.5,false
nominal,19,19,交通・通信（実質）,2014-02,16.6,false
nominal,20,20,教育（実質）,2014-02,2.7,false
nominal,21,21,教養娯楽（実質）,2014-02,10.8,false
nominal,22,22,その他の消費支出（実質）,2014-02,,true
nominal,1,1,消費支出（名目）,2014-03,118.3,false
nominal,2,2,食料（名目）,2014-03,24.5,false
nominal,3,3,住居（名目）,2014-03,7.6,false
nominal,4,4,光熱・水道（名目）,2014-03,9.3,false
nominal,5,5,家具・家事用品（名目）,2014-03,5.8,false
nominal,6,6,被服及び履物（名目）,2014-03,5.2,false
nominal,7,7,保健医療（名目）,2014-03,5,false
nominal,8,8,交通・通信（名目）,2014-03,24.1,false
nominal,9,9,教育（名目）,2014-03,4.8,false
nominal,10,10,教養娯楽（名目）,2014-03,11.8,false
nominal,11,11,その他の消費支出（名目）,2014-03,,true
nominal,12,12,消費支出（実質）,2014-03,142.3,false
nominal,13,13,食料（実質）,2014-03,34.4,false
nominal,14,14,住居（実質）,2014-03,9,false
nominal,15,15,光熱・水道（実質）,2014-03,10.8,false
nominal,16,16,家具・家事用品（実質）,2014-03,7.5,false
nominal,17,17,被服及び履物（実質）,2014-03,6.3,false
nominal,18,18,保健医療（実質）,2014-03,5.5,false
nominal,19,19,交通・通信（実質）,2014-03,23.8,false
nominal,20,20,教育（実質）,2014-03,4.5,false
nominal,21,21,教養娯楽（実質）,2014-03,14.8,false
nominal,22,22,その他の消費支出（実質）,2014-03,,true
nominal,1,1,消費支出（名目）,2014-04,99.6,false
nominal,2,2,食料（名目）,2014-04,21.5,false
nominal,3,3,住居（名目）,2014-04,7.2,false
nominal,4,4,光熱・水道（名目）,2014-04,7.9,false
nominal,5,5,家具・家事用品（名目）,2014-04,2.7,false
nominal,6,6,被服及び履物（名目）,2014-04,4,false
nominal,7,7,保健医療（名目）,2014-04,3.9,false
nominal,8,8,交通・通信（名目）,2014-04,15.6,false
nominal,9,9,教育（名目）,2014-04,8,false
nominal,10,10,教養娯楽（名目）,2014-04,10.4,false
nominal,11,11,その他の消費支出（名目）,2014-04,,true
nominal,12,12,消費支出（実質）,2014-04,116.9,false
nominal,13,13,食料（実質）,2014-04,29.4,false
nominal,14,14,住居（実質）,2014-04,8.4,false
nominal,15,15,光熱・水道（実質）,2014-04,9.1,false
nominal,16,16,家具・家事用品（実質）,2014-04,3.3,false
nominal,17,17,被服及び履物（実質）,2014-04,4.6,false
nominal,18,18,保健医療（実質）,2014-04,4.2,false
nominal,19,19,交通・通信（実質）,2014-04,15.1,false
nominal,20,20,教育（実質）,2014-04,7.3,false
nominal,21,21,教養娯楽（実質）,2014-04,12.6,false
nominal,22,22,その他の消費支出（実質）,2014-04,,true
nominal,1,1,消費支出（名目）,2014-05,90.9,false
nominal,2,2,食料（名目）,2014-05,23.7,false
nominal,3,3,住居（名目）,2014-05,6.5,false
nominal,4,4,光熱・水道（名目）,2014-05,6.7,false
nominal,5,5,家具・家事用品（名目）,2014-05,3.1,false
nominal,6,6,被服及び履物（名目）,2014-05,4.3,false
nominal,7,7,保健医療（名目）,2014-05,3.8,false
nominal,8,8,交通・通信（名目）,2014-05,13.2,false
nominal,9,9,教育（名目）,2014-05,3.2,false
nominal,10,10,教養娯楽（名目）,2014-05,10.3,false
nominal,11,11,その他の消費支出（名目）,2014-05,,true
nominal,12,12,消費支出（実質）,2014-05,106.2,false
nominal,13,13,食料（実質）,2014-05,32.3,false
nominal,14,14,住居（実質）,2014-05,7.7,false
nominal,15,15,光熱・水道（実質）,2014-05,7.4,false
nominal,16,16,家具・家事用品（実質）,2014-05,3.8,false
nominal,17,17,被服及び履物（実質）,2014-05,5,false
nominal,18,18,保健医療（実質）,2014-05,4.2,false
nominal,19,19,交通・通信（実質）,2014-05,12.7,false
nominal,20,20,教育（実質）,2014-05,2.9,false
nominal,21,21,教養娯楽（実質）,2014-05,12.5,false
nominal,22,22,その他の消費支出（実質）,2014-05,,true
nominal,1,1,消費支出（名目）,2014-06,90.2,false
nominal,2,2,食料（名目）,2014-06,22.7,false
nominal,3,3,住居（名目）,2014-06,6.9,false
nominal,4,4,光熱・水道（名目）,2014-06,6.3,false
nominal,5,5,家具・家事用品（名目）,2014-06,3.9,false
nominal,6,6,被服及び履物（名目）,2014-06,4.1,false
nominal,7,7,保健医療（名目）,2014-06,4,false
nominal,8,8,交通・通信（名目）,2014-06,14.7,false
nominal,9,9,教育（名目）,2014-06,2,false
nominal,10,10,教養娯楽（名目）,2014-06,9.8,false
nominal,11,11,その他の消費支出（名目）,2014-06,,true
nominal,12,12,消費支出（実質）,2014-06,105.4,false
nominal,13,13,食料（実質）,2014-06,31.1,false
nominal,14,14,住居（実質）,2014-06,8.1,false
nominal,15,15,光熱・水道（実質）,2014-06,7,false
nominal,16,16,家具・家事用品（実質）,2014-06,4.9,false
nominal,17,17,被服及び履物（実質）,2014-06,4.8,false
nominal,18,18,保健医療（実質）,2014-06,4.4,false
nominal,19,19,交通・通信（実質）,2014-06,14.1,false
nominal,20,20,教育（実質）,2014-06,1.9,false
nominal,21,21,教養娯楽（実質）,2014-06,11.8,false
nominal,22,22,その他の消費支出（実質）,2014-06,,true
nominal,1,1,消費支出（名目）,2014-07,93,false
nominal,2,2,食料（名目）,2014-07,23.4,false
nominal,3,3,住居（名目）,2014-07,7.1,false
nominal,4,4,光熱・水道（名目）,2014-07,5.9,false
nominal,5,5,家具・家事用品（名目）,2014-07,4.4,false
nominal,6,6,被服及び履物（名目）,2014-07,3.8,false
nominal,7,7,保健医療（名目）,2014-07,4.1,false
nominal,8,8,交通・通信（名目）,2014-07,15.8,false
nominal,9,9,教育（名目）,2014-07,2.4,false
nominal,10,10,教養娯楽（名目）,2014-07,9.8,false
nominal,11,11,その他の消費支出（名目）,2014-07,,true
nominal,12,12,消費支出（実質）,2014-07,108.6,false
nominal,13,13,食料（実質）,2014-07,32,false
nominal,14,14,住居（実質）,2014-07,8.3,false
nominal,15,15,光熱・水道（実質）,2014-07,6.5,false
nominal,16,16,家具・家事用品（実質）,2014-07,5.5,false
nominal,17,17,被服及び履物（実質）,2014-07,4.6,false
nominal,18,18,保健医療（実質）,2014-07,4.5,false
nominal,19,19,交通・通信（実質）,2014-07,15.1,false
nominal,20,20,教育（実質）,2014-07,2.2,false
nominal,21,21,教養娯楽（実質）,2014-07,11.7,false
nominal,22,22,その他の消費支出（実質）,2014-07,,true
nominal,1,1,消費支出（名目）,2014-08,93.6,false
nominal,2,2,食料（名目）,2014-08,25.2,false
nominal,3,3,住居（名目）,2014-08,6.3,false
nominal,4,4,光熱・水道（名目）,2014-08,6.3,false
nominal,5,5,家具・家事用品（名目）,2014-08,3.9,false
nominal,6,6,被服及び履物（名目）,2014-08,3.3,false
nominal,7,7,保健医療（名目）,2014-08,3.9,false
nominal,8,8,交通・通信（名目）,2014-08,14.7,false
nominal,9,9,教育（名目）,2014-08,2.2,false
nominal,10,10,教養娯楽（名目）,2014-08,10.9,false
nominal,11,11,その他の消費支出（名目）,2014-08,,true
nominal,12,12,消費支出（実質）,2014-08,109.1,false
nominal,13,13,食料（実質）,2014-08,34.3,false
nominal,14,14,住居（実質）,2014-08,7.4,false
nominal,15,15,光熱・水道（実質）,2014-08,7,false
nominal,16,16,家具・家事用品（実質）,2014-08,5,false
nominal,17,17,被服及び履物（実質）,2014-08,4,false
nominal,18,18,保健医療（実質）,2014-08,4.3,false
nominal,19,19,交通・通信（実質）,2014-08,14.1,false
nominal,20,20,教育（実質）,2014-08,2,false
nominal,21,21,教養娯楽（実質）,2014-08,12.9,false
nominal,22,22,その他の消費支出（実質）,2014-08,,true
nominal,1,1,消費支出（名目）,2014-09,92.3,false
nominal,2,2,食料（名目）,2014-09,22.8,false
nominal,3,3,住居（名目）,2014-09,6.1,false
nominal,4,4,光熱・水道（名目）,2014-09,6.3,false
nominal,5,5,家具・家事用品（名目）,2014-09,3.2,false
nominal,6,6,被服及び履物（名目）,2014-09,3.2,false
nominal,7,7,保健医療（名目）,2014-09,3.9,false
nominal,8,8,交通・通信（名目）,2014-09,17.4,false
nominal,9,9,教育（名目）,2014-09,4.4,false
nominal,10,10,教養娯楽（名目）,2014-09,9.6,false
nominal,11,11,その他の消費支出（名目）,2014-09,,true
nominal,12,12,消費支出（実質）,2014-09,107.4,false
nominal,13,13,食料（実質）,2014-09,30.6,false
nominal,14,14,住居（実質）,2014-09,7.2,false
nominal,15,15,光熱・水道（実質）,2014-09,7,false
nominal,16,16,家具・家事用品（実質）,2014-09,4,false
nominal,17,17,被服及び履物（実質）,2014-09,3.7,false
nominal,18,18,保健医療（実質）,2014-09,4.3,false
nominal,19,19,交通・通信（実質）,2014-09,16.7,false
nominal,20,20,教育（実質）,2014-09,4.1,false
nominal,21,21,教養娯楽（実質）,2014-09,11.5,false
nominal,22,22,その他の消費支出（実質）,2014-09,,true
nominal,1,1,消費支出（名目）,2014-10,95.7,false
nominal,2,2,食料（名目）,2014-10,23.1,false
nominal,3,3,住居（名目）,2014-10,6.8,false
nominal,4,4,光熱・水道（名目）,2014-10,6.3,false
nominal,5,5,家具・家事用品（名目）,2014-10,3.2,false
nominal,6,6,被服及び履物（名目）,2014-10,4.2,false
nominal,7,7,保健医療（名目）,2014-10,4.4,false
nominal,8,8,交通・通信（名目）,2014-10,16,false
nominal,9,9,教育（名目）,2014-10,5.2,false
nominal,10,10,教養娯楽（名目）,2014-10,9.9,false
nominal,11,11,その他の消費支出（名目）,2014-10,,true
nominal,12,12,消費支出（実質）,2014-10,111.7,false
nominal,13,13,食料（実質）,2014-10,31.4,false
nominal,14,14,住居（実質）,2014-10,8,false
nominal,15,15,光熱・水道（実質）,2014-10,7,false
nominal,16,16,家具・家事用品（実質）,2014-10,4.1,false
nominal,17,17,被服及び履物（実質）,2014-10,4.7,false
nominal,18,18,保健医療（実質）,2014-10,4.8,false
nominal,19,19,交通・通信（実質）,2014-10,15.4,false
nominal,20,20,教育（実質）,2014-10,4.8,false
nominal,21,21,教養娯楽（実質）,2014-10,11.8,false
nominal,22,22,その他の消費支出（実質）,2014-10,,true
nominal,1,1,消費支出（名目）,2014-11,93.5,false
nominal,2,2,食料（名目）,2014-11,23.4,false
nominal,3,3,住居（名目）,2014-11,6.6,false
nominal,4,4,光熱・水道（名目）,2014-11,6.4,false
nominal,5,5,家具・家事用品（名目）,2014-11,3.5,false
nominal,6,6,被服及び履物（名目）,2014-11,4.9,false
nominal,7,7,保健医療（名目）,2014-11,4.5,false
nominal,8,8,交通・通信（名目）,2014-11,15.8,false
nominal,9,9,教育（名目）,2014-11,2.6,false
nominal,10,10,教養娯楽（名目）,2014-11,9.8,false
nominal,11,11,その他の消費支出（名目）,2014-11,,true
nominal,12,12,消費支出（実質）,2014-11,109.7,false
nominal,13,13,食料（実質）,2014-11,32.1,false
nominal,14,14,住居（実質）,2014-11,7.7,false
nominal,15,15,光熱・水道（実質）,2014-11,7.1,false
nominal,16,16,家具・家事用品（実質）,2014-11,4.5,false
nominal,17,17,被服及び履物（実質）,2014-11,5.5,false
nominal,18,18,保健医療（実質）,2014-11,4.9,false
nominal,19,19,交通・通信（実質）,2014-11,15.3,false
nominal,20,20,教育（実質）,2014-11,2.4,false
nominal,21,21,教養娯楽（実質）,2014-11,11.9,false
nominal,22,22,その他の消費支出（実質）,2014-11,,true
nominal,1,1,消費支出（名目）,2014-12,108.8,false
nominal,2,2,食料（名目）,2014-12,30.4,false
nominal,3,3,住居（名目）,2014-12,8,false
nominal,4,4,光熱・水道（名目）,2014-12,8.1,false
nominal,5,5,家具・家事用品（名目）,2014-12,4.5,false
nominal,6,6,被服及び履物（名目）,2014-12,5.2,false
nominal,7,7,保健医療（名目）,2014-12,4.9,false
nominal,8,8,交通・通信（名目）,2014-12,15.6,false
nominal,9,9,教育（名目）,2014-12,2.6,false
nominal,10,10,教養娯楽（名目）,2014-12,11.3,false
nominal,11,11,その他の消費支出（名目）,2014-12,,true
nominal,12,12,消費支出（実質）,2014-12,127.4,false
nominal,13,13,食料（実質）,2014-12,41.3,false
nominal,14,14,住居（実質）,2014-12,9.3,false
nominal,15,15,光熱・水道（実質）,2014-12,9,false
nominal,16,16,家具・家事用品（実質）,2014-12,5.7,false
nominal,17,17,被服及び履物（実質）,2014-12,5.9,false
nominal,18,18,保健医療（実質）,2014-12,5.3,false
nominal,19,19,交通・通信（実質）,2014-12,15.2,false
nominal,20,20,教育（実質）,2014-12,2.3,false
nominal,21,21,教養娯楽（実質）,2014-12,13.6,false
nominal,22,22,その他の消費支出（実質）,2014-12,,true
nominal,1,1,消費支出（名目）,2015-01,95,false
nominal,2,2,食料（名目）,2015-01,22.2,false
nominal,3,3,住居（名目）,2015-01,5.1,false
nominal,4,4,光熱・水道（名目）,2015-01,9.6,false
nominal,5,5,家具・家事用品（名目）,2015-01,3.1,false
nominal,6,6,被服及び履物（名目）,2015-01,4.5,false
nominal,7,7,保健医療（名目）,2015-01,4.2,false
nominal,8,8,交通・通信（名目）,2015-01,14.6,false
nominal,9,9,教育（名目）,2015-01,3.2,false
nominal,10,10,教養娯楽（名目）,2015-01,9.1,false
nominal,11,11,その他の消費支出（名目）,2015-01,,true
nominal,12,12,消費支出（実質）,2015-01,111.3,false
nominal,13,13,食料（実質）,2015-01,29.7,false
nominal,14,14,住居（実質）,2015-01,6,false
nominal,15,15,光熱・水道（実質）,2015-01,10.8,false
nominal,16,16,家具・家事用品（実質）,2015-01,3.9,false
nominal,17,17,被服及び履物（実質）,2015-01,5.3,false
nominal,18,18,保健医療（実質）,2015-01,4.6,false
nominal,19,19,交通・通信（実質）,2015-01,14.5,false
nominal,20,20,教育（実質）,2015-01,2.9,false
nominal,21,21,教養娯楽（実質）,2015-01,11.1,false
nominal,22,22,その他の消費支出（実質）,2015-01,,true
nominal,1,1,消費支出（名目）,2015-02,88.2,false
nominal,2,2,食料（名目）,2015-02,21.4,false
nominal,3,3,住居（名目）,2015-02,5,false
nominal,4,4,光熱・水道（名目）,2015-02,9.9,false
nominal,5,5,家具・家事用品（名目）,2015-02,2.8,false
nominal,6,6,被服及び履物（名目）,2015-02,3.1,false
nominal,7,7,保健医療（名目）,2015-02,4,false
nominal,8,8,交通・通信（名目）,2015-02,15.5,false
nominal,9,9,教育（名目）,2015-02,2.9,false
nominal,10,10,教養娯楽（名目）,2015-02,8.6,false
nominal,11,11,その他の消費支出（名目）,2015-02,,true
nominal,12,12,消費支出（実質）,2015-02,103.7,false
nominal,13,13,食料（実質）,2015-02,28.7,false
nominal,14,14,住居（実質）,2015-02,5.9,false
nominal,15,15,光熱・水道（実質）,2015-02,11.1,false
nominal,16,16,家具・家事用品（実質）,2015-02,3.5,false
nominal,17,17,被服及び履物（実質）,2015-02,3.7,false
nominal,18,18,保健医療（実質）,2015-02,4.4,false
nominal,19,19,交通・通信（実質）,2015-02,15.4,false
nominal,20,20,教育（実質）,2015-02,2.7,false
nominal,21,21,教養娯楽（実質）,2015-02,10.4,false
nominal,22,22,その他の消費支出（実質）,2015-02,,true
nominal,1,1,消費支出（名目）,2015-03,104.5,false
nominal,2,2,食料（名目）,2015-03,24.2,false
nominal,3,3,住居（名目）,2015-03,6.2,false
nominal,4,4,光熱・水道（名目）,2015-03,9.3,false
nominal,5,5,家具・家事用品（名目）,2015-03,3.6,false
nominal,6,6,被服及び履物（名目）,2015-03,4.7,false
nominal,7,7,保健医療（名目）,2015-03,4.4,false
nominal,8,8,交通・通信（名目）,2015-03,18.6,false
nominal,9,9,教育（名目）,2015-03,3.8,false
nominal,10,10,教養娯楽（名目）,2015-03,10.4,false
nominal,11,11,その他の消費支出（名目）,2015-03,,true
nominal,12,12,消費支出（実質）,2015-03,122.3,false
nominal,13,13,食料（実質）,2015-03,32.6,false
nominal,14,14,住居（実質）,2015-03,7.3,false
nominal,15,15,光熱・水道（実質）,2015-03,10.4,false
nominal,16,16,家具・家事用品（実質）,2015-03,4.5,false
nominal,17,17,被服及び履物（実質）,2015-03,5.5,false
nominal,18,18,保健医療（実質）,2015-03,4.8,false
nominal,19,19,交通・通信（実質）,2015-03,18.4,false
nominal,20,20,教育（実質）,2015-03,3.5,false
nominal,21,21,教養娯楽（実質）,2015-03,12.6,false
nominal,22,22,その他の消費支出（実質）,2015-03,,true
nominal,1,1,消費支出（名目）,2015-04,98.8,false
nominal,2,2,食料（名目）,2015-04,22.7,false
nominal,3,3,住居（名目）,2015-04,6.3,false
nominal,4,4,光熱・水道（名目）,2015-04,8.1,false
nominal,5,5,家具・家事用品（名目）,2015-04,3.1,false
nominal,6,6,被服及び履物（名目）,2015-04,4.3,false
nominal,7,7,保健医療（名目）,2015-04,4,false
nominal,8,8,交通・通信（名目）,2015-04,16.3,false
nominal,9,9,教育（名目）,2015-04,6.2,false
nominal,10,10,教養娯楽（名目）,2015-04,9.9,false
nominal,11,11,その他の消費支出（名目）,2015-04,,true
nominal,12,12,消費支出（実質）,2015-04,114.8,false
nominal,13,13,食料（実質）,2015-04,30.3,false
nominal,14,14,住居（実質）,2015-04,7.4,false
nominal,15,15,光熱・水道（実質）,2015-04,9.1,false
nominal,16,16,家具・家事用品（実質）,2015-04,3.9,false
nominal,17,17,被服及び履物（実質）,2015-04,4.9,false
nominal,18,18,保健医療（実質）,2015-04,4.4,false
nominal,19,19,交通・通信（実質）,2015-04,16.1,false
nominal,20,20,教育（実質）,2015-04,5.6,false
nominal,21,21,教養娯楽（実質）,2015-04,11.9,false
nominal,22,22,その他の消費支出（実質）,2015-04,,true
nominal,1,1,消費支出（名目）,2015-05,93.8,false
nominal,2,2,食料（名目）,2015-05,24.7,false
nominal,3,3,住居（名目）,2015-05,6.1,false
nominal,4,4,光熱・水道（名目）,2015-05,6.9,false
nominal,5,5,家具・家事用品（名目）,2015-05,3.6,false
nominal,6,6,被服及び履物（名目）,2015-05,4.3,false
nominal,7,7,保健医療（名目）,2015-05,3.9,false
nominal,8,8,交通・通信（名目）,2015-05,14.7,false
nominal,9,9,教育（名目）,2015-05,3.3,false
nominal,10,10,教養娯楽（名目）,2015-05,10,false
nominal,11,11,その他の消費支出（名目）,2015-05,,true
nominal,12,12,消費支出（実質）,2015-05,108.8,false
nominal,13,13,食料（実質）,2015-05,32.7,false
nominal,14,14,住居（実質）,2015-05,7.1,false
nominal,15,15,光熱・水道（実質）,2015-05,7.8,false
nominal,16,16,家具・家事用品（実質）,2015-05,4.5,false
nominal,17,17,被服及び履物（実質）,2015-05,4.9,false
nominal,18,18,保健医療（実質）,2015-05,4.2,false
nominal,19,19,交通・通信（実質）,2015-05,14.5,false
nominal,20,20,教育（実質）,2015-05,3,false
nominal,21,21,教養娯楽（実質）,2015-05,12,false
nominal,22,22,その他の消費支出（実質）,2015-05,,true
nominal,1,1,消費支出（名目）,2015-06,87.9,false
nominal,2,2,食料（名目）,2015-06,23,false
nominal,3,3,住居（名目）,2015-06,6.2,false
nominal,4,4,光熱・水道（名目）,2015-06,6.2,false
nominal,5,5,家具・家事用品（名目）,2015-06,3.6,false
nominal,6,6,被服及び履物（名目）,2015-06,3.7,false
nominal,7,7,保健医療（名目）,2015-06,3.9,false
nominal,8,8,交通・通信（名目）,2015-06,14.5,false
nominal,9,9,教育（名目）,2015-06,2.5,false
nominal,10,10,教養娯楽（名目）,2015-06,9.1,false
nominal,11,11,その他の消費支出（名目）,2015-06,,true
nominal,12,12,消費支出（実質）,2015-06,102.2,false
nominal,13,13,食料（実質）,2015-06,30.6,false
nominal,14,14,住居（実質）,2015-06,7.3,false
nominal,15,15,光熱・水道（実質）,2015-06,7.1,false
nominal,16,16,家具・家事用品（実質）,2015-06,4.5,false
nominal,17,17,被服及び履物（実質）,2015-06,4.2,false
nominal,18,18,保健医療（実質）,2015-06,4.3,false
nominal,19,19,交通・通信（実質）,2015-06,14.3,false
nominal,20,20,教育（実質）,2015-06,2.3,false
nominal,21,21,教養娯楽（実質）,2015-06,10.9,false
nominal,22,22,その他の消費支出（実質）,2015-06,,true
nominal,1,1,消費支出（名目）,2015-07,92,false
nominal,2,2,食料（名目）,2015-07,24.4,false
nominal,3,3,住居（名目）,2015-07,6,false
nominal,4,4,光熱・水道（名目）,2015-07,5.8,false
nominal,5,5,家具・家事用品（名目）,2015-07,4.6,false
nominal,6,6,被服及び履物（名目）,2015-07,3.9,false
nominal,7,7,保健医療（名目）,2015-07,4.2,false
nominal,8,8,交通・通信（名目）,2015-07,15.4,false
nominal,9,9,教育（名目）,2015-07,2.7,false
nominal,10,10,教養娯楽（名目）,2015-07,10,false
nominal,11,11,その他の消費支出（名目）,2015-07,,true
nominal,12,12,消費支出（実質）,2015-07,107.2,false
nominal,13,13,食料（実質）,2015-07,32.5,false
nominal,14,14,住居（実質）,2015-07,7,false
nominal,15,15,光熱・水道（実質）,2015-07,6.7,false
nominal,16,16,家具・家事用品（実質）,2015-07,5.7,false
nominal,17,17,被服及び履物（実質）,2015-07,4.6,false
nominal,18,18,保健医療（実質）,2015-07,4.6,false
nominal,19,19,交通・通信（実質）,2015-07,15.1,false
nominal,20,20,教育（実質）,2015-07,2.4,false
nominal,21,21,教養娯楽（実質）,2015-07,11.9,false
nominal,22,22,その他の消費支出（実質）,2015-07,,true
nominal,1,1,消費支出（名目）,2015-08,95,false
nominal,2,2,食料（名目）,2015-08,26.1,false
nominal,3,3,住居（名目）,2015-08,6,false
nominal,4,4,光熱・水道（名目）,2015-08,6.3,false
nominal,5,5,家具・家事用品（名目）,2015-08,4.2,false
nominal,6,6,被服及び履物（名目）,2015-08,3.3,false
nominal,7,7,保健医療（名目）,2015-08,3.9,false
nominal,8,8,交通・通信（名目）,2015-08,15.4,false
nominal,9,9,教育（名目）,2015-08,2.4,false
nominal,10,10,教養娯楽（名目）,2015-08,11,false
nominal,11,11,その他の消費支出（名目）,2015-08,,true
nominal,12,12,消費支出（実質）,2015-08,110.6,false
nominal,13,13,食料（実質）,2015-08,34.6,false
nominal,14,14,住居（実質）,2015-08,7.1,false
nominal,15,15,光熱・水道（実質）,2015-08,7.4,false
nominal,16,16,家具・家事用品（実質）,2015-08,5.2,false
nominal,17,17,被服及び履物（実質）,2015-08,3.9,false
nominal,18,18,保健医療（実質）,2015-08,4.2,false
nominal,19,19,交通・通信（実質）,2015-08,15.1,false
nominal,20,20,教育（実質）,2015-08,2.2,false
nominal,21,21,教養娯楽（実質）,2015-08,12.9,false
nominal,22,22,その他の消費支出（実質）,2015-08,,true
nominal,1,1,消費支出（名目）,2015-09,88.9,false
nominal,2,2,食料（名目）,2015-09,23.6,false
nominal,3,3,住居（名目）,2015-09,5.6,false
nominal,4,4,光熱・水道（名目）,2015-09,5.9,false
nominal,5,5,家具・家事用品（名目）,2015-09,3.2,false
nominal,6,6,被服及び履物（名目）,2015-09,3.3,false
nominal,7,7,保健医療（名目）,2015-09,3.9,false
nominal,8,8,交通・通信（名目）,2015-09,14.7,false
nominal,9,9,教育（名目）,2015-09,4.4,false
nominal,10,10,教養娯楽（名目）,2015-09,9.1,false
nominal,11,11,その他の消費支出（名目）,2015-09,,true
nominal,12,12,消費支出（実質）,2015-09,103.4,false
nominal,13,13,食料（実質）,2015-09,31,false
nominal,14,14,住居（実質）,2015-09,6.6,false
nominal,15,15,光熱・水道（実質）,2015-09,7.1,false
nominal,16,16,家具・家事用品（実質）,2015-09,4,false
nominal,17,17,被服及び履物（実質）,2015-09,3.7,false
nominal,18,18,保健医療（実質）,2015-09,4.2,false
nominal,19,19,交通・通信（実質）,2015-09,14.6,false
nominal,20,20,教育（実質）,2015-09,4,false
nominal,21,21,教養娯楽（実質）,2015-09,10.8,false
nominal,22,22,その他の消費支出（実質）,2015-09,,true
nominal,1,1,消費支出（名目）,2015-10,92.9,false
nominal,2,2,食料（名目）,2015-10,24,false
nominal,3,3,住居（名目）,2015-10,7.2,false
nominal,4,4,光熱・水道（名目）,2015-10,5.6,false
nominal,5,5,家具・家事用品（名目）,2015-10,3.4,false
nominal,6,6,被服及び履物（名目）,2015-10,3.9,false
nominal,7,7,保健医療（名目）,2015-10,4.3,false
nominal,8,8,交通・通信（名目）,2015-10,14.7,false
nominal,9,9,教育（名目）,2015-10,4,false
nominal,10,10,教養娯楽（名目）,2015-10,9.4,false
nominal,11,11,その他の消費支出（名目）,2015-10,,true
nominal,12,12,消費支出（実質）,2015-10,108,false
nominal,13,13,食料（実質）,2015-10,31.5,false
nominal,14,14,住居（実質）,2015-10,8.4,false
nominal,15,15,光熱・水道（実質）,2015-10,6.8,false
nominal,16,16,家具・家事用品（実質）,2015-10,4.2,false
nominal,17,17,被服及び履物（実質）,2015-10,4.4,false
nominal,18,18,保健医療（実質）,2015-10,4.7,false
nominal,19,19,交通・通信（実質）,2015-10,14.6,false
nominal,20,20,教育（実質）,2015-10,3.6,false
nominal,21,21,教養娯楽（実質）,2015-10,11.1,false
nominal,22,22,その他の消費支出（実質）,2015-10,,true
nominal,1,1,消費支出（名目）,2015-11,90.2,false
nominal,2,2,食料（名目）,2015-11,23.7,false
nominal,3,3,住居（名目）,2015-11,6.6,false
nominal,4,4,光熱・水道（名目）,2015-11,5.9,false
nominal,5,5,家具・家事用品（名目）,2015-11,3.6,false
nominal,6,6,被服及び履物（名目）,2015-11,4.2,false
nominal,7,7,保健医療（名目）,2015-11,4.4,false
nominal,8,8,交通・通信（名目）,2015-11,15.1,false
nominal,9,9,教育（名目）,2015-11,2.8,false
nominal,10,10,教養娯楽（名目）,2015-11,9.2,false
nominal,11,11,その他の消費支出（名目）,2015-11,,true
nominal,12,12,消費支出（実質）,2015-11,105.3,false
nominal,13,13,食料（実質）,2015-11,31.6,false
nominal,14,14,住居（実質）,2015-11,7.7,false
nominal,15,15,光熱・水道（実質）,2015-11,7.1,false
nominal,16,16,家具・家事用品（実質）,2015-11,4.5,false
nominal,17,17,被服及び履物（実質）,2015-11,4.7,false
nominal,18,18,保健医療（実質）,2015-11,4.8,false
nominal,19,19,交通・通信（実質）,2015-11,15,false
nominal,20,20,教育（実質）,2015-11,2.5,false
nominal,21,21,教養娯楽（実質）,2015-11,10.9,false
nominal,22,22,その他の消費支出（実質）,2015-11,,true
nominal,1,1,消費支出（名目）,2015-12,104.5,false
nominal,2,2,食料（名目）,2015-12,31.1,false
nominal,3,3,住居（名目）,2015-12,7.6,false
nominal,4,4,光熱・水道（名目）,2015-12,6.7,false
nominal,5,5,家具・家事用品（名目）,2015-12,4.6,false
nominal,6,6,被服及び履物（名目）,2015-12,4.4,false
nominal,7,7,保健医療（名目）,2015-12,4.7,false
nominal,8,8,交通・通信（名目）,2015-12,14.5,false
nominal,9,9,教育（名目）,2015-12,2.7,false
nominal,10,10,教養娯楽（名目）,2015-12,10.7,false
nominal,11,11,その他の消費支出（名目）,2015-12,,true
nominal,12,12,消費支出（実質）,2015-12,122.1,false
nominal,13,13,食料（実質）,2015-12,41.4,false
nominal,14,14,住居（実質）,2015-12,8.9,false
nominal,15,15,光熱・水道（実質）,2015-12,8.1,false
nominal,16,16,家具・家事用品（実質）,2015-12,5.7,false
nominal,17,17,被服及び履物（実質）,2015-12,4.9,false
nominal,18,18,保健医療（実質）,2015-12,5.1,false
nominal,19,19,交通・通信（実質）,2015-12,14.5,false
nominal,20,20,教育（実質）,2015-12,2.4,false
nominal,21,21,教養娯楽（実質）,2015-12,12.6,false
nominal,22,22,その他の消費支出（実質）,2015-12,,true
nominal,1,1,消費支出（名目）,2016-01,91,false
nominal,2,2,食料（名目）,2016-01,23.1,false
nominal,3,3,住居（名目）,2016-01,4.9,false
nominal,4,4,光熱・水道（名目）,2016-01,8,false
nominal,5,5,家具・家事用品（名目）,2016-01,3.3,false
nominal,6,6,被服及び履物（名目）,2016-01,4.2,false
nominal,7,7,保健医療（名目）,2016-01,4.1,false
nominal,8,8,交通・通信（名目）,2016-01,13.9,false
nominal,9,9,教育（名目）,2016-01,3,false
nominal,10,10,教養娯楽（名目）,2016-01,8.4,false
nominal,11,11,その他の消費支出（名目）,2016-01,,true
nominal,12,12,消費支出（実質）,2016-01,106.7,false
nominal,13,13,食料（実質）,2016-01,30.4,false
nominal,14,14,住居（実質）,2016-01,5.7,false
nominal,15,15,光熱・水道（実質）,2016-01,9.6,false
nominal,16,16,家具・家事用品（実質）,2016-01,4.1,false
nominal,17,17,被服及び履物（実質）,2016-01,5,false
nominal,18,18,保健医療（実質）,2016-01,4.4,false
nominal,19,19,交通・通信（実質）,2016-01,14,false
nominal,20,20,教育（実質）,2016-01,2.7,false
nominal,21,21,教養娯楽（実質）,2016-01,10.1,false
nominal,22,22,その他の消費支出（実質）,2016-01,,true
nominal,1,1,消費支出（名目）,2016-02,88.8,false
nominal,2,2,食料（名目）,2016-02,22.6,false
nominal,3,3,住居（名目）,2016-02,5.1,false
nominal,4,4,光熱・水道（名目）,2016-02,8.9,false
nominal,5,5,家具・家事用品（名目）,2016-02,2.9,false
nominal,6,6,被服及び履物（名目）,2016-02,3,false
nominal,7,7,保健医療（名目）,2016-02,4.4,false
nominal,8,8,交通・通信（名目）,2016-02,15.2,false
nominal,9,9,教育（名目）,2016-02,3.5,false
nominal,10,10,教養娯楽（名目）,2016-02,8.8,false
nominal,11,11,その他の消費支出（名目）,2016-02,,true
nominal,12,12,消費支出（実質）,2016-02,104,false
nominal,13,13,食料（実質）,2016-02,29.7,false
nominal,14,14,住居（実質）,2016-02,5.9,false
nominal,15,15,光熱・水道（実質）,2016-02,10.8,false
nominal,16,16,家具・家事用品（実質）,2016-02,3.6,false
nominal,17,17,被服及び履物（実質）,2016-02,3.5,false
nominal,18,18,保健医療（実質）,2016-02,4.8,false
nominal,19,19,交通・通信（実質）,2016-02,15.4,false
nominal,20,20,教育（実質）,2016-02,3.1,false
nominal,21,21,教養娯楽（実質）,2016-02,10.5,false
nominal,22,22,その他の消費支出（実質）,2016-02,,true
nominal,1,1,消費支出（名目）,2016-03,99.5,false
nominal,2,2,食料（名目）,2016-03,24.6,false
nominal,3,3,住居（名目）,2016-03,5.6,false
nominal,4,4,光熱・水道（名目）,2016-03,8.2,false
nominal,5,5,家具・家事用品（名目）,2016-03,3.4,false
nominal,6,6,被服及び履物（名目）,2016-03,4.1,false
nominal,7,7,保健医療（名目）,2016-03,4.7,false
nominal,8,8,交通・通信（名目）,2016-03,17.1,false
nominal,9,9,教育（名目）,2016-03,3.9,false
nominal,10,10,教養娯楽（名目）,2016-03,9.9,false
nominal,11,11,その他の消費支出（名目）,2016-03,,true
nominal,12,12,消費支出（実質）,2016-03,116.4,false
nominal,13,13,食料（実質）,2016-03,32.3,false
nominal,14,14,住居（実質）,2016-03,6.6,false
nominal,15,15,光熱・水道（実質）,2016-03,10,false
nominal,16,16,家具・家事用品（実質）,2016-03,4.3,false
nominal,17,17,被服及び履物（実質）,2016-03,4.7,false
nominal,18,18,保健医療（実質）,2016-03,5.1,false
nominal,19,19,交通・通信（実質）,2016-03,17.3,false
nominal,20,20,教育（実質）,2016-03,3.5,false
nominal,21,21,教養娯楽（実質）,2016-03,11.8,false
nominal,22,22,その他の消費支出（実質）,2016-03,,true
nominal,1,1,消費支出（名目）,2016-04,97.3,false
nominal,2,2,食料（名目）,2016-04,23.4,false
nominal,3,3,住居（名目）,2016-04,5.2,false
nominal,4,4,光熱・水道（名目）,2016-04,7.2,false
nominal,5,5,家具・家事用品（名目）,2016-04,3.1,false
nominal,6,6,被服及び履物（名目）,2016-04,3.9,false
nominal,7,7,保健医療（名目）,2016-04,4.2,false
nominal,8,8,交通・通信（名目）,2016-04,15.1,false
nominal,9,9,教育（名目）,2016-04,7.7,false
nominal,10,10,教養娯楽（名目）,2016-04,9.9,false
nominal,11,11,その他の消費支出（名目）,2016-04,,true
nominal,12,12,消費支出（実質）,2016-04,113.6,false
nominal,13,13,食料（実質）,2016-04,30.8,false
nominal,14,14,住居（実質）,2016-04,6,false
nominal,15,15,光熱・水道（実質）,2016-04,8.9,false
nominal,16,16,家具・家事用品（実質）,2016-04,3.8,false
nominal,17,17,被服及び履物（実質）,2016-04,4.4,false
nominal,18,18,保健医療（実質）,2016-04,4.5,false
nominal,19,19,交通・通信（実質）,2016-04,15.3,false
nominal,20,20,教育（実質）,2016-04,6.8,false
nominal,21,21,教養娯楽（実質）,2016-04,11.6,false
nominal,22,22,その他の消費支出（実質）,2016-04,,true
nominal,1,1,消費支出（名目）,2016-05,91.5,false
nominal,2,2,食料（名目）,2016-05,24.9,false
nominal,3,3,住居（名目）,2016-05,5.8,false
nominal,4,4,光熱・水道（名目）,2016-05,6.4,false
nominal,5,5,家具・家事用品（名目）,2016-05,3.6,false
nominal,6,6,被服及び履物（名目）,2016-05,4.4,false
nominal,7,7,保健医療（名目）,2016-05,4,false
nominal,8,8,交通・通信（名目）,2016-05,14.5,false
nominal,9,9,教育（名目）,2016-05,3,false
nominal,10,10,教養娯楽（名目）,2016-05,9.8,false
nominal,11,11,その他の消費支出（名目）,2016-05,,true
nominal,12,12,消費支出（実質）,2016-05,106.6,false
nominal,13,13,食料（実質）,2016-05,32.8,false
nominal,14,14,住居（実質）,2016-05,6.7,false
nominal,15,15,光熱・水道（実質）,2016-05,7.8,false
nominal,16,16,家具・家事用品（実質）,2016-05,4.5,false
nominal,17,17,被服及び履物（実質）,2016-05,4.9,false
nominal,18,18,保健医療（実質）,2016-05,4.3,false
nominal,19,19,交通・通信（実質）,2016-05,14.6,false
nominal,20,20,教育（実質）,2016-05,2.7,false
nominal,21,21,教養娯楽（実質）,2016-05,11.5,false
nominal,22,22,その他の消費支出（実質）,2016-05,,true
nominal,1,1,消費支出（名目）,2016-06,86.8,false
nominal,2,2,食料（名目）,2016-06,23.2,false
nominal,3,3,住居（名目）,2016-06,5.5,false
nominal,4,4,光熱・水道（名目）,2016-06,5.7,false
nominal,5,5,家具・家事用品（名目）,2016-06,3.8,false
nominal,6,6,被服及び履物（名目）,2016-06,3.7,false
nominal,7,7,保健医療（名目）,2016-06,4.2,false
nominal,8,8,交通・通信（名目）,2016-06,14,false
nominal,9,9,教育（名目）,2016-06,2.2,false
nominal,10,10,教養娯楽（名目）,2016-06,9.3,false
nominal,11,11,その他の消費支出（名目）,2016-06,,true
nominal,12,12,消費支出（実質）,2016-06,101.3,false
nominal,13,13,食料（実質）,2016-06,30.6,false
nominal,14,14,住居（実質）,2016-06,6.4,false
nominal,15,15,光熱・水道（実質）,2016-06,7,false
nominal,16,16,家具・家事用品（実質）,2016-06,4.8,false
nominal,17,17,被服及び履物（実質）,2016-06,4.1,false
nominal,18,18,保健医療（実質）,2016-06,4.6,false
nominal,19,19,交通・通信（実質）,2016-06,14,false
nominal,20,20,教育（実質）,2016-06,1.9,false
nominal,21,21,教養娯楽（実質）,2016-06,11,false
nominal,22,22,その他の消費支出（実質）,2016-06,,true
nominal,1,1,消費支出（名目）,2016-07,91.1,false
nominal,2,2,食料（名目）,2016-07,25,false
nominal,3,3,住居（名目）,2016-07,6,false
nominal,4,4,光熱・水道（名目）,2016-07,5.2,false
nominal,5,5,家具・家事用品（名目）,2016-07,4.7,false
nominal,6,6,被服及び履物（名目）,2016-07,3.7,false
nominal,7,7,保健医療（名目）,2016-07,4.3,false
nominal,8,8,交通・通信（名目）,2016-07,14.5,false
nominal,9,9,教育（名目）,2016-07,2.7,false
nominal,10,10,教養娯楽（名目）,2016-07,9.6,false
nominal,11,11,その他の消費支出（名目）,2016-07,,true
nominal,12,12,消費支出（実質）,2016-07,106.5,false
nominal,13,13,食料（実質）,2016-07,32.9,false
nominal,14,14,住居（実質）,2016-07,7,false
nominal,15,15,光熱・水道（実質）,2016-07,6.5,false
nominal,16,16,家具・家事用品（実質）,2016-07,6,false
nominal,17,17,被服及び履物（実質）,2016-07,4.2,false
nominal,18,18,保健医療（実質）,2016-07,4.7,false
nominal,19,19,交通・通信（実質）,2016-07,14.6,false
nominal,20,20,教育（実質）,2016-07,2.4,false
nominal,21,21,教養娯楽（実質）,2016-07,11.3,false
nominal,22,22,その他の消費支出（実質）,2016-07,,true
nominal,1,1,消費支出（名目）,2016-08,90.8,false
nominal,2,2,食料（名目）,2016-08,25.7,false
nominal,3,3,住居（名目）,2016-08,5.8,false
nominal,4,4,光熱・水道（名目）,2016-08,5.8,false
nominal,5,5,家具・家事用品（名目）,2016-08,3.9,false
nominal,6,6,被服及び履物（名目）,2016-08,2.8,false
nominal,7,7,保健医療（名目）,2016-08,4.3,false
nominal,8,8,交通・通信（名目）,2016-08,13.7,false
nominal,9,9,教育（名目）,2016-08,2.3,false
nominal,10,10,教養娯楽（名目）,2016-08,10.5,false
nominal,11,11,その他の消費支出（名目）,2016-08,,true
nominal,12,12,消費支出（実質）,2016-08,106.2,false
nominal,13,13,食料（実質）,2016-08,33.8,false
nominal,14,14,住居（実質）,2016-08,6.8,false
nominal,15,15,光熱・水道（実質）,2016-08,7.4,false
nominal,16,16,家具・家事用品（実質）,2016-08,4.9,false
nominal,17,17,被服及び履物（実質）,2016-08,3.3,false
nominal,18,18,保健医療（実質）,2016-08,4.6,false
nominal,19,19,交通・通信（実質）,2016-08,13.7,false
nominal,20,20,教育（実質）,2016-08,2,false
nominal,21,21,教養娯楽（実質）,2016-08,12.2,false
nominal,22,22,その他の消費支出（実質）,2016-08,,true
nominal,1,1,消費支出（名目）,2016-09,87.4,false
nominal,2,2,食料（名目）,2016-09,23,false
nominal,3,3,住居（名目）,2016-09,5.2,false
nominal,4,4,光熱・水道（名目）,2016-09,5.7,false
nominal,5,5,家具・家事用品（名目）,2016-09,3.4,false
nominal,6,6,被服及び履物（名目）,2016-09,2.8,false
nominal,7,7,保健医療（名目）,2016-09,3.9,false
nominal,8,8,交通・通信（名目）,2016-09,14.8,false
nominal,9,9,教育（名目）,2016-09,4.3,false
nominal,10,10,教養娯楽（名目）,2016-09,9,false
nominal,11,11,その他の消費支出（名目）,2016-09,,true
nominal,12,12,消費支出（実質）,2016-09,102.1,false
nominal,13,13,食料（実質）,2016-09,30.1,false
nominal,14,14,住居（実質）,2016-09,6.1,false
nominal,15,15,光熱・水道（実質）,2016-09,7.2,false
nominal,16,16,家具・家事用品（実質）,2016-09,4.3,false
nominal,17,17,被服及び履物（実質）,2016-09,3.1,false
nominal,18,18,保健医療（実質）,2016-09,4.2,false
nominal,19,19,交通・通信（実質）,2016-09,15,false
nominal,20,20,教育（実質）,2016-09,3.8,false
nominal,21,21,教養娯楽（実質）,2016-09,10.6,false
nominal,22,22,その他の消費支出（実質）,2016-09,,true
nominal,1,1,消費支出（名目）,2016-10,91.9,false
nominal,2,2,食料（名目）,2016-10,24.3,false
nominal,3,3,住居（名目）,2016-10,6.1,false
nominal,4,4,光熱・水道（名目）,2016-10,5.6,false
nominal,5,5,家具・家事用品（名目）,2016-10,3.6,false
nominal,6,6,被服及び履物（名目）,2016-10,4,false
nominal,7,7,保健医療（名目）,2016-10,4.2,false
nominal,8,8,交通・通信（名目）,2016-10,14.6,false
nominal,9,9,教育（名目）,2016-10,3.9,false
nominal,10,10,教養娯楽（名目）,2016-10,9.4,false
nominal,11,11,その他の消費支出（名目）,2016-10,,true
nominal,12,12,消費支出（実質）,2016-10,106.7,false
nominal,13,13,食料（実質）,2016-10,31.2,false
nominal,14,14,住居（実質）,2016-10,7.1,false
nominal,15,15,光熱・水道（実質）,2016-10,7.2,false
nominal,16,16,家具・家事用品（実質）,2016-10,4.5,false
nominal,17,17,被服及び履物（実質）,2016-10,4.4,false
nominal,18,18,保健医療（実質）,2016-10,4.6,false
nominal,19,19,交通・通信（実質）,2016-10,14.7,false
nominal,20,20,教育（実質）,2016-10,3.5,false
nominal,21,21,教養娯楽（実質）,2016-10,11,false
nominal,22,22,その他の消費支出（実質）,2016-10,,true
nominal,1,1,消費支出（名目）,2016-11,88.8,false
nominal,2,2,食料（名目）,2016-11,23.6,false
nominal,3,3,住居（名目）,2016-11,6.2,false
nominal,4,4,光熱・水道（名目）,2016-11,5.6,false
nominal,5,5,家具・家事用品（名目）,2016-11,3.4,false
nominal,6,6,被服及び履物（名目）,2016-11,4.2,false
nominal,7,7,保健医療（名目）,2016-11,4.3,false
nominal,8,8,交通・通信（名目）,2016-11,14.9,false
nominal,9,9,教育（名目）,2016-11,2.5,false
nominal,10,10,教養娯楽（名目）,2016-11,8.9,false
nominal,11,11,その他の消費支出（名目）,2016-11,,true
nominal,12,12,消費支出（実質）,2016-11,103,false
nominal,13,13,食料（実質）,2016-11,30.4,false
nominal,14,14,住居（実質）,2016-11,7.3,false
nominal,15,15,光熱・水道（実質）,2016-11,7.2,false
nominal,16,16,家具・家事用品（実質）,2016-11,4.3,false
nominal,17,17,被服及び履物（実質）,2016-11,4.6,false
nominal,18,18,保健医療（実質）,2016-11,4.6,false
nominal,19,19,交通・通信（実質）,2016-11,15,false
nominal,20,20,教育（実質）,2016-11,2.3,false
nominal,21,21,教養娯楽（実質）,2016-11,10.5,false
nominal,22,22,その他の消費支出（実質）,2016-11,,true
nominal,1,1,消費支出（名目）,2016-12,103.6,false
nominal,2,2,食料（名目）,2016-12,30.6,false
nominal,3,3,住居（名目）,2016-12,7,false
nominal,4,4,光熱・水道（名目）,2016-12,6.6,false
nominal,5,5,家具・家事用品（名目）,2016-12,4.4,false
nominal,6,6,被服及び履物（名目）,2016-12,4.2,false
nominal,7,7,保健医療（名目）,2016-12,4.4,false
nominal,8,8,交通・通信（名目）,2016-12,14.7,false
nominal,9,9,教育（名目）,2016-12,3.1,false
nominal,10,10,教養娯楽（名目）,2016-12,10.4,false
nominal,11,11,その他の消費支出（名目）,2016-12,,true
nominal,12,12,消費支出（実質）,2016-12,120.5,false
nominal,13,13,食料（実質）,2016-12,39.7,false
nominal,14,14,住居（実質）,2016-12,8.1,false
nominal,15,15,光熱・水道（実質）,2016-12,8.3,false
nominal,16,16,家具・家事用品（実質）,2016-12,5.5,false
nominal,17,17,被服及び履物（実質）,2016-12,4.7,false
nominal,18,18,保健医療（実質）,2016-12,4.8,false
nominal,19,19,交通・通信（実質）,2016-12,14.8,false
nominal,20,20,教育（実質）,2016-12,2.8,false
nominal,21,21,教養娯楽（実質）,2016-12,12.3,false
nominal,22,22,その他の消費支出（実質）,2016-12,,true
nominal,1,1,消費支出（名目）,2017-01,91.5,false
nominal,2,2,食料（名目）,2017-01,22.9,false
nominal,3,3,住居（名目）,2017-01,4.4,false
nominal,4,4,光熱・水道（名目）,2017-01,7.8,false
nominal,5,5,家具・家事用品（名目）,2017-01,3.4,false
nominal,6,6,被服及び履物（名目）,2017-01,4.4,false
nominal,7,7,保健医療（名目）,2017-01,4,false
nominal,8,8,交通・通信（名目）,2017-01,14.3,false
nominal,9,9,教育（名目）,2017-01,2.9,false
nominal,10,10,教養娯楽（名目）,2017-01,8.9,false
nominal,11,11,その他の消費支出（名目）,2017-01,,true
nominal,12,12,消費支出（実質）,2017-01,106.7,false
nominal,13,13,食料（実質）,2017-01,29.6,false
nominal,14,14,住居（実質）,2017-01,5.1,false
nominal,15,15,光熱・水道（実質）,2017-01,9.8,false
nominal,16,16,家具・家事用品（実質）,2017-01,4.2,false
nominal,17,17,被服及び履物（実質）,2017-01,5.1,false
nominal,18,18,保健医療（実質）,2017-01,4.3,false
nominal,19,19,交通・通信（実質）,2017-01,14.4,false
nominal,20,20,教育（実質）,2017-01,2.6,false
nominal,21,21,教養娯楽（実質）,2017-01,10.6,false
nominal,22,22,その他の消費支出（実質）,2017-01,,true
nominal,1,1,消費支出（名目）,2017-02,85.3,false
nominal,2,2,食料（名目）,2017-02,21.5,false
nominal,3,3,住居（名目）,2017-02,4.9,false
nominal,4,4,光熱・水道（名目）,2017-02,8.3,false
nominal,5,5,家具・家事用品（名目）,2017-02,2.8,false
nominal,6,6,被服及び履物（名目）,2017-02,2.8,false
nominal,7,7,保健医療（名目）,2017-02,4.1,false
nominal,8,8,交通・通信（名目）,2017-02,14.9,false
nominal,9,9,教育（名目）,2017-02,3.4,false
nominal,10,10,教養娯楽（名目）,2017-02,8.2,false
nominal,11,11,その他の消費支出（名目）,2017-02,,true
nominal,12,12,消費支出（実質）,2017-02,99.5,false
nominal,13,13,食料（実質）,2017-02,28,false
nominal,14,14,住居（実質）,2017-02,5.7,false
nominal,15,15,光熱・水道（実質）,2017-02,10.3,false
nominal,16,16,家具・家事用品（実質）,2017-02,3.5,false
nominal,17,17,被服及び履物（実質）,2017-02,3.3,false
nominal,18,18,保健医療（実質）,2017-02,4.4,false
nominal,19,19,交通・通信（実質）,2017-02,15,false
nominal,20,20,教育（実質）,2017-02,3,false
nominal,21,21,教養娯楽（実質）,2017-02,9.8,false
nominal,22,22,その他の消費支出（実質）,2017-02,,true
nominal,1,1,消費支出（名目）,2017-03,100.6,false
nominal,2,2,食料（名目）,2017-03,24.2,false
nominal,3,3,住居（名目）,2017-03,5.8,false
nominal,4,4,光熱・水道（名目）,2017-03,7.9,false
nominal,5,5,家具・家事用品（名目）,2017-03,3.3,false
nominal,6,6,被服及び履物（名目）,2017-03,4.1,false
nominal,7,7,保健医療（名目）,2017-03,4.2,false
nominal,8,8,交通・通信（名目）,2017-03,19.1,false
nominal,9,9,教育（名目）,2017-03,4.9,false
nominal,10,10,教養娯楽（名目）,2017-03,10,false
nominal,11,11,その他の消費支出（名目）,2017-03,,true
nominal,12,12,消費支出（実質）,2017-03,117.4,false
nominal,13,13,食料（実質）,2017-03,31.6,false
nominal,14,14,住居（実質）,2017-03,6.7,false
nominal,15,15,光熱・水道（実質）,2017-03,9.8,false
nominal,16,16,家具・家事用品（実質）,2017-03,4.1,false
nominal,17,17,被服及び履物（実質）,2017-03,4.7,false
nominal,18,18,保健医療（実質）,2017-03,4.5,false
nominal,19,19,交通・通信（実質）,2017-03,19.3,false
nominal,20,20,教育（実質）,2017-03,4.4,false
nominal,21,21,教養娯楽（実質）,2017-03,11.9,false
nominal,22,22,その他の消費支出（実質）,2017-03,,true
nominal,1,1,消費支出（名目）,2017-04,98.4,false
nominal,2,2,食料（名目）,2017-04,23.4,false
nominal,3,3,住居（名目）,2017-04,5.3,false
nominal,4,4,光熱・水道（名目）,2017-04,7.4,false
nominal,5,5,家具・家事用品（名目）,2017-04,3.1,false
nominal,6,6,被服及び履物（名目）,2017-04,4,false
nominal,7,7,保健医療（名目）,2017-04,4,false
nominal,8,8,交通・通信（名目）,2017-04,16.2,false
nominal,9,9,教育（名目）,2017-04,8.4,false
nominal,10,10,教養娯楽（名目）,2017-04,10,false
nominal,11,11,その他の消費支出（名目）,2017-04,,true
nominal,12,12,消費支出（実質）,2017-04,114.3,false
nominal,13,13,食料（実質）,2017-04,30.6,false
nominal,14,14,住居（実質）,2017-04,6.2,false
nominal,15,15,光熱・水道（実質）,2017-04,9,false
nominal,16,16,家具・家事用品（実質）,2017-04,3.8,false
nominal,17,17,被服及び履物（実質）,2017-04,4.4,false
nominal,18,18,保健医療（実質）,2017-04,4.4,false
nominal,19,19,交通・通信（実質）,2017-04,16.3,false
nominal,20,20,教育（実質）,2017-04,7.5,false
nominal,21,21,教養娯楽（実質）,2017-04,11.7,false
nominal,22,22,その他の消費支出（実質）,2017-04,,true
nominal,1,1,消費支出（名目）,2017-05,92.7,false
nominal,2,2,食料（名目）,2017-05,24.7,false
nominal,3,3,住居（名目）,2017-05,5.8,false
nominal,4,4,光熱・水道（名目）,2017-05,6.4,false
nominal,5,5,家具・家事用品（名目）,2017-05,3.6,false
nominal,6,6,被服及び履物（名目）,2017-05,3.9,false
nominal,7,7,保健医療（名目）,2017-05,4,false
nominal,8,8,交通・通信（名目）,2017-05,15.6,false
nominal,9,9,教育（名目）,2017-05,3.5,false
nominal,10,10,教養娯楽（名目）,2017-05,9.6,false
nominal,11,11,その他の消費支出（名目）,2017-05,,true
nominal,12,12,消費支出（実質）,2017-05,107.6,false
nominal,13,13,食料（実質）,2017-05,32.3,false
nominal,14,14,住居（実質）,2017-05,6.8,false
nominal,15,15,光熱・水道（実質）,2017-05,7.7,false
nominal,16,16,家具・家事用品（実質）,2017-05,4.6,false
nominal,17,17,被服及び履物（実質）,2017-05,4.4,false
nominal,18,18,保健医療（実質）,2017-05,4.3,false
nominal,19,19,交通・通信（実質）,2017-05,15.7,false
nominal,20,20,教育（実質）,2017-05,3.1,false
nominal,21,21,教養娯楽（実質）,2017-05,11.2,false
nominal,22,22,その他の消費支出（実質）,2017-05,,true
nominal,1,1,消費支出（名目）,2017-06,87.2,false
nominal,2,2,食料（名目）,2017-06,23.3,false
nominal,3,3,住居（名目）,2017-06,5.8,false
nominal,4,4,光熱・水道（名目）,2017-06,5.7,false
nominal,5,5,家具・家事用品（名目）,2017-06,3.7,false
nominal,6,6,被服及び履物（名目）,2017-06,3.4,false
nominal,7,7,保健医療（名目）,2017-06,4.2,false
nominal,8,8,交通・通信（名目）,2017-06,14.8,false
nominal,9,9,教育（名目）,2017-06,2.2,false
nominal,10,10,教養娯楽（名目）,2017-06,9.1,false
nominal,11,11,その他の消費支出（名目）,2017-06,,true
nominal,12,12,消費支出（実質）,2017-06,101.2,false
nominal,13,13,食料（実質）,2017-06,30.4,false
nominal,14,14,住居（実質）,2017-06,6.8,false
nominal,15,15,光熱・水道（実質）,2017-06,6.9,false
nominal,16,16,家具・家事用品（実質）,2017-06,4.7,false
nominal,17,17,被服及び履物（実質）,2017-06,3.8,false
nominal,18,18,保健医療（実質）,2017-06,4.5,false
nominal,19,19,交通・通信（実質）,2017-06,14.9,false
nominal,20,20,教育（実質）,2017-06,2,false
nominal,21,21,教養娯楽（実質）,2017-06,10.8,false
nominal,22,22,その他の消費支出（実質）,2017-06,,true
nominal,1,1,消費支出（名目）,2017-07,91.1,false
nominal,2,2,食料（名目）,2017-07,24.7,false
nominal,3,3,住居（名目）,2017-07,5.9,false
nominal,4,4,光熱・水道（名目）,2017-07,5.4,false
nominal,5,5,家具・家事用品（名目）,2017-07,4.8,false
nominal,6,6,被服及び履物（名目）,2017-07,3.7,false
nominal,7,7,保健医療（名目）,2017-07,4.1,false
nominal,8,8,交通・通信（名目）,2017-07,16,false
nominal,9,9,教育（名目）,2017-07,2.4,false
nominal,10,10,教養娯楽（名目）,2017-07,9.3,false
nominal,11,11,その他の消費支出（名目）,2017-07,,true
nominal,12,12,消費支出（実質）,2017-07,106.1,false
nominal,13,13,食料（実質）,2017-07,32.3,false
nominal,14,14,住居（実質）,2017-07,6.9,false
nominal,15,15,光熱・水道（実質）,2017-07,6.5,false
nominal,16,16,家具・家事用品（実質）,2017-07,6.1,false
nominal,17,17,被服及び履物（実質）,2017-07,4.3,false
nominal,18,18,保健医療（実質）,2017-07,4.4,false
nominal,19,19,交通・通信（実質）,2017-07,16,false
nominal,20,20,教育（実質）,2017-07,2.1,false
nominal,21,21,教養娯楽（実質）,2017-07,11,false
nominal,22,22,その他の消費支出（実質）,2017-07,,true
nominal,1,1,消費支出（名目）,2017-08,91.4,false
nominal,2,2,食料（名目）,2017-08,26.1,false
nominal,3,3,住居（名目）,2017-08,5.3,false
nominal,4,4,光熱・水道（名目）,2017-08,6,false
nominal,5,5,家具・家事用品（名目）,2017-08,4.1,false
nominal,6,6,被服及び履物（名目）,2017-08,2.8,false
nominal,7,7,保健医療（名目）,2017-08,4,false
nominal,8,8,交通・通信（名目）,2017-08,14.9,false
nominal,9,9,教育（名目）,2017-08,2.2,false
nominal,10,10,教養娯楽（名目）,2017-08,10.5,false
nominal,11,11,その他の消費支出（名目）,2017-08,,true
nominal,12,12,消費支出（実質）,2017-08,106,false
nominal,13,13,食料（実質）,2017-08,34,false
nominal,14,14,住居（実質）,2017-08,6.2,false
nominal,15,15,光熱・水道（実質）,2017-08,7.2,false
nominal,16,16,家具・家事用品（実質）,2017-08,5.1,false
nominal,17,17,被服及び履物（実質）,2017-08,3.2,false
nominal,18,18,保健医療（実質）,2017-08,4.2,false
nominal,19,19,交通・通信（実質）,2017-08,15,false
nominal,20,20,教育（実質）,2017-08,1.9,false
nominal,21,21,教養娯楽（実質）,2017-08,12.3,false
nominal,22,22,その他の消費支出（実質）,2017-08,,true
nominal,1,1,消費支出（名目）,2017-09,89,false
nominal,2,2,食料（名目）,2017-09,23.5,false
nominal,3,3,住居（名目）,2017-09,5.7,false
nominal,4,4,光熱・水道（名目）,2017-09,5.8,false
nominal,5,5,家具・家事用品（名目）,2017-09,3.4,false
nominal,6,6,被服及び履物（名目）,2017-09,2.8,false
nominal,7,7,保健医療（名目）,2017-09,4.1,false
nominal,8,8,交通・通信（名目）,2017-09,15.7,false
nominal,9,9,教育（名目）,2017-09,5.1,false
nominal,10,10,教養娯楽（名目）,2017-09,8.7,false
nominal,11,11,その他の消費支出（名目）,2017-09,,true
nominal,12,12,消費支出（実質）,2017-09,103,false
nominal,13,13,食料（実質）,2017-09,30.3,false
nominal,14,14,住居（実質）,2017-09,6.6,false
nominal,15,15,光熱・水道（実質）,2017-09,7,false
nominal,16,16,家具・家事用品（実質）,2017-09,4.3,false
nominal,17,17,被服及び履物（実質）,2017-09,3.1,false
nominal,18,18,保健医療（実質）,2017-09,4.3,false
nominal,19,19,交通・通信（実質）,2017-09,15.8,false
nominal,20,20,教育（実質）,2017-09,4.5,false
nominal,21,21,教養娯楽（実質）,2017-09,10.3,false
nominal,22,22,その他の消費支出（実質）,2017-09,,true
nominal,1,1,消費支出（名目）,2017-10,91.8,false
nominal,2,2,食料（名目）,2017-10,23.9,false
nominal,3,3,住居（名目）,2017-10,6.1,false
nominal,4,4,光熱・水道（名目）,2017-10,5.8,false
nominal,5,5,家具・家事用品（名目）,2017-10,3.5,false
nominal,6,6,被服及び履物（名目）,2017-10,3.9,false
nominal,7,7,保健医療（名目）,2017-10,4.3,false
nominal,8,8,交通・通信（名目）,2017-10,15.1,false
nominal,9,9,教育（名目）,2017-10,5.6,false
nominal,10,10,教養娯楽（名目）,2017-10,8.9,false
nominal,11,11,その他の消費支出（名目）,2017-10,,true
nominal,12,12,消費支出（実質）,2017-10,106.3,false
nominal,13,13,食料（実質）,2017-10,31.2,false
nominal,14,14,住居（実質）,2017-10,7.1,false
nominal,15,15,光熱・水道（実質）,2017-10,7,false
nominal,16,16,家具・家事用品（実質）,2017-10,4.4,false
nominal,17,17,被服及び履物（実質）,2017-10,4.3,false
nominal,18,18,保健医療（実質）,2017-10,4.6,false
nominal,19,19,交通・通信（実質）,2017-10,15.2,false
nominal,20,20,教育（実質）,2017-10,4.9,false
nominal,21,21,教養娯楽（実質）,2017-10,10.4,false
nominal,22,22,その他の消費支出（実質）,2017-10,,true
nominal,1,1,消費支出（名目）,2017-11,90.6,false
nominal,2,2,食料（名目）,2017-11,24,false
nominal,3,3,住居（名目）,2017-11,5.9,false
nominal,4,4,光熱・水道（名目）,2017-11,6.1,false
nominal,5,5,家具・家事用品（名目）,2017-11,4,false
nominal,6,6,被服及び履物（名目）,2017-11,4.2,false
nominal,7,7,保健医療（名目）,2017-11,4.6,false
nominal,8,8,交通・通信（名目）,2017-11,15.3,false
nominal,9,9,教育（名目）,2017-11,2.9,false
nominal,10,10,教養娯楽（名目）,2017-11,9,false
nominal,11,11,その他の消費支出（名目）,2017-11,,true
nominal,12,12,消費支出（実質）,2017-11,104.4,false
nominal,13,13,食料（実質）,2017-11,31,false
nominal,14,14,住居（実質）,2017-11,6.9,false
nominal,15,15,光熱・水道（実質）,2017-11,7.3,false
nominal,16,16,家具・家事用品（実質）,2017-11,5,false
nominal,17,17,被服及び履物（実質）,2017-11,4.7,false
nominal,18,18,保健医療（実質）,2017-11,4.8,false
nominal,19,19,交通・通信（実質）,2017-11,15.3,false
nominal,20,20,教育（実質）,2017-11,2.6,false
nominal,21,21,教養娯楽（実質）,2017-11,10.6,false
nominal,22,22,その他の消費支出（実質）,2017-11,,true
nominal,1,1,消費支出（名目）,2017-12,104.8,false
nominal,2,2,食料（名目）,2017-12,31.5,false
nominal,3,3,住居（名目）,2017-12,6.4,false
nominal,4,4,光熱・水道（名目）,2017-12,7.4,false
nominal,5,5,家具・家事用品（名目）,2017-12,4.5,false
nominal,6,6,被服及び履物（名目）,2017-12,4.3,false
nominal,7,7,保健医療（名目）,2017-12,4.7,false
nominal,8,8,交通・通信（名目）,2017-12,14.8,false
nominal,9,9,教育（名目）,2017-12,2.7,false
nominal,10,10,教養娯楽（名目）,2017-12,10.6,false
nominal,11,11,その他の消費支出（名目）,2017-12,,true
nominal,12,12,消費支出（実質）,2017-12,120.3,false
nominal,13,13,食料（実質）,2017-12,40.1,false
nominal,14,14,住居（実質）,2017-12,7.5,false
nominal,15,15,光熱・水道（実質）,2017-12,8.9,false
nominal,16,16,家具・家事用品（実質）,2017-12,5.7,false
nominal,17,17,被服及び履物（実質）,2017-12,4.8,false
nominal,18,18,保健医療（実質）,2017-12,5,false
nominal,19,19,交通・通信（実質）,2017-12,14.8,false
nominal,20,20,教育（実質）,2017-12,2.4,false
nominal,21,21,教養娯楽（実質）,2017-12,12.4,false
nominal,22,22,その他の消費支出（実質）,2017-12,,true
nominal,1,1,消費支出（名目）,2018-01,92.9,false
nominal,2,2,食料（名目）,2018-01,23.6,false
nominal,3,3,住居（名目）,2018-01,4.7,false
nominal,4,4,光熱・水道（名目）,2018-01,8.7,false
nominal,5,5,家具・家事用品（名目）,2018-01,3.3,false
nominal,6,6,被服及び履物（名目）,2018-01,4.1,false
nominal,7,7,保健医療（名目）,2018-01,4.3,false
nominal,8,8,交通・通信（名目）,2018-01,15.2,false
nominal,9,9,教育（名目）,2018-01,2.5,false
nominal,10,10,教養娯楽（名目）,2018-01,8.8,false
nominal,11,11,その他の消費支出（名目）,2018-01,,true
nominal,12,12,消費支出（実質）,2018-01,106.5,false
nominal,13,13,食料（実質）,2018-01,29.7,false
nominal,14,14,住居（実質）,2018-01,5.5,false
nominal,15,15,光熱・水道（実質）,2018-01,10.4,false
nominal,16,16,家具・家事用品（実質）,2018-01,4.1,false
nominal,17,17,被服及び履物（実質）,2018-01,4.8,false
nominal,18,18,保健医療（実質）,2018-01,4.6,false
nominal,19,19,交通・通信（実質）,2018-01,15.2,false
nominal,20,20,教育（実質）,2018-01,2.2,false
nominal,21,21,教養娯楽（実質）,2018-01,10.4,false
nominal,22,22,その他の消費支出（実質）,2018-01,,true
nominal,1,1,消費支出（名目）,2018-02,85.7,false
nominal,2,2,食料（名目）,2018-02,22.1,false
nominal,3,3,住居（名目）,2018-02,4.5,false
nominal,4,4,光熱・水道（名目）,2018-02,9.1,false
nominal,5,5,家具・家事用品（名目）,2018-02,2.9,false
nominal,6,6,被服及び履物（名目）,2018-02,2.8,false
nominal,7,7,保健医療（名目）,2018-02,4.1,false
nominal,8,8,交通・通信（名目）,2018-02,15.4,false
nominal,9,9,教育（名目）,2018-02,3,false
nominal,10,10,教養娯楽（名目）,2018-02,8.2,false
nominal,11,11,その他の消費支出（名目）,2018-02,,true
nominal,12,12,消費支出（実質）,2018-02,98.3,false
nominal,13,13,食料（実質）,2018-02,27.9,false
nominal,14,14,住居（実質）,2018-02,5.2,false
nominal,15,15,光熱・水道（実質）,2018-02,10.9,false
nominal,16,16,家具・家事用品（実質）,2018-02,3.6,false
nominal,17,17,被服及び履物（実質）,2018-02,3.2,false
nominal,18,18,保健医療（実質）,2018-02,4.4,false
nominal,19,19,交通・通信（実質）,2018-02,15.3,false
nominal,20,20,教育（実質）,2018-02,2.7,false
nominal,21,21,教養娯楽（実質）,2018-02,9.6,false
nominal,22,22,その他の消費支出（実質）,2018-02,,true
nominal,1,1,消費支出（名目）,2018-03,99.3,false
nominal,2,2,食料（名目）,2018-03,24.4,false
nominal,3,3,住居（名目）,2018-03,5.1,false
nominal,4,4,光熱・水道（名目）,2018-03,8.3,false
nominal,5,5,家具・家事用品（名目）,2018-03,3.5,false
nominal,6,6,被服及び履物（名目）,2018-03,4.3,false
nominal,7,7,保健医療（名目）,2018-03,4.6,false
nominal,8,8,交通・通信（名目）,2018-03,17.7,false
nominal,9,9,教育（名目）,2018-03,5.2,false
nominal,10,10,教養娯楽（名目）,2018-03,10,false
nominal,11,11,その他の消費支出（名目）,2018-03,,true
nominal,12,12,消費支出（実質）,2018-03,114.2,false
nominal,13,13,食料（実質）,2018-03,31.2,false
nominal,14,14,住居（実質）,2018-03,6,false
nominal,15,15,光熱・水道（実質）,2018-03,9.8,false
nominal,16,16,家具・家事用品（実質）,2018-03,4.5,false
nominal,17,17,被服及び履物（実質）,2018-03,4.9,false
nominal,18,18,保健医療（実質）,2018-03,4.9,false
nominal,19,19,交通・通信（実質）,2018-03,17.6,false
nominal,20,20,教育（実質）,2018-03,4.6,false
nominal,21,21,教養娯楽（実質）,2018-03,11.8,false
nominal,22,22,その他の消費支出（実質）,2018-03,,true
nominal,1,1,消費支出（名目）,2018-04,97.2,false
nominal,2,2,食料（名目）,2018-04,23.2,false
nominal,3,3,住居（名目）,2018-04,5.9,false
nominal,4,4,光熱・水道（名目）,2018-04,7.1,false
nominal,5,5,家具・家事用品（名目）,2018-04,3.4,false
nominal,6,6,被服及び履物（名目）,2018-04,3.9,false
nominal,7,7,保健医療（名目）,2018-04,4,false
nominal,8,8,交通・通信（名目）,2018-04,15,false
nominal,9,9,教育（名目）,2018-04,9.2,false
nominal,10,10,教養娯楽（名目）,2018-04,9.6,false
nominal,11,11,その他の消費支出（名目）,2018-04,,true
nominal,12,12,消費支出（実質）,2018-04,112,false
nominal,13,13,食料（実質）,2018-04,30,false
nominal,14,14,住居（実質）,2018-04,6.9,false
nominal,15,15,光熱・水道（実質）,2018-04,8.4,false
nominal,16,16,家具・家事用品（実質）,2018-04,4.3,false
nominal,17,17,被服及び履物（実質）,2018-04,4.3,false
nominal,18,18,保健医療（実質）,2018-04,4.3,false
nominal,19,19,交通・通信（実質）,2018-04,15,false
nominal,20,20,教育（実質）,2018-04,8.1,false
nominal,21,21,教養娯楽（実質）,2018-04,11.2,false
nominal,22,22,その他の消費支出（実質）,2018-04,,true
nominal,1,1,消費支出（名目）,2018-05,92.1,false
nominal,2,2,食料（名目）,2018-05,24.5,false
nominal,3,3,住居（名目）,2018-05,5.6,false
nominal,4,4,光熱・水道（名目）,2018-05,6.5,false
nominal,5,5,家具・家事用品（名目）,2018-05,3.5,false
nominal,6,6,被服及び履物（名目）,2018-05,3.8,false
nominal,7,7,保健医療（名目）,2018-05,4.2,false
nominal,8,8,交通・通信（名目）,2018-05,16.1,false
nominal,9,9,教育（名目）,2018-05,3.6,false
nominal,10,10,教養娯楽（名目）,2018-05,9.7,false
nominal,11,11,その他の消費支出（名目）,2018-05,,true
nominal,12,12,消費支出（実質）,2018-05,105.9,false
nominal,13,13,食料（実質）,2018-05,31.7,false
nominal,14,14,住居（実質）,2018-05,6.5,false
nominal,15,15,光熱・水道（実質）,2018-05,7.6,false
nominal,16,16,家具・家事用品（実質）,2018-05,4.5,false
nominal,17,17,被服及び履物（実質）,2018-05,4.2,false
nominal,18,18,保健医療（実質）,2018-05,4.5,false
nominal,19,19,交通・通信（実質）,2018-05,16,false
nominal,20,20,教育（実質）,2018-05,3.2,false
nominal,21,21,教養娯楽（実質）,2018-05,11.3,false
nominal,22,22,その他の消費支出（実質）,2018-05,,true
nominal,1,1,消費支出（名目）,2018-06,87.5,false
nominal,2,2,食料（名目）,2018-06,23.2,false
nominal,3,3,住居（名目）,2018-06,6.4,false
nominal,4,4,光熱・水道（名目）,2018-06,5.5,false
nominal,5,5,家具・家事用品（名目）,2018-06,3.8,false
nominal,6,6,被服及び履物（名目）,2018-06,3.4,false
nominal,7,7,保健医療（名目）,2018-06,4.1,false
nominal,8,8,交通・通信（名目）,2018-06,15.2,false
nominal,9,9,教育（名目）,2018-06,2.4,false
nominal,10,10,教養娯楽（名目）,2018-06,8.7,false
nominal,11,11,その他の消費支出（名目）,2018-06,,true
nominal,12,12,消費支出（実質）,2018-06,100.8,false
nominal,13,13,食料（実質）,2018-06,30.2,false
nominal,14,14,住居（実質）,2018-06,7.4,false
nominal,15,15,光熱・水道（実質）,2018-06,6.4,false
nominal,16,16,家具・家事用品（実質）,2018-06,4.9,false
nominal,17,17,被服及び履物（実質）,2018-06,3.8,false
nominal,18,18,保健医療（実質）,2018-06,4.4,false
nominal,19,19,交通・通信（実質）,2018-06,15.1,false
nominal,20,20,教育（実質）,2018-06,2.1,false
nominal,21,21,教養娯楽（実質）,2018-06,10.2,false
nominal,22,22,その他の消費支出（実質）,2018-06,,true
nominal,1,1,消費支出（名目）,2018-07,91.7,false
nominal,2,2,食料（名目）,2018-07,24.4,false
nominal,3,3,住居（名目）,2018-07,6.3,false
nominal,4,4,光熱・水道（名目）,2018-07,5.5,false
nominal,5,5,家具・家事用品（名目）,2018-07,4.9,false
nominal,6,6,被服及び履物（名目）,2018-07,3.5,false
nominal,7,7,保健医療（名目）,2018-07,4.3,false
nominal,8,8,交通・通信（名目）,2018-07,16.3,false
nominal,9,9,教育（名目）,2018-07,2.5,false
nominal,10,10,教養娯楽（名目）,2018-07,9.3,false
nominal,11,11,その他の消費支出（名目）,2018-07,,true
nominal,12,12,消費支出（実質）,2018-07,105.6,false
nominal,13,13,食料（実質）,2018-07,31.6,false
nominal,14,14,住居（実質）,2018-07,7.4,false
nominal,15,15,光熱・水道（実質）,2018-07,6.4,false
nominal,16,16,家具・家事用品（実質）,2018-07,6.3,false
nominal,17,17,被服及び履物（実質）,2018-07,4,false
nominal,18,18,保健医療（実質）,2018-07,4.5,false
nominal,19,19,交通・通信（実質）,2018-07,16.1,false
nominal,20,20,教育（実質）,2018-07,2.2,false
nominal,21,21,教養娯楽（実質）,2018-07,10.9,false
nominal,22,22,その他の消費支出（実質）,2018-07,,true
nominal,1,1,消費支出（名目）,2018-08,93.9,false
nominal,2,2,食料（名目）,2018-08,26,false
nominal,3,3,住居（名目）,2018-08,5.8,false
nominal,4,4,光熱・水道（名目）,2018-08,6,false
nominal,5,5,家具・家事用品（名目）,2018-08,4.1,false
nominal,6,6,被服及び履物（名目）,2018-08,2.7,false
nominal,7,7,保健医療（名目）,2018-08,4.2,false
nominal,8,8,交通・通信（名目）,2018-08,16.7,false
nominal,9,9,教育（名目）,2018-08,2.6,false
nominal,10,10,教養娯楽（名目）,2018-08,10.4,false
nominal,11,11,その他の消費支出（名目）,2018-08,,true
nominal,12,12,消費支出（実質）,2018-08,107.4,false
nominal,13,13,食料（実質）,2018-08,33.2,false
nominal,14,14,住居（実質）,2018-08,6.8,false
nominal,15,15,光熱・水道（実質）,2018-08,7,false
nominal,16,16,家具・家事用品（実質）,2018-08,5.2,false
nominal,17,17,被服及び履物（実質）,2018-08,3.2,false
nominal,18,18,保健医療（実質）,2018-08,4.4,false
nominal,19,19,交通・通信（実質）,2018-08,16.5,false
nominal,20,20,教育（実質）,2018-08,2.3,false
nominal,21,21,教養娯楽（実質）,2018-08,11.9,false
nominal,22,22,その他の消費支出（実質）,2018-08,,true
nominal,1,1,消費支出（名目）,2018-09,89.6,false
nominal,2,2,食料（名目）,2018-09,23.7,false
nominal,3,3,住居（名目）,2018-09,5.5,false
nominal,4,4,光熱・水道（名目）,2018-09,6.1,false
nominal,5,5,家具・家事用品（名目）,2018-09,3.4,false
nominal,6,6,被服及び履物（名目）,2018-09,2.9,false
nominal,7,7,保健医療（名目）,2018-09,4,false
nominal,8,8,交通・通信（名目）,2018-09,15.4,false
nominal,9,9,教育（名目）,2018-09,5.3,false
nominal,10,10,教養娯楽（名目）,2018-09,9.1,false
nominal,11,11,その他の消費支出（名目）,2018-09,,true
nominal,12,12,消費支出（実質）,2018-09,102.3,false
nominal,13,13,食料（実質）,2018-09,30.1,false
nominal,14,14,住居（実質）,2018-09,6.4,false
nominal,15,15,光熱・水道（実質）,2018-09,7,false
nominal,16,16,家具・家事用品（実質）,2018-09,4.3,false
nominal,17,17,被服及び履物（実質）,2018-09,3.2,false
nominal,18,18,保健医療（実質）,2018-09,4.2,false
nominal,19,19,交通・通信（実質）,2018-09,15.3,false
nominal,20,20,教育（実質）,2018-09,4.7,false
nominal,21,21,教養娯楽（実質）,2018-09,10.6,false
nominal,22,22,その他の消費支出（実質）,2018-09,,true
nominal,1,1,消費支出（名目）,2018-10,95.7,false
nominal,2,2,食料（名目）,2018-10,24.5,false
nominal,3,3,住居（名目）,2018-10,6.9,false
nominal,4,4,光熱・水道（名目）,2018-10,6,false
nominal,5,5,家具・家事用品（名目）,2018-10,3.7,false
nominal,6,6,被服及び履物（名目）,2018-10,3.6,false
nominal,7,7,保健医療（名目）,2018-10,4.5,false
nominal,8,8,交通・通信（名目）,2018-10,16.3,false
nominal,9,9,教育（名目）,2018-10,6.1,false
nominal,10,10,教養娯楽（名目）,2018-10,9.3,false
nominal,11,11,その他の消費支出（名目）,2018-10,,true
nominal,12,12,消費支出（実質）,2018-10,108.9,false
nominal,13,13,食料（実質）,2018-10,31.2,false
nominal,14,14,住居（実質）,2018-10,8,false
nominal,15,15,光熱・水道（実質）,2018-10,6.9,false
nominal,16,16,家具・家事用品（実質）,2018-10,4.7,false
nominal,17,17,被服及び履物（実質）,2018-10,4,false
nominal,18,18,保健医療（実質）,2018-10,4.7,false
nominal,19,19,交通・通信（実質）,2018-10,16,false
nominal,20,20,教育（実質）,2018-10,5.3,false
nominal,21,21,教養娯楽（実質）,2018-10,10.7,false
nominal,22,22,その他の消費支出（実質）,2018-10,,true
nominal,1,1,消費支出（名目）,2018-11,92.8,false
nominal,2,2,食料（名目）,2018-11,23.7,false
nominal,3,3,住居（名目）,2018-11,6.7,false
nominal,4,4,光熱・水道（名目）,2018-11,5.8,false
nominal,5,5,家具・家事用品（名目）,2018-11,3.9,false
nominal,6,6,被服及び履物（名目）,2018-11,4.2,false
nominal,7,7,保健医療（名目）,2018-11,4.6,false
nominal,8,8,交通・通信（名目）,2018-11,16.7,false
nominal,9,9,教育（名目）,2018-11,3,false
nominal,10,10,教養娯楽（名目）,2018-11,9,false
nominal,11,11,その他の消費支出（名目）,2018-11,,true
nominal,12,12,消費支出（実質）,2018-11,105.8,false
nominal,13,13,食料（実質）,2018-11,30.4,false
nominal,14,14,住居（実質）,2018-11,7.7,false
nominal,15,15,光熱・水道（実質）,2018-11,6.6,false
nominal,16,16,家具・家事用品（実質）,2018-11,4.9,false
nominal,17,17,被服及び履物（実質）,2018-11,4.7,false
nominal,18,18,保健医療（実質）,2018-11,4.8,false
nominal,19,19,交通・通信（実質）,2018-11,16.5,false
nominal,20,20,教育（実質）,2018-11,2.6,false
nominal,21,21,教養娯楽（実質）,2018-11,10.4,false
nominal,22,22,その他の消費支出（実質）,2018-11,,true
nominal,1,1,消費支出（名目）,2018-12,107.7,false
nominal,2,2,食料（名目）,2018-12,30.8,false
nominal,3,3,住居（名目）,2018-12,7.3,false
nominal,4,4,光熱・水道（名目）,2018-12,6.9,false
nominal,5,5,家具・家事用品（名目）,2018-12,4.7,false
nominal,6,6,被服及び履物（名目）,2018-12,4.6,false
nominal,7,7,保健医療（名目）,2018-12,4.7,false
nominal,8,8,交通・通信（名目）,2018-12,16.5,false
nominal,9,9,教育（名目）,2018-12,3,false
nominal,10,10,教養娯楽（名目）,2018-12,11.1,false
nominal,11,11,その他の消費支出（名目）,2018-12,,true
nominal,12,12,消費支出（実質）,2018-12,123.3,false
nominal,13,13,食料（実質）,2018-12,39.7,false
nominal,14,14,住居（実質）,2018-12,8.4,false
nominal,15,15,光熱・水道（実質）,2018-12,7.9,false
nominal,16,16,家具・家事用品（実質）,2018-12,6,false
nominal,17,17,被服及び履物（実質）,2018-12,5.1,false
nominal,18,18,保健医療（実質）,2018-12,5,false
nominal,19,19,交通・通信（実質）,2018-12,16.5,false
nominal,20,20,教育（実質）,2018-12,2.6,false
nominal,21,21,教養娯楽（実質）,2018-12,12.9,false
nominal,22,22,その他の消費支出（実質）,2018-12,,true
nominal,1,1,消費支出（名目）,2019-01,94.9,false
nominal,2,2,食料（名目）,2019-01,23.3,false
nominal,3,3,住居（名目）,2019-01,5.5,false
nominal,4,4,光熱・水道（名目）,2019-01,8.4,false
nominal,5,5,家具・家事用品（名目）,2019-01,3.5,false
nominal,6,6,被服及び履物（名目）,2019-01,4.1,false
nominal,7,7,保健医療（名目）,2019-01,4.2,false
nominal,8,8,交通・通信（名目）,2019-01,15.4,false
nominal,9,9,教育（名目）,2019-01,3.1,false
nominal,10,10,教養娯楽（名目）,2019-01,9.2,false
nominal,11,11,その他の消費支出（名目）,2019-01,,true
nominal,12,12,消費支出（実質）,2019-01,108.6,false
nominal,13,13,食料（実質）,2019-01,29.7,false
nominal,14,14,住居（実質）,2019-01,6.3,false
nominal,15,15,光熱・水道（実質）,2019-01,9.5,false
nominal,16,16,家具・家事用品（実質）,2019-01,4.5,false
nominal,17,17,被服及び履物（実質）,2019-01,4.8,false
nominal,18,18,保健医療（実質）,2019-01,4.5,false
nominal,19,19,交通・通信（実質）,2019-01,15.4,false
nominal,20,20,教育（実質）,2019-01,2.7,false
nominal,21,21,教養娯楽（実質）,2019-01,10.8,false
nominal,22,22,その他の消費支出（実質）,2019-01,,true
nominal,1,1,消費支出（名目）,2019-02,88.7,false
nominal,2,2,食料（名目）,2019-02,22,false
nominal,3,3,住居（名目）,2019-02,5.2,false
nominal,4,4,光熱・水道（名目）,2019-02,9,false
nominal,5,5,家具・家事用品（名目）,2019-02,3,false
nominal,6,6,被服及び履物（名目）,2019-02,2.9,false
nominal,7,7,保健医療（名目）,2019-02,4.1,false
nominal,8,8,交通・通信（名目）,2019-02,16.5,false
nominal,9,9,教育（名目）,2019-02,3.2,false
nominal,10,10,教養娯楽（名目）,2019-02,8.8,false
nominal,11,11,その他の消費支出（名目）,2019-02,,true
nominal,12,12,消費支出（実質）,2019-02,101.5,false
nominal,13,13,食料（実質）,2019-02,28.2,false
nominal,14,14,住居（実質）,2019-02,6,false
nominal,15,15,光熱・水道（実質）,2019-02,10.2,false
nominal,16,16,家具・家事用品（実質）,2019-02,3.7,false
nominal,17,17,被服及び履物（実質）,2019-02,3.4,false
nominal,18,18,保健医療（実質）,2019-02,4.3,false
nominal,19,19,交通・通信（実質）,2019-02,16.5,false
nominal,20,20,教育（実質）,2019-02,2.8,false
nominal,21,21,教養娯楽（実質）,2019-02,10.3,false
nominal,22,22,その他の消費支出（実質）,2019-02,,true
nominal,1,1,消費支出（名目）,2019-03,103.3,false
nominal,2,2,食料（名目）,2019-03,24.7,false
nominal,3,3,住居（名目）,2019-03,5.7,false
nominal,4,4,光熱・水道（名目）,2019-03,8.2,false
nominal,5,5,家具・家事用品（名目）,2019-03,3.6,false
nominal,6,6,被服及び履物（名目）,2019-03,4.3,false
nominal,7,7,保健医療（名目）,2019-03,4.5,false
nominal,8,8,交通・通信（名目）,2019-03,19.7,false
nominal,9,9,教育（名目）,2019-03,5.4,false
nominal,10,10,教養娯楽（名目）,2019-03,10.1,false
nominal,11,11,その他の消費支出（名目）,2019-03,,true
nominal,12,12,消費支出（実質）,2019-03,118.2,false
nominal,13,13,食料（実質）,2019-03,31.7,false
nominal,14,14,住居（実質）,2019-03,6.6,false
nominal,15,15,光熱・水道（実質）,2019-03,9.3,false
nominal,16,16,家具・家事用品（実質）,2019-03,4.6,false
nominal,17,17,被服及び履物（実質）,2019-03,4.9,false
nominal,18,18,保健医療（実質）,2019-03,4.7,false
nominal,19,19,交通・通信（実質）,2019-03,19.6,false
nominal,20,20,教育（実質）,2019-03,4.8,false
nominal,21,21,教養娯楽（実質）,2019-03,11.8,false
nominal,22,22,その他の消費支出（実質）,2019-03,,true
nominal,1,1,消費支出（名目）,2019-04,99.2,false
nominal,2,2,食料（名目）,2019-04,23.8,false
nominal,3,3,住居（名目）,2019-04,5.7,false
nominal,4,4,光熱・水道（名目）,2019-04,7.2,false
nominal,5,5,家具・家事用品（名目）,2019-04,3.3,false
nominal,6,6,被服及び履物（名目）,2019-04,3.8,false
nominal,7,7,保健医療（名目）,2019-04,4.3,false
nominal,8,8,交通・通信（名目）,2019-04,16.6,false
nominal,9,9,教育（名目）,2019-04,8.8,false
nominal,10,10,教養娯楽（名目）,2019-04,10.2,false
nominal,11,11,その他の消費支出（名目）,2019-04,,true
nominal,12,12,消費支出（実質）,2019-04,113.2,false
nominal,13,13,食料（実質）,2019-04,30.6,false
nominal,14,14,住居（実質）,2019-04,6.6,false
nominal,15,15,光熱・水道（実質）,2019-04,8.1,false
nominal,16,16,家具・家事用品（実質）,2019-04,4.2,false
nominal,17,17,被服及び履物（実質）,2019-04,4.2,false
nominal,18,18,保健医療（実質）,2019-04,4.5,false
nominal,19,19,交通・通信（実質）,2019-04,16.5,false
nominal,20,20,教育（実質）,2019-04,7.7,false
nominal,21,21,教養娯楽（実質）,2019-04,11.7,false
nominal,22,22,その他の消費支出（実質）,2019-04,,true
nominal,1,1,消費支出（名目）,2019-05,97.6,false
nominal,2,2,食料（名目）,2019-05,24.9,false
nominal,3,3,住居（名目）,2019-05,6.4,false
nominal,4,4,光熱・水道（名目）,2019-05,7.1,false
nominal,5,5,家具・家事用品（名目）,2019-05,4,false
nominal,6,6,被服及び履物（名目）,2019-05,3.9,false
nominal,7,7,保健医療（名目）,2019-05,4.3,false
nominal,8,8,交通・通信（名目）,2019-05,16.3,false
nominal,9,9,教育（名目）,2019-05,4.4,false
nominal,10,10,教養娯楽（名目）,2019-05,10.4,false
nominal,11,11,その他の消費支出（名目）,2019-05,,true
nominal,12,12,消費支出（実質）,2019-05,111.3,false
nominal,13,13,食料（実質）,2019-05,32,false
nominal,14,14,住居（実質）,2019-05,7.5,false
nominal,15,15,光熱・水道（実質）,2019-05,8.1,false
nominal,16,16,家具・家事用品（実質）,2019-05,4.9,false
nominal,17,17,被服及び履物（実質）,2019-05,4.3,false
nominal,18,18,保健医療（実質）,2019-05,4.5,false
nominal,19,19,交通・通信（実質）,2019-05,16.3,false
nominal,20,20,教育（実質）,2019-05,3.9,false
nominal,21,21,教養娯楽（実質）,2019-05,12,false
nominal,22,22,その他の消費支出（実質）,2019-05,,true
nominal,1,1,消費支出（名目）,2019-06,90.7,false
nominal,2,2,食料（名目）,2019-06,23.8,false
nominal,3,3,住居（名目）,2019-06,6.3,false
nominal,4,4,光熱・水道（名目）,2019-06,5.8,false
nominal,5,5,家具・家事用品（名目）,2019-06,4.2,false
nominal,6,6,被服及び履物（名目）,2019-06,3.5,false
nominal,7,7,保健医療（名目）,2019-06,4.6,false
nominal,8,8,交通・通信（名目）,2019-06,15.6,false
nominal,9,9,教育（名目）,2019-06,2.6,false
nominal,10,10,教養娯楽（名目）,2019-06,9.4,false
nominal,11,11,その他の消費支出（名目）,2019-06,,true
nominal,12,12,消費支出（実質）,2019-06,103.6,false
nominal,13,13,食料（実質）,2019-06,30.5,false
nominal,14,14,住居（実質）,2019-06,7.2,false
nominal,15,15,光熱・水道（実質）,2019-06,6.6,false
nominal,16,16,家具・家事用品（実質）,2019-06,5.2,false
nominal,17,17,被服及び履物（実質）,2019-06,4,false
nominal,18,18,保健医療（実質）,2019-06,4.8,false
nominal,19,19,交通・通信（実質）,2019-06,15.6,false
nominal,20,20,教育（実質）,2019-06,2.2,false
nominal,21,21,教養娯楽（実質）,2019-06,10.9,false
nominal,22,22,その他の消費支出（実質）,2019-06,,true
nominal,1,1,消費支出（名目）,2019-07,92.9,false
nominal,2,2,食料（名目）,2019-07,24.5,false
nominal,3,3,住居（名目）,2019-07,6.2,false
nominal,4,4,光熱・水道（名目）,2019-07,5.4,false
nominal,5,5,家具・家事用品（名目）,2019-07,4.6,false
nominal,6,6,被服及び履物（名目）,2019-07,3.3,false
nominal,7,7,保健医療（名目）,2019-07,4.6,false
nominal,8,8,交通・通信（名目）,2019-07,17,false
nominal,9,9,教育（名目）,2019-07,2.7,false
nominal,10,10,教養娯楽（名目）,2019-07,9.6,false
nominal,11,11,その他の消費支出（名目）,2019-07,,true
nominal,12,12,消費支出（実質）,2019-07,106.2,false
nominal,13,13,食料（実質）,2019-07,31.4,false
nominal,14,14,住居（実質）,2019-07,7.2,false
nominal,15,15,光熱・水道（実質）,2019-07,6.2,false
nominal,16,16,家具・家事用品（実質）,2019-07,5.8,false
nominal,17,17,被服及び履物（実質）,2019-07,3.8,false
nominal,18,18,保健医療（実質）,2019-07,4.8,false
nominal,19,19,交通・通信（実質）,2019-07,17,false
nominal,20,20,教育（実質）,2019-07,2.3,false
nominal,21,21,教養娯楽（実質）,2019-07,11.1,false
nominal,22,22,その他の消費支出（実質）,2019-07,,true
nominal,1,1,消費支出（名目）,2019-08,95.4,false
nominal,2,2,食料（名目）,2019-08,26.4,false
nominal,3,3,住居（名目）,2019-08,5.7,false
nominal,4,4,光熱・水道（名目）,2019-08,5.5,false
nominal,5,5,家具・家事用品（名目）,2019-08,4.7,false
nominal,6,6,被服及び履物（名目）,2019-08,2.9,false
nominal,7,7,保健医療（名目）,2019-08,4.4,false
nominal,8,8,交通・通信（名目）,2019-08,16.8,false
nominal,9,9,教育（名目）,2019-08,2.5,false
nominal,10,10,教養娯楽（名目）,2019-08,10.7,false
nominal,11,11,その他の消費支出（名目）,2019-08,,true
nominal,12,12,消費支出（実質）,2019-08,108.8,false
nominal,13,13,食料（実質）,2019-08,33.7,false
nominal,14,14,住居（実質）,2019-08,6.5,false
nominal,15,15,光熱・水道（実質）,2019-08,6.3,false
nominal,16,16,家具・家事用品（実質）,2019-08,5.9,false
nominal,17,17,被服及び履物（実質）,2019-08,3.4,false
nominal,18,18,保健医療（実質）,2019-08,4.6,false
nominal,19,19,交通・通信（実質）,2019-08,16.8,false
nominal,20,20,教育（実質）,2019-08,2.2,false
nominal,21,21,教養娯楽（実質）,2019-08,12.1,false
nominal,22,22,その他の消費支出（実質）,2019-08,,true
nominal,1,1,消費支出（名目）,2019-09,99.3,false
nominal,2,2,食料（名目）,2019-09,24.5,false
nominal,3,3,住居（名目）,2019-09,6.4,false
nominal,4,4,光熱・水道（名目）,2019-09,5.9,false
nominal,5,5,家具・家事用品（名目）,2019-09,5.4,false
nominal,6,6,被服及び履物（名目）,2019-09,3.3,false
nominal,7,7,保健医療（名目）,2019-09,4.9,false
nominal,8,8,交通・通信（名目）,2019-09,17.9,false
nominal,9,9,教育（名目）,2019-09,5.2,false
nominal,10,10,教養娯楽（名目）,2019-09,10.1,false
nominal,11,11,その他の消費支出（名目）,2019-09,,true
nominal,12,12,消費支出（実質）,2019-09,113.1,false
nominal,13,13,食料（実質）,2019-09,31.1,false
nominal,14,14,住居（実質）,2019-09,7.4,false
nominal,15,15,光熱・水道（実質）,2019-09,6.9,false
nominal,16,16,家具・家事用品（実質）,2019-09,6.8,false
nominal,17,17,被服及び履物（実質）,2019-09,3.7,false
nominal,18,18,保健医療（実質）,2019-09,5.1,false
nominal,19,19,交通・通信（実質）,2019-09,18,false
nominal,20,20,教育（実質）,2019-09,4.6,false
nominal,21,21,教養娯楽（実質）,2019-09,11.7,false
nominal,22,22,その他の消費支出（実質）,2019-09,,true
nominal,1,1,消費支出（名目）,2019-10,89.4,false
nominal,2,2,食料（名目）,2019-10,23.8,false
nominal,3,3,住居（名目）,2019-10,5.6,false
nominal,4,4,光熱・水道（名目）,2019-10,5.7,false
nominal,5,5,家具・家事用品（名目）,2019-10,3.2,false
nominal,6,6,被服及び履物（名目）,2019-10,3.3,false
nominal,7,7,保健医療（名目）,2019-10,4.4,false
nominal,8,8,交通・通信（名目）,2019-10,14.2,false
nominal,9,9,教育（名目）,2019-10,5.3,false
nominal,10,10,教養娯楽（名目）,2019-10,8.9,false
nominal,11,11,その他の消費支出（名目）,2019-10,,true
nominal,12,12,消費支出（実質）,2019-10,101.5,false
nominal,13,13,食料（実質）,2019-10,30,false
nominal,14,14,住居（実質）,2019-10,6.4,false
nominal,15,15,光熱・水道（実質）,2019-10,6.6,false
nominal,16,16,家具・家事用品（実質）,2019-10,3.9,false
nominal,17,17,被服及び履物（実質）,2019-10,3.6,false
nominal,18,18,保健医療（実質）,2019-10,4.6,false
nominal,19,19,交通・通信（実質）,2019-10,14.1,false
nominal,20,20,教育（実質）,2019-10,5,false
nominal,21,21,教養娯楽（実質）,2019-10,10,false
nominal,22,22,その他の消費支出（実質）,2019-10,,true
nominal,1,1,消費支出（名目）,2019-11,89.1,false
nominal,2,2,食料（名目）,2019-11,24.1,false
nominal,3,3,住居（名目）,2019-11,5.9,false
nominal,4,4,光熱・水道（名目）,2019-11,5.7,false
nominal,5,5,家具・家事用品（名目）,2019-11,3.6,false
nominal,6,6,被服及び履物（名目）,2019-11,4,false
nominal,7,7,保健医療（名目）,2019-11,4.8,false
nominal,8,8,交通・通信（名目）,2019-11,14.9,false
nominal,9,9,教育（名目）,2019-11,2.7,false
nominal,10,10,教養娯楽（名目）,2019-11,9.3,false
nominal,11,11,その他の消費支出（名目）,2019-11,,true
nominal,12,12,消費支出（実質）,2019-11,101,false
nominal,13,13,食料（実質）,2019-11,30.5,false
nominal,14,14,住居（実質）,2019-11,6.7,false
nominal,15,15,光熱・水道（実質）,2019-11,6.5,false
nominal,16,16,家具・家事用品（実質）,2019-11,4.4,false
nominal,17,17,被服及び履物（実質）,2019-11,4.4,false
nominal,18,18,保健医療（実質）,2019-11,4.9,false
nominal,19,19,交通・通信（実質）,2019-11,14.8,false
nominal,20,20,教育（実質）,2019-11,2.6,false
nominal,21,21,教養娯楽（実質）,2019-11,10.5,false
nominal,22,22,その他の消費支出（実質）,2019-11,,true
nominal,1,1,消費支出（名目）,2019-12,104,false
nominal,2,2,食料（名目）,2019-12,30.7,false
nominal,3,3,住居（名目）,2019-12,6.8,false
nominal,4,4,光熱・水道（名目）,2019-12,6.8,false
nominal,5,5,家具・家事用品（名目）,2019-12,4.4,false
nominal,6,6,被服及び履物（名目）,2019-12,4.1,false
nominal,7,7,保健医療（名目）,2019-12,5,false
nominal,8,8,交通・通信（名目）,2019-12,15.7,false
nominal,9,9,教育（名目）,2019-12,2.7,false
nominal,10,10,教養娯楽（名目）,2019-12,11,false
nominal,11,11,その他の消費支出（名目）,2019-12,,true
nominal,12,12,消費支出（実質）,2019-12,118,false
nominal,13,13,食料（実質）,2019-12,38.9,false
nominal,14,14,住居（実質）,2019-12,7.7,false
nominal,15,15,光熱・水道（実質）,2019-12,7.8,false
nominal,16,16,家具・家事用品（実質）,2019-12,5.3,false
nominal,17,17,被服及び履物（実質）,2019-12,4.5,false
nominal,18,18,保健医療（実質）,2019-12,5.2,false
nominal,19,19,交通・通信（実質）,2019-12,15.6,false
nominal,20,20,教育（実質）,2019-12,2.6,false
nominal,21,21,教養娯楽（実質）,2019-12,12.4,false
nominal,22,22,その他の消費支出（実質）,2019-12,,true
nominal,1,1,消費支出（名目）,2020-01,91.6,false
nominal,2,2,食料（名目）,2020-01,23.3,false
nominal,3,3,住居（名目）,2020-01,5.4,false
nominal,4,4,光熱・水道（名目）,2020-01,7.9,false
nominal,5,5,家具・家事用品（名目）,2020-01,3.2,false
nominal,6,6,被服及び履物（名目）,2020-01,4,false
nominal,7,7,保健医療（名目）,2020-01,4.4,false
nominal,8,8,交通・通信（名目）,2020-01,14.4,false
nominal,9,9,教育（名目）,2020-01,2.6,false
nominal,10,10,教養娯楽（名目）,2020-01,9,false
nominal,11,11,その他の消費支出（名目）,2020-01,17.4,false
nominal,12,12,消費支出（実質）,2020-01,103.8,false
nominal,13,13,食料（実質）,2020-01,29.3,false
nominal,14,14,住居（実質）,2020-01,6.1,false
nominal,15,15,光熱・水道（実質）,2020-01,9,false
nominal,16,16,家具・家事用品（実質）,2020-01,3.9,false
nominal,17,17,被服及び履物（実質）,2020-01,4.5,false
nominal,18,18,保健医療（実質）,2020-01,4.6,false
nominal,19,19,交通・通信（実質）,2020-01,14.2,false
nominal,20,20,教育（実質）,2020-01,2.5,false
nominal,21,21,教養娯楽（実質）,2020-01,10.3,false
nominal,22,22,その他の消費支出（実質）,2020-01,19.7,false
nominal,1,1,消費支出（名目）,2020-02,88.8,false
nominal,2,2,食料（名目）,2020-02,23.1,false
nominal,3,3,住居（名目）,2020-02,5.7,false
nominal,4,4,光熱・水道（名目）,2020-02,8.4,false
nominal,5,5,家具・家事用品（名目）,2020-02,3.4,false
nominal,6,6,被服及び履物（名目）,2020-02,2.8,false
nominal,7,7,保健医療（名目）,2020-02,4.4,false
nominal,8,8,交通・通信（名目）,2020-02,16.1,false
nominal,9,9,教育（名目）,2020-02,2.8,false
nominal,10,10,教養娯楽（名目）,2020-02,8.2,false
nominal,11,11,その他の消費支出（名目）,2020-02,13.9,false
nominal,12,12,消費支出（実質）,2020-02,101,false
nominal,13,13,食料（実質）,2020-02,29.2,false
nominal,14,14,住居（実質）,2020-02,6.4,false
nominal,15,15,光熱・水道（実質）,2020-02,9.5,false
nominal,16,16,家具・家事用品（実質）,2020-02,4.2,false
nominal,17,17,被服及び履物（実質）,2020-02,3.2,false
nominal,18,18,保健医療（実質）,2020-02,4.6,false
nominal,19,19,交通・通信（実質）,2020-02,15.9,false
nominal,20,20,教育（実質）,2020-02,2.6,false
nominal,21,21,教養娯楽（実質）,2020-02,9.4,false
nominal,22,22,その他の消費支出（実質）,2020-02,15.8,false
nominal,1,1,消費支出（名目）,2020-03,95.6,false
nominal,2,2,食料（名目）,2020-03,24.5,false
nominal,3,3,住居（名目）,2020-03,6,false
nominal,4,4,光熱・水道（名目）,2020-03,8.2,false
nominal,5,5,家具・家事用品（名目）,2020-03,3.6,false
nominal,6,6,被服及び履物（名目）,2020-03,3.3,false
nominal,7,7,保健医療（名目）,2020-03,4.5,false
nominal,8,8,交通・通信（名目）,2020-03,17.9,false
nominal,9,9,教育（名目）,2020-03,4.8,false
nominal,10,10,教養娯楽（名目）,2020-03,7.8,false
nominal,11,11,その他の消費支出（名目）,2020-03,15.1,false
nominal,12,12,消費支出（実質）,2020-03,108.7,false
nominal,13,13,食料（実質）,2020-03,30.9,false
nominal,14,14,住居（実質）,2020-03,6.8,false
nominal,15,15,光熱・水道（実質）,2020-03,9.3,false
nominal,16,16,家具・家事用品（実質）,2020-03,4.5,false
nominal,17,17,被服及び履物（実質）,2020-03,3.7,false
nominal,18,18,保健医療（実質）,2020-03,4.7,false
nominal,19,19,交通・通信（実質）,2020-03,17.8,false
nominal,20,20,教育（実質）,2020-03,4.5,false
nominal,21,21,教養娯楽（実質）,2020-03,8.9,false
nominal,22,22,その他の消費支出（実質）,2020-03,17.2,false
nominal,1,1,消費支出（名目）,2020-04,86.9,false
nominal,2,2,食料（名目）,2020-04,22.6,false
nominal,3,3,住居（名目）,2020-04,5.9,false
nominal,4,4,光熱・水道（名目）,2020-04,7.6,false
nominal,5,5,家具・家事用品（名目）,2020-04,3.2,false
nominal,6,6,被服及び履物（名目）,2020-04,1.7,false
nominal,7,7,保健医療（名目）,2020-04,4.1,false
nominal,8,8,交通・通信（名目）,2020-04,14.3,false
nominal,9,9,教育（名目）,2020-04,8.4,false
nominal,10,10,教養娯楽（名目）,2020-04,6.7,false
nominal,11,11,その他の消費支出（名目）,2020-04,12.5,false
nominal,12,12,消費支出（実質）,2020-04,98.9,false
nominal,13,13,食料（実質）,2020-04,28.4,false
nominal,14,14,住居（実質）,2020-04,6.6,false
nominal,15,15,光熱・水道（実質）,2020-04,8.7,false
nominal,16,16,家具・家事用品（実質）,2020-04,3.9,false
nominal,17,17,被服及び履物（実質）,2020-04,1.9,false
nominal,18,18,保健医療（実質）,2020-04,4.2,false
nominal,19,19,交通・通信（実質）,2020-04,14.4,false
nominal,20,20,教育（実質）,2020-04,8.2,false
nominal,21,21,教養娯楽（実質）,2020-04,7.6,false
nominal,22,22,その他の消費支出（実質）,2020-04,14.2,false
nominal,1,1,消費支出（名目）,2020-05,81.4,false
nominal,2,2,食料（名目）,2020-05,24,false
nominal,3,3,住居（名目）,2020-05,5.2,false
nominal,4,4,光熱・水道（名目）,2020-05,6.5,false
nominal,5,5,家具・家事用品（名目）,2020-05,4.3,false
nominal,6,6,被服及び履物（名目）,2020-05,2.5,false
nominal,7,7,保健医療（名目）,2020-05,3.9,false
nominal,8,8,交通・通信（名目）,2020-05,12.7,false
nominal,9,9,教育（名目）,2020-05,3.6,false
nominal,10,10,教養娯楽（名目）,2020-05,6.6,false
nominal,11,11,その他の消費支出（名目）,2020-05,12,false
nominal,12,12,消費支出（実質）,2020-05,92.7,false
nominal,13,13,食料（実質）,2020-05,30.1,false
nominal,14,14,住居（実質）,2020-05,5.9,false
nominal,15,15,光熱・水道（実質）,2020-05,7.6,false
nominal,16,16,家具・家事用品（実質）,2020-05,5.2,false
nominal,17,17,被服及び履物（実質）,2020-05,2.7,false
nominal,18,18,保健医療（実質）,2020-05,4.1,false
nominal,19,19,交通・通信（実質）,2020-05,12.9,false
nominal,20,20,教育（実質）,2020-05,3.5,false
nominal,21,21,教養娯楽（実質）,2020-05,7.5,false
nominal,22,22,その他の消費支出（実質）,2020-05,13.7,false
nominal,1,1,消費支出（名目）,2020-06,88.7,false
nominal,2,2,食料（名目）,2020-06,23.6,false
nominal,3,3,住居（名目）,2020-06,6.2,false
nominal,4,4,光熱・水道（名目）,2020-06,6.1,false
nominal,5,5,家具・家事用品（名目）,2020-06,5.6,false
nominal,6,6,被服及び履物（名目）,2020-06,3.5,false
nominal,7,7,保健医療（名目）,2020-06,4.5,false
nominal,8,8,交通・通信（名目）,2020-06,14.4,false
nominal,9,9,教育（名目）,2020-06,2.5,false
nominal,10,10,教養娯楽（名目）,2020-06,7.8,false
nominal,11,11,その他の消費支出（名目）,2020-06,14.6,false
nominal,12,12,消費支出（実質）,2020-06,101.3,false
nominal,13,13,食料（実質）,2020-06,29.7,false
nominal,14,14,住居（実質）,2020-06,7,false
nominal,15,15,光熱・水道（実質）,2020-06,7.1,false
nominal,16,16,家具・家事用品（実質）,2020-06,6.8,false
nominal,17,17,被服及び履物（実質）,2020-06,3.9,false
nominal,18,18,保健医療（実質）,2020-06,4.7,false
nominal,19,19,交通・通信（実質）,2020-06,14.6,false
nominal,20,20,教育（実質）,2020-06,2.4,false
nominal,21,21,教養娯楽（実質）,2020-06,8.9,false
nominal,22,22,その他の消費支出（実質）,2020-06,16.7,false
nominal,1,1,消費支出（名目）,2020-07,86.6,false
nominal,2,2,食料（名目）,2020-07,24.2,false
nominal,3,3,住居（名目）,2020-07,6,false
nominal,4,4,光熱・水道（名目）,2020-07,5.4,false
nominal,5,5,家具・家事用品（名目）,2020-07,5.4,false
nominal,6,6,被服及び履物（名目）,2020-07,2.9,false
nominal,7,7,保健医療（名目）,2020-07,4.8,false
nominal,8,8,交通・通信（名目）,2020-07,13.5,false
nominal,9,9,教育（名目）,2020-07,2.5,false
nominal,10,10,教養娯楽（名目）,2020-07,7.8,false
nominal,11,11,その他の消費支出（名目）,2020-07,14,false
nominal,12,12,消費支出（実質）,2020-07,98.7,false
nominal,13,13,食料（実質）,2020-07,30.4,false
nominal,14,14,住居（実質）,2020-07,6.8,false
nominal,15,15,光熱・水道（実質）,2020-07,6.3,false
nominal,16,16,家具・家事用品（実質）,2020-07,6.6,false
nominal,17,17,被服及び履物（実質）,2020-07,3.2,false
nominal,18,18,保健医療（実質）,2020-07,5,false
nominal,19,19,交通・通信（実質）,2020-07,13.5,false
nominal,20,20,教育（実質）,2020-07,2.5,false
nominal,21,21,教養娯楽（実質）,2020-07,8.9,false
nominal,22,22,その他の消費支出（実質）,2020-07,16,false
nominal,1,1,消費支出（名目）,2020-08,89.5,false
nominal,2,2,食料（名目）,2020-08,26,false
nominal,3,3,住居（名目）,2020-08,5.8,false
nominal,4,4,光熱・水道（名目）,2020-08,5.7,false
nominal,5,5,家具・家事用品（名目）,2020-08,5.1,false
nominal,6,6,被服及び履物（名目）,2020-08,2.4,false
nominal,7,7,保健医療（名目）,2020-08,4.7,false
nominal,8,8,交通・通信（名目）,2020-08,15.3,false
nominal,9,9,教育（名目）,2020-08,2.6,false
nominal,10,10,教養娯楽（名目）,2020-08,8.4,false
nominal,11,11,その他の消費支出（名目）,2020-08,13.5,false
nominal,12,12,消費支出（実質）,2020-08,102,false
nominal,13,13,食料（実質）,2020-08,32.3,false
nominal,14,14,住居（実質）,2020-08,6.6,false
nominal,15,15,光熱・水道（実質）,2020-08,6.7,false
nominal,16,16,家具・家事用品（実質）,2020-08,6.3,false
nominal,17,17,被服及び履物（実質）,2020-08,2.8,false
nominal,18,18,保健医療（実質）,2020-08,4.9,false
nominal,19,19,交通・通信（実質）,2020-08,15.2,false
nominal,20,20,教育（実質）,2020-08,2.6,false
nominal,21,21,教養娯楽（実質）,2020-08,9.8,false
nominal,22,22,その他の消費支出（実質）,2020-08,15.3,false
nominal,1,1,消費支出（名目）,2020-09,87.6,false
nominal,2,2,食料（名目）,2020-09,24,false
nominal,3,3,住居（名目）,2020-09,5.9,false
nominal,4,4,光熱・水道（名目）,2020-09,6,false
nominal,5,5,家具・家事用品（名目）,2020-09,4.2,false
nominal,6,6,被服及び履物（名目）,2020-09,2.4,false
nominal,7,7,保健医療（名目）,2020-09,4.2,false
nominal,8,8,交通・通信（名目）,2020-09,15.3,false
nominal,9,9,教育（名目）,2020-09,5,false
nominal,10,10,教養娯楽（名目）,2020-09,7.9,false
nominal,11,11,その他の消費支出（名目）,2020-09,12.6,false
nominal,12,12,消費支出（実質）,2020-09,99.9,false
nominal,13,13,食料（実質）,2020-09,30.1,false
nominal,14,14,住居（実質）,2020-09,6.7,false
nominal,15,15,光熱・水道（実質）,2020-09,7.1,false
nominal,16,16,家具・家事用品（実質）,2020-09,5.1,false
nominal,17,17,被服及び履物（実質）,2020-09,2.7,false
nominal,18,18,保健医療（実質）,2020-09,4.4,false
nominal,19,19,交通・通信（実質）,2020-09,15.3,false
nominal,20,20,教育（実質）,2020-09,4.9,false
nominal,21,21,教養娯楽（実質）,2020-09,9.3,false
nominal,22,22,その他の消費支出（実質）,2020-09,14.4,false
nominal,1,1,消費支出（名目）,2020-10,93.1,false
nominal,2,2,食料（名目）,2020-10,24.4,false
nominal,3,3,住居（名目）,2020-10,6.5,false
nominal,4,4,光熱・水道（名目）,2020-10,5.9,false
nominal,5,5,家具・家事用品（名目）,2020-10,4.2,false
nominal,6,6,被服及び履物（名目）,2020-10,3.5,false
nominal,7,7,保健医療（名目）,2020-10,4.9,false
nominal,8,8,交通・通信（名目）,2020-10,16,false
nominal,9,9,教育（名目）,2020-10,5.7,false
nominal,10,10,教養娯楽（名目）,2020-10,8.6,false
nominal,11,11,その他の消費支出（名目）,2020-10,13.4,false
nominal,12,12,消費支出（実質）,2020-10,106.5,false
nominal,13,13,食料（実質）,2020-10,30.6,false
nominal,14,14,住居（実質）,2020-10,7.3,false
nominal,15,15,光熱・水道（実質）,2020-10,7.1,false
nominal,16,16,家具・家事用品（実質）,2020-10,5,false
nominal,17,17,被服及び履物（実質）,2020-10,3.8,false
nominal,18,18,保健医療（実質）,2020-10,5.2,false
nominal,19,19,交通・通信（実質）,2020-10,16.1,false
nominal,20,20,教育（実質）,2020-10,5.6,false
nominal,21,21,教養娯楽（実質）,2020-10,10.1,false
nominal,22,22,その他の消費支出（実質）,2020-10,15.3,false
nominal,1,1,消費支出（名目）,2020-11,90.8,false
nominal,2,2,食料（名目）,2020-11,24.4,false
nominal,3,3,住居（名目）,2020-11,6.7,false
nominal,4,4,光熱・水道（名目）,2020-11,6,false
nominal,5,5,家具・家事用品（名目）,2020-11,4.1,false
nominal,6,6,被服及び履物（名目）,2020-11,3.5,false
nominal,7,7,保健医療（名目）,2020-11,4.8,false
nominal,8,8,交通・通信（名目）,2020-11,16.3,false
nominal,9,9,教育（名目）,2020-11,3.4,false
nominal,10,10,教養娯楽（名目）,2020-11,8.4,false
nominal,11,11,その他の消費支出（名目）,2020-11,13.3,false
nominal,12,12,消費支出（実質）,2020-11,104.1,false
nominal,13,13,食料（実質）,2020-11,30.9,false
nominal,14,14,住居（実質）,2020-11,7.6,false
nominal,15,15,光熱・水道（実質）,2020-11,7.2,false
nominal,16,16,家具・家事用品（実質）,2020-11,4.9,false
nominal,17,17,被服及び履物（実質）,2020-11,3.8,false
nominal,18,18,保健医療（実質）,2020-11,5,false
nominal,19,19,交通・通信（実質）,2020-11,16.3,false
nominal,20,20,教育（実質）,2020-11,3.3,false
nominal,21,21,教養娯楽（実質）,2020-11,9.9,false
nominal,22,22,その他の消費支出（実質）,2020-11,15.2,false
nominal,1,1,消費支出（名目）,2020-12,101.8,false
nominal,2,2,食料（名目）,2020-12,30.1,false
nominal,3,3,住居（名目）,2020-12,7,false
nominal,4,4,光熱・水道（名目）,2020-12,6.5,false
nominal,5,5,家具・家事用品（名目）,2020-12,5.1,false
nominal,6,6,被服及び履物（名目）,2020-12,3.7,false
nominal,7,7,保健医療（名目）,2020-12,4.8,false
nominal,8,8,交通・通信（名目）,2020-12,15.2,false
nominal,9,9,教育（名目）,2020-12,3.1,false
nominal,10,10,教養娯楽（名目）,2020-12,9.7,false
nominal,11,11,その他の消費支出（名目）,2020-12,16.6,false
nominal,12,12,消費支出（実質）,2020-12,117,false
nominal,13,13,食料（実質）,2020-12,38.3,false
nominal,14,14,住居（実質）,2020-12,7.9,false
nominal,15,15,光熱・水道（実質）,2020-12,7.9,false
nominal,16,16,家具・家事用品（実質）,2020-12,6,false
nominal,17,17,被服及び履物（実質）,2020-12,4.1,false
nominal,18,18,保健医療（実質）,2020-12,5,false
nominal,19,19,交通・通信（実質）,2020-12,15.3,false
nominal,20,20,教育（実質）,2020-12,3,false
nominal,21,21,教養娯楽（実質）,2020-12,11.5,false
nominal,22,22,その他の消費支出（実質）,2020-12,19.1,false
nominal,1,1,消費支出（名目）,2021-01,86.1,false
nominal,2,2,食料（名目）,2021-01,22.7,false
nominal,3,3,住居（名目）,2021-01,5.5,false
nominal,4,4,光熱・水道（名目）,2021-01,7.7,false
nominal,5,5,家具・家事用品（名目）,2021-01,3.8,false
nominal,6,6,被服及び履物（名目）,2021-01,2.8,false
nominal,7,7,保健医療（名目）,2021-01,4.2,false
nominal,8,8,交通・通信（名目）,2021-01,14.7,false
nominal,9,9,教育（名目）,2021-01,2.7,false
nominal,10,10,教養娯楽（名目）,2021-01,7.2,false
nominal,11,11,その他の消費支出（名目）,2021-01,14.8,false
nominal,12,12,消費支出（実質）,2021-01,98.4,false
nominal,13,13,食料（実質）,2021-01,28.6,false
nominal,14,14,住居（実質）,2021-01,6.1,false
nominal,15,15,光熱・水道（実質）,2021-01,9.4,false
nominal,16,16,家具・家事用品（実質）,2021-01,4.5,false
nominal,17,17,被服及び履物（実質）,2021-01,3.2,false
nominal,18,18,保健医療（実質）,2021-01,4.4,false
nominal,19,19,交通・通信（実質）,2021-01,14.7,false
nominal,20,20,教育（実質）,2021-01,2.7,false
nominal,21,21,教養娯楽（実質）,2021-01,8.2,false
nominal,22,22,その他の消費支出（実質）,2021-01,17,false
nominal,1,1,消費支出（名目）,2021-02,81.7,false
nominal,2,2,食料（名目）,2021-02,22.1,false
nominal,3,3,住居（名目）,2021-02,5.5,false
nominal,4,4,光熱・水道（名目）,2021-02,8.1,false
nominal,5,5,家具・家事用品（名目）,2021-02,3.4,false
nominal,6,6,被服及び履物（名目）,2021-02,2.3,false
nominal,7,7,保健医療（名目）,2021-02,4.2,false
nominal,8,8,交通・通信（名目）,2021-02,14.3,false
nominal,9,9,教育（名目）,2021-02,3.1,false
nominal,10,10,教養娯楽（名目）,2021-02,6.9,false
nominal,11,11,その他の消費支出（名目）,2021-02,11.9,false
nominal,12,12,消費支出（実質）,2021-02,93.5,false
nominal,13,13,食料（実質）,2021-02,27.9,false
nominal,14,14,住居（実質）,2021-02,6.1,false
nominal,15,15,光熱・水道（実質）,2021-02,9.8,false
nominal,16,16,家具・家事用品（実質）,2021-02,4,false
nominal,17,17,被服及び履物（実質）,2021-02,2.6,false
nominal,18,18,保健医療（実質）,2021-02,4.4,false
nominal,19,19,交通・通信（実質）,2021-02,14.3,false
nominal,20,20,教育（実質）,2021-02,3.1,false
nominal,21,21,教養娯楽（実質）,2021-02,7.9,false
nominal,22,22,その他の消費支出（実質）,2021-02,13.6,false
nominal,1,1,消費支出（名目）,2021-03,100.5,false
nominal,2,2,食料（名目）,2021-03,24.2,false
nominal,3,3,住居（名目）,2021-03,7.3,false
nominal,4,4,光熱・水道（名目）,2021-03,8.3,false
nominal,5,5,家具・家事用品（名目）,2021-03,4.1,false
nominal,6,6,被服及び履物（名目）,2021-03,3.5,false
nominal,7,7,保健医療（名目）,2021-03,4.7,false
nominal,8,8,交通・通信（名目）,2021-03,18.3,false
nominal,9,9,教育（名目）,2021-03,5.5,false
nominal,10,10,教養娯楽（名目）,2021-03,8.8,false
nominal,11,11,その他の消費支出（名目）,2021-03,15.8,false
nominal,12,12,消費支出（実質）,2021-03,114.7,false
nominal,13,13,食料（実質）,2021-03,30.7,false
nominal,14,14,住居（実質）,2021-03,8.1,false
nominal,15,15,光熱・水道（実質）,2021-03,10,false
nominal,16,16,家具・家事用品（実質）,2021-03,4.9,false
nominal,17,17,被服及び履物（実質）,2021-03,3.8,false
nominal,18,18,保健医療（実質）,2021-03,4.9,false
nominal,19,19,交通・通信（実質）,2021-03,18.3,false
nominal,20,20,教育（実質）,2021-03,5.4,false
nominal,21,21,教養娯楽（実質）,2021-03,10,false
nominal,22,22,その他の消費支出（実質）,2021-03,18.1,false
nominal,1,1,消費支出（名目）,2021-04,96.2,false
nominal,2,2,食料（名目）,2021-04,23.2,false
nominal,3,3,住居（名目）,2021-04,6.9,false
nominal,4,4,光熱・水道（名目）,2021-04,7,false
nominal,5,5,家具・家事用品（名目）,2021-04,3.7,false
nominal,6,6,被服及び履物（名目）,2021-04,3.1,false
nominal,7,7,保健医療（名目）,2021-04,4.4,false
nominal,8,8,交通・通信（名目）,2021-04,16.2,false
nominal,9,9,教育（名目）,2021-04,9.1,false
nominal,10,10,教養娯楽（名目）,2021-04,8.5,false
nominal,11,11,その他の消費支出（名目）,2021-04,14.3,false
nominal,12,12,消費支出（実質）,2021-04,111,false
nominal,13,13,食料（実質）,2021-04,29.5,false
nominal,14,14,住居（実質）,2021-04,7.6,false
nominal,15,15,光熱・水道（実質）,2021-04,8.2,false
nominal,16,16,家具・家事用品（実質）,2021-04,4.4,false
nominal,17,17,被服及び履物（実質）,2021-04,3.4,false
nominal,18,18,保健医療（実質）,2021-04,4.6,false
nominal,19,19,交通・通信（実質）,2021-04,17.3,false
nominal,20,20,教育（実質）,2021-04,8.8,false
nominal,21,21,教養娯楽（実質）,2021-04,9.7,false
nominal,22,22,その他の消費支出（実質）,2021-04,16.5,false
nominal,1,1,消費支出（名目）,2021-05,89.6,false
nominal,2,2,食料（名目）,2021-05,24.3,false
nominal,3,3,住居（名目）,2021-05,6.5,false
nominal,4,4,光熱・水道（名目）,2021-05,6.3,false
nominal,5,5,家具・家事用品（名目）,2021-05,4.2,false
nominal,6,6,被服及び履物（名目）,2021-05,2.9,false
nominal,7,7,保健医療（名目）,2021-05,4.5,false
nominal,8,8,交通・通信（名目）,2021-05,15.2,false
nominal,9,9,教育（名目）,2021-05,4.2,false
nominal,10,10,教養娯楽（名目）,2021-05,7.7,false
nominal,11,11,その他の消費支出（名目）,2021-05,13.7,false
nominal,12,12,消費支出（実質）,2021-05,102.9,false
nominal,13,13,食料（実質）,2021-05,30.8,false
nominal,14,14,住居（実質）,2021-05,7.2,false
nominal,15,15,光熱・水道（実質）,2021-05,7.4,false
nominal,16,16,家具・家事用品（実質）,2021-05,5,false
nominal,17,17,被服及び履物（実質）,2021-05,3.1,false
nominal,18,18,保健医療（実質）,2021-05,4.8,false
nominal,19,19,交通・通信（実質）,2021-05,16.2,false
nominal,20,20,教育（実質）,2021-05,4,false
nominal,21,21,教養娯楽（実質）,2021-05,8.8,false
nominal,22,22,その他の消費支出（実質）,2021-05,15.8,false
nominal,1,1,消費支出（名目）,2021-06,84.5,false
nominal,2,2,食料（名目）,2021-06,23.3,false
nominal,3,3,住居（名目）,2021-06,6.4,false
nominal,4,4,光熱・水道（名目）,2021-06,5.8,false
nominal,5,5,家具・家事用品（名目）,2021-06,4.5,false
nominal,6,6,被服及び履物（名目）,2021-06,2.9,false
nominal,7,7,保健医療（名目）,2021-06,4.5,false
nominal,8,8,交通・通信（名目）,2021-06,14,false
nominal,9,9,教育（名目）,2021-06,2.4,false
nominal,10,10,教養娯楽（名目）,2021-06,7.5,false
nominal,11,11,その他の消費支出（名目）,2021-06,13.1,false
nominal,12,12,消費支出（実質）,2021-06,97,false
nominal,13,13,食料（実質）,2021-06,29.4,false
nominal,14,14,住居（実質）,2021-06,7.1,false
nominal,15,15,光熱・水道（実質）,2021-06,6.6,false
nominal,16,16,家具・家事用品（実質）,2021-06,5.4,false
nominal,17,17,被服及び履物（実質）,2021-06,3.2,false
nominal,18,18,保健医療（実質）,2021-06,4.8,false
nominal,19,19,交通・通信（実質）,2021-06,15,false
nominal,20,20,教育（実質）,2021-06,2.4,false
nominal,21,21,教養娯楽（実質）,2021-06,8.6,false
nominal,22,22,その他の消費支出（実質）,2021-06,15.1,false
nominal,1,1,消費支出（名目）,2021-07,86.8,false
nominal,2,2,食料（名目）,2021-07,24.6,false
nominal,3,3,住居（名目）,2021-07,6.1,false
nominal,4,4,光熱・水道（名目）,2021-07,5.2,false
nominal,5,5,家具・家事用品（名目）,2021-07,4.9,false
nominal,6,6,被服及び履物（名目）,2021-07,2.8,false
nominal,7,7,保健医療（名目）,2021-07,4.6,false
nominal,8,8,交通・通信（名目）,2021-07,14.7,false
nominal,9,9,教育（名目）,2021-07,2.4,false
nominal,10,10,教養娯楽（名目）,2021-07,7.9,false
nominal,11,11,その他の消費支出（名目）,2021-07,13.5,false
nominal,12,12,消費支出（実質）,2021-07,99.3,false
nominal,13,13,食料（実質）,2021-07,31.1,false
nominal,14,14,住居（実質）,2021-07,6.8,false
nominal,15,15,光熱・水道（実質）,2021-07,6,false
nominal,16,16,家具・家事用品（実質）,2021-07,5.8,false
nominal,17,17,被服及び履物（実質）,2021-07,3.1,false
nominal,18,18,保健医療（実質）,2021-07,4.8,false
nominal,19,19,交通・通信（実質）,2021-07,15.5,false
nominal,20,20,教育（実質）,2021-07,2.3,false
nominal,21,21,教養娯楽（実質）,2021-07,8.9,false
nominal,22,22,その他の消費支出（実質）,2021-07,15.5,false
nominal,1,1,消費支出（名目）,2021-08,85.9,false
nominal,2,2,食料（名目）,2021-08,24.9,false
nominal,3,3,住居（名目）,2021-08,6.4,false
nominal,4,4,光熱・水道（名目）,2021-08,5.8,false
nominal,5,5,家具・家事用品（名目）,2021-08,4.6,false
nominal,6,6,被服及び履物（名目）,2021-08,2,false
nominal,7,7,保健医療（名目）,2021-08,4.4,false
nominal,8,8,交通・通信（名目）,2021-08,14,false
nominal,9,9,教育（名目）,2021-08,2.5,false
nominal,10,10,教養娯楽（名目）,2021-08,8,false
nominal,11,11,その他の消費支出（名目）,2021-08,13.3,false
nominal,12,12,消費支出（実質）,2021-08,98.3,false
nominal,13,13,食料（実質）,2021-08,31.4,false
nominal,14,14,住居（実質）,2021-08,7.1,false
nominal,15,15,光熱・水道（実質）,2021-08,6.7,false
nominal,16,16,家具・家事用品（実質）,2021-08,5.5,false
nominal,17,17,被服及び履物（実質）,2021-08,2.3,false
nominal,18,18,保健医療（実質）,2021-08,4.6,false
nominal,19,19,交通・通信（実質）,2021-08,15,false
nominal,20,20,教育（実質）,2021-08,2.4,false
nominal,21,21,教養娯楽（実質）,2021-08,8.9,false
nominal,22,22,その他の消費支出（実質）,2021-08,15.2,false
nominal,1,1,消費支出（名目）,2021-09,87,false
nominal,2,2,食料（名目）,2021-09,23.5,false
nominal,3,3,住居（名目）,2021-09,6.4,false
nominal,4,4,光熱・水道（名目）,2021-09,6,false
nominal,5,5,家具・家事用品（名目）,2021-09,3.6,false
nominal,6,6,被服及び履物（名目）,2021-09,2.2,false
nominal,7,7,保健医療（名目）,2021-09,4.6,false
nominal,8,8,交通・通信（名目）,2021-09,14.7,false
nominal,9,9,教育（名目）,2021-09,5.1,false
nominal,10,10,教養娯楽（名目）,2021-09,7.3,false
nominal,11,11,その他の消費支出（名目）,2021-09,13.7,false
nominal,12,12,消費支出（実質）,2021-09,99.2,false
nominal,13,13,食料（実質）,2021-09,29.2,false
nominal,14,14,住居（実質）,2021-09,7.1,false
nominal,15,15,光熱・水道（実質）,2021-09,6.8,false
nominal,16,16,家具・家事用品（実質）,2021-09,4.3,false
nominal,17,17,被服及び履物（実質）,2021-09,2.4,false
nominal,18,18,保健医療（実質）,2021-09,4.8,false
nominal,19,19,交通・通信（実質）,2021-09,15.7,false
nominal,20,20,教育（実質）,2021-09,4.9,false
nominal,21,21,教養娯楽（実質）,2021-09,8.3,false
nominal,22,22,その他の消費支出（実質）,2021-09,15.7,false
nominal,1,1,消費支出（名目）,2021-10,90.2,false
nominal,2,2,食料（名目）,2021-10,24.3,false
nominal,3,3,住居（名目）,2021-10,6.4,false
nominal,4,4,光熱・水道（名目）,2021-10,5.8,false
nominal,5,5,家具・家事用品（名目）,2021-10,3.7,false
nominal,6,6,被服及び履物（名目）,2021-10,3.1,false
nominal,7,7,保健医療（名目）,2021-10,4.7,false
nominal,8,8,交通・通信（名目）,2021-10,14.8,false
nominal,9,9,教育（名目）,2021-10,6.1,false
nominal,10,10,教養娯楽（名目）,2021-10,8.3,false
nominal,11,11,その他の消費支出（名目）,2021-10,12.9,false
nominal,12,12,消費支出（実質）,2021-10,102.9,false
nominal,13,13,食料（実質）,2021-10,30.4,false
nominal,14,14,住居（実質）,2021-10,7,false
nominal,15,15,光熱・水道（実質）,2021-10,6.5,false
nominal,16,16,家具・家事用品（実質）,2021-10,4.5,false
nominal,17,17,被服及び履物（実質）,2021-10,3.4,false
nominal,18,18,保健医療（実質）,2021-10,4.9,false
nominal,19,19,交通・通信（実質）,2021-10,16,false
nominal,20,20,教育（実質）,2021-10,5.9,false
nominal,21,21,教養娯楽（実質）,2021-10,9.4,false
nominal,22,22,その他の消費支出（実質）,2021-10,14.7,false
nominal,1,1,消費支出（名目）,2021-11,90.3,false
nominal,2,2,食料（名目）,2021-11,23.9,false
nominal,3,3,住居（名目）,2021-11,6.3,false
nominal,4,4,光熱・水道（名目）,2021-11,6.1,false
nominal,5,5,家具・家事用品（名目）,2021-11,4,false
nominal,6,6,被服及び履物（名目）,2021-11,3.7,false
nominal,7,7,保健医療（名目）,2021-11,5,false
nominal,8,8,交通・通信（名目）,2021-11,15.5,false
nominal,9,9,教育（名目）,2021-11,3.2,false
nominal,10,10,教養娯楽（名目）,2021-11,8.3,false
nominal,11,11,その他の消費支出（名目）,2021-11,14.1,false
nominal,12,12,消費支出（実質）,2021-11,102.8,false
nominal,13,13,食料（実質）,2021-11,29.9,false
nominal,14,14,住居（実質）,2021-11,7,false
nominal,15,15,光熱・水道（実質）,2021-11,6.7,false
nominal,16,16,家具・家事用品（実質）,2021-11,4.8,false
nominal,17,17,被服及び履物（実質）,2021-11,4,false
nominal,18,18,保健医療（実質）,2021-11,5.2,false
nominal,19,19,交通・通信（実質）,2021-11,16.7,false
nominal,20,20,教育（実質）,2021-11,3.1,false
nominal,21,21,教養娯楽（実質）,2021-11,9.5,false
nominal,22,22,その他の消費支出（実質）,2021-11,16.1,false
nominal,1,1,消費支出（名目）,2021-12,101.9,false
nominal,2,2,食料（名目）,2021-12,30.1,false
nominal,3,3,住居（名目）,2021-12,7.3,false
nominal,4,4,光熱・水道（名目）,2021-12,6.8,false
nominal,5,5,家具・家事用品（名目）,2021-12,4.6,false
nominal,6,6,被服及び履物（名目）,2021-12,3.7,false
nominal,7,7,保健医療（名目）,2021-12,4.7,false
nominal,8,8,交通・通信（名目）,2021-12,15.6,false
nominal,9,9,教育（名目）,2021-12,3.3,false
nominal,10,10,教養娯楽（名目）,2021-12,9.8,false
nominal,11,11,その他の消費支出（名目）,2021-12,16,false
nominal,12,12,消費支出（実質）,2021-12,116.1,false
nominal,13,13,食料（実質）,2021-12,37.6,false
nominal,14,14,住居（実質）,2021-12,8,false
nominal,15,15,光熱・水道（実質）,2021-12,7.4,false
nominal,16,16,家具・家事用品（実質）,2021-12,5.6,false
nominal,17,17,被服及び履物（実質）,2021-12,4.1,false
nominal,18,18,保健医療（実質）,2021-12,4.9,false
nominal,19,19,交通・通信（実質）,2021-12,16.8,false
nominal,20,20,教育（実質）,2021-12,3.1,false
nominal,21,21,教養娯楽（実質）,2021-12,11.1,false
nominal,22,22,その他の消費支出（実質）,2021-12,18.3,false
nominal,1,1,消費支出（名目）,2022-01,90.3,false
nominal,2,2,食料（名目）,2022-01,23.2,false
nominal,3,3,住居（名目）,2022-01,5.6,false
nominal,4,4,光熱・水道（名目）,2022-01,8.4,false
nominal,5,5,家具・家事用品（名目）,2022-01,3.9,false
nominal,6,6,被服及び履物（名目）,2022-01,3,false
nominal,7,7,保健医療（名目）,2022-01,4.3,false
nominal,8,8,交通・通信（名目）,2022-01,15.7,false
nominal,9,9,教育（名目）,2022-01,2.6,false
nominal,10,10,教養娯楽（名目）,2022-01,7.7,false
nominal,11,11,その他の消費支出（名目）,2022-01,15.9,false
nominal,12,12,消費支出（実質）,2022-01,102.6,false
nominal,13,13,食料（実質）,2022-01,28.7,false
nominal,14,14,住居（実質）,2022-01,6.2,false
nominal,15,15,光熱・水道（実質）,2022-01,9.1,false
nominal,16,16,家具・家事用品（実質）,2022-01,4.7,false
nominal,17,17,被服及び履物（実質）,2022-01,3.4,false
nominal,18,18,保健医療（実質）,2022-01,4.5,false
nominal,19,19,交通・通信（実質）,2022-01,17,false
nominal,20,20,教育（実質）,2022-01,2.5,false
nominal,21,21,教養娯楽（実質）,2022-01,8.7,false
nominal,22,22,その他の消費支出（実質）,2022-01,18,false
nominal,1,1,消費支出（名目）,2022-02,82.8,false
nominal,2,2,食料（名目）,2022-02,21.9,false
nominal,3,3,住居（名目）,2022-02,5.3,false
nominal,4,4,光熱・水道（名目）,2022-02,9.5,false
nominal,5,5,家具・家事用品（名目）,2022-02,3.1,false
nominal,6,6,被服及び履物（名目）,2022-02,2.1,false
nominal,7,7,保健医療（名目）,2022-02,4.1,false
nominal,8,8,交通・通信（名目）,2022-02,14.4,false
nominal,9,9,教育（名目）,2022-02,3.1,false
nominal,10,10,教養娯楽（名目）,2022-02,7.1,false
nominal,11,11,その他の消費支出（名目）,2022-02,12.1,false
nominal,12,12,消費支出（実質）,2022-02,93.6,false
nominal,13,13,食料（実質）,2022-02,26.9,false
nominal,14,14,住居（実質）,2022-02,5.8,false
nominal,15,15,光熱・水道（実質）,2022-02,10,false
nominal,16,16,家具・家事用品（実質）,2022-02,3.8,false
nominal,17,17,被服及び履物（実質）,2022-02,2.3,false
nominal,18,18,保健医療（実質）,2022-02,4.3,false
nominal,19,19,交通・通信（実質）,2022-02,15.6,false
nominal,20,20,教育（実質）,2022-02,3,false
nominal,21,21,教養娯楽（実質）,2022-02,8,false
nominal,22,22,その他の消費支出（実質）,2022-02,13.7,false
nominal,1,1,消費支出（名目）,2022-03,98.3,false
nominal,2,2,食料（名目）,2022-03,24.4,false
nominal,3,3,住居（名目）,2022-03,5.8,false
nominal,4,4,光熱・水道（名目）,2022-03,9.4,false
nominal,5,5,家具・家事用品（名目）,2022-03,3.9,false
nominal,6,6,被服及び履物（名目）,2022-03,3.4,false
nominal,7,7,保健医療（名目）,2022-03,4.6,false
nominal,8,8,交通・通信（名目）,2022-03,17.4,false
nominal,9,9,教育（名目）,2022-03,5,false
nominal,10,10,教養娯楽（名目）,2022-03,8.8,false
nominal,11,11,その他の消費支出（名目）,2022-03,15.5,false
nominal,12,12,消費支出（実質）,2022-03,110.7,false
nominal,13,13,食料（実質）,2022-03,30,false
nominal,14,14,住居（実質）,2022-03,6.4,false
nominal,15,15,光熱・水道（実質）,2022-03,9.7,false
nominal,16,16,家具・家事用品（実質）,2022-03,4.6,false
nominal,17,17,被服及び履物（実質）,2022-03,3.8,false
nominal,18,18,保健医療（実質）,2022-03,4.8,false
nominal,19,19,交通・通信（実質）,2022-03,18.7,false
nominal,20,20,教育（実質）,2022-03,4.8,false
nominal,21,21,教養娯楽（実質）,2022-03,9.9,false
nominal,22,22,その他の消費支出（実質）,2022-03,17.4,false
nominal,1,1,消費支出（名目）,2022-04,95.7,false
nominal,2,2,食料（名目）,2022-04,23.6,false
nominal,3,3,住居（名目）,2022-04,6.2,false
nominal,4,4,光熱・水道（名目）,2022-04,8.3,false
nominal,5,5,家具・家事用品（名目）,2022-04,3.7,false
nominal,6,6,被服及び履物（名目）,2022-04,3.3,false
nominal,7,7,保健医療（名目）,2022-04,4.4,false
nominal,8,8,交通・通信（名目）,2022-04,14.6,false
nominal,9,9,教育（名目）,2022-04,8.9,false
nominal,10,10,教養娯楽（名目）,2022-04,8.9,false
nominal,11,11,その他の消費支出（名目）,2022-04,13.7,false
nominal,12,12,消費支出（実質）,2022-04,107.1,false
nominal,13,13,食料（実質）,2022-04,28.9,false
nominal,14,14,住居（実質）,2022-04,6.8,false
nominal,15,15,光熱・水道（実質）,2022-04,8.5,false
nominal,16,16,家具・家事用品（実質）,2022-04,4.4,false
nominal,17,17,被服及び履物（実質）,2022-04,3.6,false
nominal,18,18,保健医療（実質）,2022-04,4.6,false
nominal,19,19,交通・通信（実質）,2022-04,15.7,false
nominal,20,20,教育（実質）,2022-04,8.5,false
nominal,21,21,教養娯楽（実質）,2022-04,10,false
nominal,22,22,その他の消費支出（実質）,2022-04,15.3,false
nominal,1,1,消費支出（名目）,2022-05,90.8,false
nominal,2,2,食料（名目）,2022-05,25.1,false
nominal,3,3,住居（名目）,2022-05,6.2,false
nominal,4,4,光熱・水道（名目）,2022-05,7.3,false
nominal,5,5,家具・家事用品（名目）,2022-05,4.2,false
nominal,6,6,被服及び履物（名目）,2022-05,3.2,false
nominal,7,7,保健医療（名目）,2022-05,4.4,false
nominal,8,8,交通・通信（名目）,2022-05,14,false
nominal,9,9,教育（名目）,2022-05,4.1,false
nominal,10,10,教養娯楽（名目）,2022-05,8.9,false
nominal,11,11,その他の消費支出（名目）,2022-05,13.4,false
nominal,12,12,消費支出（実質）,2022-05,101.4,false
nominal,13,13,食料（実質）,2022-05,30.6,false
nominal,14,14,住居（実質）,2022-05,6.8,false
nominal,15,15,光熱・水道（実質）,2022-05,7.4,false
nominal,16,16,家具・家事用品（実質）,2022-05,4.9,false
nominal,17,17,被服及び履物（実質）,2022-05,3.4,false
nominal,18,18,保健医療（実質）,2022-05,4.6,false
nominal,19,19,交通・通信（実質）,2022-05,15.1,false
nominal,20,20,教育（実質）,2022-05,3.9,false
nominal,21,21,教養娯楽（実質）,2022-05,9.9,false
nominal,22,22,その他の消費支出（実質）,2022-05,15,false
nominal,1,1,消費支出（名目）,2022-06,88.1,false
nominal,2,2,食料（名目）,2022-06,23.9,false
nominal,3,3,住居（名目）,2022-06,6.9,false
nominal,4,4,光熱・水道（名目）,2022-06,6.3,false
nominal,5,5,家具・家事用品（名目）,2022-06,4.4,false
nominal,6,6,被服及び履物（名目）,2022-06,3,false
nominal,7,7,保健医療（名目）,2022-06,4.8,false
nominal,8,8,交通・通信（名目）,2022-06,14.4,false
nominal,9,9,教育（名目）,2022-06,2.4,false
nominal,10,10,教養娯楽（名目）,2022-06,8.6,false
nominal,11,11,その他の消費支出（名目）,2022-06,13.4,false
nominal,12,12,消費支出（実質）,2022-06,98.3,false
nominal,13,13,食料（実質）,2022-06,29,false
nominal,14,14,住居（実質）,2022-06,7.5,false
nominal,15,15,光熱・水道（実質）,2022-06,6.4,false
nominal,16,16,家具・家事用品（実質）,2022-06,5.1,false
nominal,17,17,被服及び履物（実質）,2022-06,3.3,false
nominal,18,18,保健医療（実質）,2022-06,5.1,false
nominal,19,19,交通・通信（実質）,2022-06,15.5,false
nominal,20,20,教育（実質）,2022-06,2.3,false
nominal,21,21,教養娯楽（実質）,2022-06,9.7,false
nominal,22,22,その他の消費支出（実質）,2022-06,14.9,false
nominal,1,1,消費支出（名目）,2022-07,90.8,false
nominal,2,2,食料（名目）,2022-07,25.2,false
nominal,3,3,住居（名目）,2022-07,6.7,false
nominal,4,4,光熱・水道（名目）,2022-07,5.9,false
nominal,5,5,家具・家事用品（名目）,2022-07,4.8,false
nominal,6,6,被服及び履物（名目）,2022-07,2.9,false
nominal,7,7,保健医療（名目）,2022-07,4.7,false
nominal,8,8,交通・通信（名目）,2022-07,15.6,false
nominal,9,9,教育（名目）,2022-07,2.5,false
nominal,10,10,教養娯楽（名目）,2022-07,8.7,false
nominal,11,11,その他の消費支出（名目）,2022-07,13.8,false
nominal,12,12,消費支出（実質）,2022-07,100.7,false
nominal,13,13,食料（実質）,2022-07,30.5,false
nominal,14,14,住居（実質）,2022-07,7.2,false
nominal,15,15,光熱・水道（実質）,2022-07,5.9,false
nominal,16,16,家具・家事用品（実質）,2022-07,5.5,false
nominal,17,17,被服及び履物（実質）,2022-07,3.2,false
nominal,18,18,保健医療（実質）,2022-07,5,false
nominal,19,19,交通・通信（実質）,2022-07,16.6,false
nominal,20,20,教育（実質）,2022-07,2.4,false
nominal,21,21,教養娯楽（実質）,2022-07,9.8,false
nominal,22,22,その他の消費支出（実質）,2022-07,15.3,false
nominal,1,1,消費支出（名目）,2022-08,91.3,false
nominal,2,2,食料（名目）,2022-08,26.1,false
nominal,3,3,住居（名目）,2022-08,6.3,false
nominal,4,4,光熱・水道（名目）,2022-08,6.5,false
nominal,5,5,家具・家事用品（名目）,2022-08,4.3,false
nominal,6,6,被服及び履物（名目）,2022-08,2.3,false
nominal,7,7,保健医療（名目）,2022-08,4.8,false
nominal,8,8,交通・通信（名目）,2022-08,14.9,false
nominal,9,9,教育（名目）,2022-08,2.6,false
nominal,10,10,教養娯楽（名目）,2022-08,9.5,false
nominal,11,11,その他の消費支出（名目）,2022-08,14,false
nominal,12,12,消費支出（実質）,2022-08,100.9,false
nominal,13,13,食料（実質）,2022-08,31.4,false
nominal,14,14,住居（実質）,2022-08,6.8,false
nominal,15,15,光熱・水道（実質）,2022-08,6.5,false
nominal,16,16,家具・家事用品（実質）,2022-08,4.9,false
nominal,17,17,被服及び履物（実質）,2022-08,2.6,false
nominal,18,18,保健医療（実質）,2022-08,5.1,false
nominal,19,19,交通・通信（実質）,2022-08,15.8,false
nominal,20,20,教育（実質）,2022-08,2.5,false
nominal,21,21,教養娯楽（実質）,2022-08,10.4,false
nominal,22,22,その他の消費支出（実質）,2022-08,15.4,false
nominal,1,1,消費支出（名目）,2022-09,90.8,false
nominal,2,2,食料（名目）,2022-09,24.7,false
nominal,3,3,住居（名目）,2022-09,6.3,false
nominal,4,4,光熱・水道（名目）,2022-09,6.7,false
nominal,5,5,家具・家事用品（名目）,2022-09,4.1,false
nominal,6,6,被服及び履物（名目）,2022-09,2.5,false
nominal,7,7,保健医療（名目）,2022-09,4.5,false
nominal,8,8,交通・通信（名目）,2022-09,15.3,false
nominal,9,9,教育（名目）,2022-09,5.1,false
nominal,10,10,教養娯楽（名目）,2022-09,8.3,false
nominal,11,11,その他の消費支出（名目）,2022-09,13.2,false
nominal,12,12,消費支出（実質）,2022-09,99.8,false
nominal,13,13,食料（実質）,2022-09,29.4,false
nominal,14,14,住居（実質）,2022-09,6.8,false
nominal,15,15,光熱・水道（実質）,2022-09,6.6,false
nominal,16,16,家具・家事用品（実質）,2022-09,4.6,false
nominal,17,17,被服及び履物（実質）,2022-09,2.7,false
nominal,18,18,保健医療（実質）,2022-09,4.7,false
nominal,19,19,交通・通信（実質）,2022-09,16.3,false
nominal,20,20,教育（実質）,2022-09,4.9,false
nominal,21,21,教養娯楽（実質）,2022-09,9.2,false
nominal,22,22,その他の消費支出（実質）,2022-09,14.6,false
nominal,1,1,消費支出（名目）,2022-10,95.2,false
nominal,2,2,食料（名目）,2022-10,25.7,false
nominal,3,3,住居（名目）,2022-10,7.2,false
nominal,4,4,光熱・水道（名目）,2022-10,6.8,false
nominal,5,5,家具・家事用品（名目）,2022-10,4.1,false
nominal,6,6,被服及び履物（名目）,2022-10,3.6,false
nominal,7,7,保健医療（名目）,2022-10,4.9,false
nominal,8,8,交通・通信（名目）,2022-10,15.2,false
nominal,9,9,教育（名目）,2022-10,5.2,false
nominal,10,10,教養娯楽（名目）,2022-10,9,false
nominal,11,11,その他の消費支出（名目）,2022-10,13.5,false
nominal,12,12,消費支出（実質）,2022-10,104,false
nominal,13,13,食料（実質）,2022-10,30.2,false
nominal,14,14,住居（実質）,2022-10,7.6,false
nominal,15,15,光熱・水道（実質）,2022-10,6.7,false
nominal,16,16,家具・家事用品（実質）,2022-10,4.6,false
nominal,17,17,被服及び履物（実質）,2022-10,3.8,false
nominal,18,18,保健医療（実質）,2022-10,5.2,false
nominal,19,19,交通・通信（実質）,2022-10,16.1,false
nominal,20,20,教育（実質）,2022-10,5,false
nominal,21,21,教養娯楽（実質）,2022-10,10.1,false
nominal,22,22,その他の消費支出（実質）,2022-10,14.8,false
nominal,1,1,消費支出（名目）,2022-11,91.9,false
nominal,2,2,食料（名目）,2022-11,24.9,false
nominal,3,3,住居（名目）,2022-11,6.9,false
nominal,4,4,光熱・水道（名目）,2022-11,6.8,false
nominal,5,5,家具・家事用品（名目）,2022-11,4,false
nominal,6,6,被服及び履物（名目）,2022-11,3.4,false
nominal,7,7,保健医療（名目）,2022-11,5,false
nominal,8,8,交通・通信（名目）,2022-11,15.6,false
nominal,9,9,教育（名目）,2022-11,3,false
nominal,10,10,教養娯楽（名目）,2022-11,8.9,false
nominal,11,11,その他の消費支出（名目）,2022-11,13.4,false
nominal,12,12,消費支出（実質）,2022-11,100.1,false
nominal,13,13,食料（実質）,2022-11,29.1,false
nominal,14,14,住居（実質）,2022-11,7.3,false
nominal,15,15,光熱・水道（実質）,2022-11,6.6,false
nominal,16,16,家具・家事用品（実質）,2022-11,4.4,false
nominal,17,17,被服及び履物（実質）,2022-11,3.6,false
nominal,18,18,保健医療（実質）,2022-11,5.2,false
nominal,19,19,交通・通信（実質）,2022-11,16.5,false
nominal,20,20,教育（実質）,2022-11,2.9,false
nominal,21,21,教養娯楽（実質）,2022-11,10.1,false
nominal,22,22,その他の消費支出（実質）,2022-11,14.6,false
nominal,1,1,消費支出（名目）,2022-12,106.2,false
nominal,2,2,食料（名目）,2022-12,31.3,false
nominal,3,3,住居（名目）,2022-12,7.2,false
nominal,4,4,光熱・水道（名目）,2022-12,7.9,false
nominal,5,5,家具・家事用品（名目）,2022-12,5.1,false
nominal,6,6,被服及び履物（名目）,2022-12,3.9,false
nominal,7,7,保健医療（名目）,2022-12,5.1,false
nominal,8,8,交通・通信（名目）,2022-12,16,false
nominal,9,9,教育（名目）,2022-12,3.4,false
nominal,10,10,教養娯楽（名目）,2022-12,10.1,false
nominal,11,11,その他の消費支出（名目）,2022-12,16.2,false
nominal,12,12,消費支出（実質）,2022-12,115.4,false
nominal,13,13,食料（実質）,2022-12,36.5,false
nominal,14,14,住居（実質）,2022-12,7.6,false
nominal,15,15,光熱・水道（実質）,2022-12,7.5,false
nominal,16,16,家具・家事用品（実質）,2022-12,5.7,false
nominal,17,17,被服及び履物（実質）,2022-12,4.2,false
nominal,18,18,保健医療（実質）,2022-12,5.4,false
nominal,19,19,交通・通信（実質）,2022-12,17,false
nominal,20,20,教育（実質）,2022-12,3.3,false
nominal,21,21,教養娯楽（実質）,2022-12,11.4,false
nominal,22,22,その他の消費支出（実質）,2022-12,17.6,false
nominal,1,1,消費支出（名目）,2023-01,95.2,false
nominal,2,2,食料（名目）,2023-01,24.9,false
nominal,3,3,住居（名目）,2023-01,5.7,false
nominal,4,4,光熱・水道（名目）,2023-01,10.3,false
nominal,5,5,家具・家事用品（名目）,2023-01,3.8,false
nominal,6,6,被服及び履物（名目）,2023-01,3.3,false
nominal,7,7,保健医療（名目）,2023-01,4.3,false
nominal,8,8,交通・通信（名目）,2023-01,15.4,false
nominal,9,9,教育（名目）,2023-01,2.6,false
nominal,10,10,教養娯楽（名目）,2023-01,8.9,false
nominal,11,11,その他の消費支出（名目）,2023-01,15.9,false
nominal,12,12,消費支出（実質）,2023-01,102.9,false
nominal,13,13,食料（実質）,2023-01,28.6,false
nominal,14,14,住居（実質）,2023-01,6.1,false
nominal,15,15,光熱・水道（実質）,2023-01,9.6,false
nominal,16,16,家具・家事用品（実質）,2023-01,4.3,false
nominal,17,17,被服及び履物（実質）,2023-01,3.6,false
nominal,18,18,保健医療（実質）,2023-01,4.5,false
nominal,19,19,交通・通信（実質）,2023-01,16.3,false
nominal,20,20,教育（実質）,2023-01,2.5,false
nominal,21,21,教養娯楽（実質）,2023-01,10,false
nominal,22,22,その他の消費支出（実質）,2023-01,17.2,false
nominal,1,1,消費支出（名目）,2023-02,88.1,false
nominal,2,2,食料（名目）,2023-02,23.5,false
nominal,3,3,住居（名目）,2023-02,5.4,false
nominal,4,4,光熱・水道（名目）,2023-02,10.9,false
nominal,5,5,家具・家事用品（名目）,2023-02,3.2,false
nominal,6,6,被服及び履物（名目）,2023-02,2.4,false
nominal,7,7,保健医療（名目）,2023-02,4.4,false
nominal,8,8,交通・通信（名目）,2023-02,14.7,false
nominal,9,9,教育（名目）,2023-02,2.9,false
nominal,10,10,教養娯楽（名目）,2023-02,8.5,false
nominal,11,11,その他の消費支出（名目）,2023-02,12.3,false
nominal,12,12,消費支出（実質）,2023-02,96,false
nominal,13,13,食料（実質）,2023-02,26.9,false
nominal,14,14,住居（実質）,2023-02,5.7,false
nominal,15,15,光熱・水道（実質）,2023-02,11.5,false
nominal,16,16,家具・家事用品（実質）,2023-02,3.6,false
nominal,17,17,被服及び履物（実質）,2023-02,2.6,false
nominal,18,18,保健医療（実質）,2023-02,4.6,false
nominal,19,19,交通・通信（実質）,2023-02,15.5,false
nominal,20,20,教育（実質）,2023-02,2.7,false
nominal,21,21,教養娯楽（実質）,2023-02,9.5,false
nominal,22,22,その他の消費支出（実質）,2023-02,13.4,false
nominal,1,1,消費支出（名目）,2023-03,103.1,false
nominal,2,2,食料（名目）,2023-03,26,false
nominal,3,3,住居（名目）,2023-03,6.1,false
nominal,4,4,光熱・水道（名目）,2023-03,9.8,false
nominal,5,5,家具・家事用品（名目）,2023-03,4.2,false
nominal,6,6,被服及び履物（名目）,2023-03,3.7,false
nominal,7,7,保健医療（名目）,2023-03,5,false
nominal,8,8,交通・通信（名目）,2023-03,18.5,false
nominal,9,9,教育（名目）,2023-03,4.9,false
nominal,10,10,教養娯楽（名目）,2023-03,10.1,false
nominal,11,11,その他の消費支出（名目）,2023-03,14.9,false
nominal,12,12,消費支出（実質）,2023-03,111.8,false
nominal,13,13,食料（実質）,2023-03,29.6,false
nominal,14,14,住居（実質）,2023-03,6.4,false
nominal,15,15,光熱・水道（実質）,2023-03,10.4,false
nominal,16,16,家具・家事用品（実質）,2023-03,4.5,false
nominal,17,17,被服及び履物（実質）,2023-03,4,false
nominal,18,18,保健医療（実質）,2023-03,5.2,false
nominal,19,19,交通・通信（実質）,2023-03,19.6,false
nominal,20,20,教育（実質）,2023-03,4.6,false
nominal,21,21,教養娯楽（実質）,2023-03,11.1,false
nominal,22,22,その他の消費支出（実質）,2023-03,16.2,false
nominal,1,1,消費支出（名目）,2023-04,100.2,false
nominal,2,2,食料（名目）,2023-04,25.4,false
nominal,3,3,住居（名目）,2023-04,6,false
nominal,4,4,光熱・水道（名目）,2023-04,8.1,false
nominal,5,5,家具・家事用品（名目）,2023-04,3.7,false
nominal,6,6,被服及び履物（名目）,2023-04,3.3,false
nominal,7,7,保健医療（名目）,2023-04,4.6,false
nominal,8,8,交通・通信（名目）,2023-04,17.1,false
nominal,9,9,教育（名目）,2023-04,8.5,false
nominal,10,10,教養娯楽（名目）,2023-04,9.6,false
nominal,11,11,その他の消費支出（名目）,2023-04,13.8,false
nominal,12,12,消費支出（実質）,2023-04,107.9,false
nominal,13,13,食料（実質）,2023-04,28.6,false
nominal,14,14,住居（実質）,2023-04,6.3,false
nominal,15,15,光熱・水道（実質）,2023-04,8.7,false
nominal,16,16,家具・家事用品（実質）,2023-04,4,false
nominal,17,17,被服及び履物（実質）,2023-04,3.5,false
nominal,18,18,保健医療（実質）,2023-04,4.8,false
nominal,19,19,交通・通信（実質）,2023-04,18,false
nominal,20,20,教育（実質）,2023-04,8.1,false
nominal,21,21,教養娯楽（実質）,2023-04,10.5,false
nominal,22,22,その他の消費支出（実質）,2023-04,14.9,false
nominal,1,1,消費支出（名目）,2023-05,93.1,false
nominal,2,2,食料（名目）,2023-05,26.6,false
nominal,3,3,住居（名目）,2023-05,5.9,false
nominal,4,4,光熱・水道（名目）,2023-05,7,false
nominal,5,5,家具・家事用品（名目）,2023-05,4.1,false
nominal,6,6,被服及び履物（名目）,2023-05,3.3,false
nominal,7,7,保健医療（名目）,2023-05,4.4,false
nominal,8,8,交通・通信（名目）,2023-05,15.1,false
nominal,9,9,教育（名目）,2023-05,4.4,false
nominal,10,10,教養娯楽（名目）,2023-05,9.7,false
nominal,11,11,その他の消費支出（名目）,2023-05,12.6,false
nominal,12,12,消費支出（実質）,2023-05,100.1,false
nominal,13,13,食料（実質）,2023-05,29.8,false
nominal,14,14,住居（実質）,2023-05,6.2,false
nominal,15,15,光熱・水道（実質）,2023-05,7.7,false
nominal,16,16,家具・家事用品（実質）,2023-05,4.4,false
nominal,17,17,被服及び履物（実質）,2023-05,3.4,false
nominal,18,18,保健医療（実質）,2023-05,4.5,false
nominal,19,19,交通・通信（実質）,2023-05,15.9,false
nominal,20,20,教育（実質）,2023-05,4.2,false
nominal,21,21,教養娯楽（実質）,2023-05,10.5,false
nominal,22,22,その他の消費支出（実質）,2023-05,13.6,false
nominal,1,1,消費支出（名目）,2023-06,88.7,false
nominal,2,2,食料（名目）,2023-06,24.9,false
nominal,3,3,住居（名目）,2023-06,6.5,false
nominal,4,4,光熱・水道（名目）,2023-06,6,false
nominal,5,5,家具・家事用品（名目）,2023-06,4.1,false
nominal,6,6,被服及び履物（名目）,2023-06,3,false
nominal,7,7,保健医療（名目）,2023-06,4.5,false
nominal,8,8,交通・通信（名目）,2023-06,15.6,false
nominal,9,9,教育（名目）,2023-06,2.5,false
nominal,10,10,教養娯楽（名目）,2023-06,8.8,false
nominal,11,11,その他の消費支出（名目）,2023-06,12.8,false
nominal,12,12,消費支出（実質）,2023-06,95.3,false
nominal,13,13,食料（実質）,2023-06,27.9,false
nominal,14,14,住居（実質）,2023-06,6.8,false
nominal,15,15,光熱・水道（実質）,2023-06,6.5,false
nominal,16,16,家具・家事用品（実質）,2023-06,4.3,false
nominal,17,17,被服及び履物（実質）,2023-06,3.2,false
nominal,18,18,保健医療（実質）,2023-06,4.6,false
nominal,19,19,交通・通信（実質）,2023-06,16.4,false
nominal,20,20,教育（実質）,2023-06,2.4,false
nominal,21,21,教養娯楽（実質）,2023-06,9.6,false
nominal,22,22,その他の消費支出（実質）,2023-06,13.7,false
nominal,1,1,消費支出（名目）,2023-07,92.5,false
nominal,2,2,食料（名目）,2023-07,26.8,false
nominal,3,3,住居（名目）,2023-07,6.2,false
nominal,4,4,光熱・水道（名目）,2023-07,5.5,false
nominal,5,5,家具・家事用品（名目）,2023-07,5.1,false
nominal,6,6,被服及び履物（名目）,2023-07,3.3,false
nominal,7,7,保健医療（名目）,2023-07,4.5,false
nominal,8,8,交通・通信（名目）,2023-07,16.5,false
nominal,9,9,教育（名目）,2023-07,2.3,false
nominal,10,10,教養娯楽（名目）,2023-07,9.1,false
nominal,11,11,その他の消費支出（名目）,2023-07,13.1,false
nominal,12,12,消費支出（実質）,2023-07,98.8,false
nominal,13,13,食料（実質）,2023-07,29.9,false
nominal,14,14,住居（実質）,2023-07,6.5,false
nominal,15,15,光熱・水道（実質）,2023-07,6,false
nominal,16,16,家具・家事用品（実質）,2023-07,5.4,false
nominal,17,17,被服及び履物（実質）,2023-07,3.5,false
nominal,18,18,保健医療（実質）,2023-07,4.7,false
nominal,19,19,交通・通信（実質）,2023-07,17.1,false
nominal,20,20,教育（実質）,2023-07,2.2,false
nominal,21,21,教養娯楽（実質）,2023-07,9.8,false
nominal,22,22,その他の消費支出（実質）,2023-07,14,false
nominal,1,1,消費支出（名目）,2023-08,93.4,false
nominal,2,2,食料（名目）,2023-08,27.9,false
nominal,3,3,住居（名目）,2023-08,6.3,false
nominal,4,4,光熱・水道（名目）,2023-08,5.7,false
nominal,5,5,家具・家事用品（名目）,2023-08,4.4,false
nominal,6,6,被服及び履物（名目）,2023-08,2.3,false
nominal,7,7,保健医療（名目）,2023-08,4.5,false
nominal,8,8,交通・通信（名目）,2023-08,15.7,false
nominal,9,9,教育（名目）,2023-08,2.4,false
nominal,10,10,教養娯楽（名目）,2023-08,10.4,false
nominal,11,11,その他の消費支出（名目）,2023-08,13.6,false
nominal,12,12,消費支出（実質）,2023-08,99.6,false
nominal,13,13,食料（実質）,2023-08,30.9,false
nominal,14,14,住居（実質）,2023-08,6.6,false
nominal,15,15,光熱・水道（実質）,2023-08,6.5,false
nominal,16,16,家具・家事用品（実質）,2023-08,4.7,false
nominal,17,17,被服及び履物（実質）,2023-08,2.5,false
nominal,18,18,保健医療（実質）,2023-08,4.6,false
nominal,19,19,交通・通信（実質）,2023-08,16.1,false
nominal,20,20,教育（実質）,2023-08,2.3,false
nominal,21,21,教養娯楽（実質）,2023-08,10.9,false
nominal,22,22,その他の消費支出（実質）,2023-08,14.5,false
nominal,1,1,消費支出（名目）,2023-09,90.3,false
nominal,2,2,食料（名目）,2023-09,26,false
nominal,3,3,住居（名目）,2023-09,5.8,false
nominal,4,4,光熱・水道（名目）,2023-09,5.8,false
nominal,5,5,家具・家事用品（名目）,2023-09,3.9,false
nominal,6,6,被服及び履物（名目）,2023-09,2.2,false
nominal,7,7,保健医療（名目）,2023-09,4.5,false
nominal,8,8,交通・通信（名目）,2023-09,15.8,false
nominal,9,9,教育（名目）,2023-09,4.7,false
nominal,10,10,教養娯楽（名目）,2023-09,8.7,false
nominal,11,11,その他の消費支出（名目）,2023-09,12.9,false
nominal,12,12,消費支出（実質）,2023-09,95.9,false
nominal,13,13,食料（実質）,2023-09,28.5,false
nominal,14,14,住居（実質）,2023-09,6,false
nominal,15,15,光熱・水道（実質）,2023-09,6.7,false
nominal,16,16,家具・家事用品（実質）,2023-09,4.1,false
nominal,17,17,被服及び履物（実質）,2023-09,2.3,false
nominal,18,18,保健医療（実質）,2023-09,4.7,false
nominal,19,19,交通・通信（実質）,2023-09,16.2,false
nominal,20,20,教育（実質）,2023-09,4.4,false
nominal,21,21,教養娯楽（実質）,2023-09,9.3,false
nominal,22,22,その他の消費支出（実質）,2023-09,13.7,false
nominal,1,1,消費支出（名目）,2023-10,97,false
nominal,2,2,食料（名目）,2023-10,26.8,false
nominal,3,3,住居（名目）,2023-10,6.9,false
nominal,4,4,光熱・水道（名目）,2023-10,6,false
nominal,5,5,家具・家事用品（名目）,2023-10,3.9,false
nominal,6,6,被服及び履物（名目）,2023-10,3.4,false
nominal,7,7,保健医療（名目）,2023-10,5.3,false
nominal,8,8,交通・通信（名目）,2023-10,16.3,false
nominal,9,9,教育（名目）,2023-10,5.6,false
nominal,10,10,教養娯楽（名目）,2023-10,9.5,false
nominal,11,11,その他の消費支出（名目）,2023-10,13.2,false
nominal,12,12,消費支出（実質）,2023-10,102,false
nominal,13,13,食料（実質）,2023-10,29,false
nominal,14,14,住居（実質）,2023-10,7.1,false
nominal,15,15,光熱・水道（実質）,2023-10,6.5,false
nominal,16,16,家具・家事用品（実質）,2023-10,4.1,false
nominal,17,17,被服及び履物（実質）,2023-10,3.6,false
nominal,18,18,保健医療（実質）,2023-10,5.4,false
nominal,19,19,交通・通信（実質）,2023-10,16.8,false
nominal,20,20,教育（実質）,2023-10,5.3,false
nominal,21,21,教養娯楽（実質）,2023-10,10,false
nominal,22,22,その他の消費支出（実質）,2023-10,13.9,false
nominal,1,1,消費支出（名目）,2023-11,93.9,false
nominal,2,2,食料（名目）,2023-11,26.5,false
nominal,3,3,住居（名目）,2023-11,6.1,false
nominal,4,4,光熱・水道（名目）,2023-11,6,false
nominal,5,5,家具・家事用品（名目）,2023-11,4.3,false
nominal,6,6,被服及び履物（名目）,2023-11,3.9,false
nominal,7,7,保健医療（名目）,2023-11,4.9,false
nominal,8,8,交通・通信（名目）,2023-11,15.9,false
nominal,9,9,教育（名目）,2023-11,3.1,false
nominal,10,10,教養娯楽（名目）,2023-11,9.6,false
nominal,11,11,その他の消費支出（名目）,2023-11,13.7,false
nominal,12,12,消費支出（実質）,2023-11,99.1,false
nominal,13,13,食料（実質）,2023-11,28.8,false
nominal,14,14,住居（実質）,2023-11,6.3,false
nominal,15,15,光熱・水道（実質）,2023-11,6.5,false
nominal,16,16,家具・家事用品（実質）,2023-11,4.5,false
nominal,17,17,被服及び履物（実質）,2023-11,4,false
nominal,18,18,保健医療（実質）,2023-11,5,false
nominal,19,19,交通・通信（実質）,2023-11,16.4,false
nominal,20,20,教育（実質）,2023-11,2.9,false
nominal,21,21,教養娯楽（実質）,2023-11,10.1,false
nominal,22,22,その他の消費支出（実質）,2023-11,14.4,false
nominal,1,1,消費支出（名目）,2023-12,105.7,false
nominal,2,2,食料（名目）,2023-12,33,false
nominal,3,3,住居（名目）,2023-12,6.7,false
nominal,4,4,光熱・水道（名目）,2023-12,6.8,false
nominal,5,5,家具・家事用品（名目）,2023-12,4.9,false
nominal,6,6,被服及び履物（名目）,2023-12,3.8,false
nominal,7,7,保健医療（名目）,2023-12,5.1,false
nominal,8,8,交通・通信（名目）,2023-12,15.7,false
nominal,9,9,教育（名目）,2023-12,3.3,false
nominal,10,10,教養娯楽（名目）,2023-12,10.6,false
nominal,11,11,その他の消費支出（名目）,2023-12,15.8,false
nominal,12,12,消費支出（実質）,2023-12,111.6,false
nominal,13,13,食料（実質）,2023-12,36.1,false
nominal,14,14,住居（実質）,2023-12,6.9,false
nominal,15,15,光熱・水道（実質）,2023-12,7.4,false
nominal,16,16,家具・家事用品（実質）,2023-12,5.1,false
nominal,17,17,被服及び履物（実質）,2023-12,3.9,false
nominal,18,18,保健医療（実質）,2023-12,5.2,false
nominal,19,19,交通・通信（実質）,2023-12,16.2,false
nominal,20,20,教育（実質）,2023-12,3.1,false
nominal,21,21,教養娯楽（実質）,2023-12,11.2,false
nominal,22,22,その他の消費支出（実質）,2023-12,16.7,false
nominal,1,1,消費支出（名目）,2024-01,93.2,false
nominal,2,2,食料（名目）,2024-01,25.6,false
nominal,3,3,住居（名目）,2024-01,5.1,false
nominal,4,4,光熱・水道（名目）,2024-01,8,false
nominal,5,5,家具・家事用品（名目）,2024-01,4,false
nominal,6,6,被服及び履物（名目）,2024-01,3.4,false
nominal,7,7,保健医療（名目）,2024-01,4.6,false
nominal,8,8,交通・通信（名目）,2024-01,14.6,false
nominal,9,9,教育（名目）,2024-01,3,false
nominal,10,10,教養娯楽（名目）,2024-01,9,false
nominal,11,11,その他の消費支出（名目）,2024-01,15.8,false
nominal,12,12,消費支出（実質）,2024-01,98.3,false
nominal,13,13,食料（実質）,2024-01,27.9,false
nominal,14,14,住居（実質）,2024-01,5.3,false
nominal,15,15,光熱・水道（実質）,2024-01,8.7,false
nominal,16,16,家具・家事用品（実質）,2024-01,4.2,false
nominal,17,17,被服及び履物（実質）,2024-01,3.6,false
nominal,18,18,保健医療（実質）,2024-01,4.7,false
nominal,19,19,交通・通信（実質）,2024-01,15.1,false
nominal,20,20,教育（実質）,2024-01,2.8,false
nominal,21,21,教養娯楽（実質）,2024-01,9.5,false
nominal,22,22,その他の消費支出（実質）,2024-01,16.7,false
nominal,1,1,消費支出（名目）,2024-02,90.1,false
nominal,2,2,食料（名目）,2024-02,25.3,false
nominal,3,3,住居（名目）,2024-02,5.5,false
nominal,4,4,光熱・水道（名目）,2024-02,8.5,false
nominal,5,5,家具・家事用品（名目）,2024-02,3.4,false
nominal,6,6,被服及び履物（名目）,2024-02,2.7,false
nominal,7,7,保健医療（名目）,2024-02,4.7,false
nominal,8,8,交通・通信（名目）,2024-02,14.9,false
nominal,9,9,教育（名目）,2024-02,3.4,false
nominal,10,10,教養娯楽（名目）,2024-02,9,false
nominal,11,11,その他の消費支出（名目）,2024-02,12.7,false
nominal,12,12,消費支出（実質）,2024-02,95.1,false
nominal,13,13,食料（実質）,2024-02,27.6,false
nominal,14,14,住居（実質）,2024-02,5.7,false
nominal,15,15,光熱・水道（実質）,2024-02,9.3,false
nominal,16,16,家具・家事用品（実質）,2024-02,3.6,false
nominal,17,17,被服及び履物（実質）,2024-02,2.8,false
nominal,18,18,保健医療（実質）,2024-02,4.8,false
nominal,19,19,交通・通信（実質）,2024-02,15.4,false
nominal,20,20,教育（実質）,2024-02,3.2,false
nominal,21,21,教養娯楽（実質）,2024-02,9.4,false
nominal,22,22,その他の消費支出（実質）,2024-02,13.4,false
nominal,1,1,消費支出（名目）,2024-03,103.5,false
nominal,2,2,食料（名目）,2024-03,27.9,false
nominal,3,3,住居（名目）,2024-03,6.2,false
nominal,4,4,光熱・水道（名目）,2024-03,8.5,false
nominal,5,5,家具・家事用品（名目）,2024-03,4.1,false
nominal,6,6,被服及び履物（名目）,2024-03,3.8,false
nominal,7,7,保健医療（名目）,2024-03,5,false
nominal,8,8,交通・通信（名目）,2024-03,18.3,false
nominal,9,9,教育（名目）,2024-03,5.1,false
nominal,10,10,教養娯楽（名目）,2024-03,10.3,false
nominal,11,11,その他の消費支出（名目）,2024-03,14.4,false
nominal,12,12,消費支出（実質）,2024-03,108.8,false
nominal,13,13,食料（実質）,2024-03,30.3,false
nominal,14,14,住居（実質）,2024-03,6.4,false
nominal,15,15,光熱・水道（実質）,2024-03,9.1,false
nominal,16,16,家具・家事用品（実質）,2024-03,4.3,false
nominal,17,17,被服及び履物（実質）,2024-03,3.9,false
nominal,18,18,保健医療（実質）,2024-03,5.1,false
nominal,19,19,交通・通信（実質）,2024-03,18.9,false
nominal,20,20,教育（実質）,2024-03,4.8,false
nominal,21,21,教養娯楽（実質）,2024-03,10.6,false
nominal,22,22,その他の消費支出（実質）,2024-03,15.2,false
nominal,1,1,消費支出（名目）,2024-04,100.3,false
nominal,2,2,食料（名目）,2024-04,25.7,false
nominal,3,3,住居（名目）,2024-04,5.9,false
nominal,4,4,光熱・水道（名目）,2024-04,7.8,false
nominal,5,5,家具・家事用品（名目）,2024-04,3.8,false
nominal,6,6,被服及び履物（名目）,2024-04,3.6,false
nominal,7,7,保健医療（名目）,2024-04,4.6,false
nominal,8,8,交通・通信（名目）,2024-04,16.2,false
nominal,9,9,教育（名目）,2024-04,9.2,false
nominal,10,10,教養娯楽（名目）,2024-04,9.5,false
nominal,11,11,その他の消費支出（名目）,2024-04,14,false
nominal,12,12,消費支出（実質）,2024-04,104.9,false
nominal,13,13,食料（実質）,2024-04,27.8,false
nominal,14,14,住居（実質）,2024-04,6.1,false
nominal,15,15,光熱・水道（実質）,2024-04,8.4,false
nominal,16,16,家具・家事用品（実質）,2024-04,4,false
nominal,17,17,被服及び履物（実質）,2024-04,3.7,false
nominal,18,18,保健医療（実質）,2024-04,4.7,false
nominal,19,19,交通・通信（実質）,2024-04,16.6,false
nominal,20,20,教育（実質）,2024-04,8.8,false
nominal,21,21,教養娯楽（実質）,2024-04,9.8,false
nominal,22,22,その他の消費支出（実質）,2024-04,14.6,false
nominal,1,1,消費支出（名目）,2024-05,95.2,false
nominal,2,2,食料（名目）,2024-05,26.8,false
nominal,3,3,住居（名目）,2024-05,6.3,false
nominal,4,4,光熱・水道（名目）,2024-05,6.8,false
nominal,5,5,家具・家事用品（名目）,2024-05,4.1,false
nominal,6,6,被服及び履物（名目）,2024-05,3.2,false
nominal,7,7,保健医療（名目）,2024-05,4.8,false
nominal,8,8,交通・通信（名目）,2024-05,15.1,false
nominal,9,9,教育（名目）,2024-05,4.8,false
nominal,10,10,教養娯楽（名目）,2024-05,9.6,false
nominal,11,11,その他の消費支出（名目）,2024-05,13.8,false
nominal,12,12,消費支出（実質）,2024-05,99.2,false
nominal,13,13,食料（実質）,2024-05,28.9,false
nominal,14,14,住居（実質）,2024-05,6.5,false
nominal,15,15,光熱・水道（実質）,2024-05,7,false
nominal,16,16,家具・家事用品（実質）,2024-05,4.2,false
nominal,17,17,被服及び履物（実質）,2024-05,3.3,false
nominal,18,18,保健医療（実質）,2024-05,4.9,false
nominal,19,19,交通・通信（実質）,2024-05,15.6,false
nominal,20,20,教育（実質）,2024-05,4.6,false
nominal,21,21,教養娯楽（実質）,2024-05,9.8,false
nominal,22,22,その他の消費支出（実質）,2024-05,14.4,false
nominal,1,1,消費支出（名目）,2024-06,92.5,false
nominal,2,2,食料（名目）,2024-06,26.3,false
nominal,3,3,住居（名目）,2024-06,6.9,false
nominal,4,4,光熱・水道（名目）,2024-06,6,false
nominal,5,5,家具・家事用品（名目）,2024-06,4.9,false
nominal,6,6,被服及び履物（名目）,2024-06,3.2,false
nominal,7,7,保健医療（名目）,2024-06,4.7,false
nominal,8,8,交通・通信（名目）,2024-06,15.6,false
nominal,9,9,教育（名目）,2024-06,2.6,false
nominal,10,10,教養娯楽（名目）,2024-06,9.2,false
nominal,11,11,その他の消費支出（名目）,2024-06,13,false
nominal,12,12,消費支出（実質）,2024-06,96.2,false
nominal,13,13,食料（実質）,2024-06,28.5,false
nominal,14,14,住居（実質）,2024-06,7.1,false
nominal,15,15,光熱・水道（実質）,2024-06,6,false
nominal,16,16,家具・家事用品（実質）,2024-06,5,false
nominal,17,17,被服及び履物（実質）,2024-06,3.3,false
nominal,18,18,保健医療（実質）,2024-06,4.8,false
nominal,19,19,交通・通信（実質）,2024-06,16,false
nominal,20,20,教育（実質）,2024-06,2.5,false
nominal,21,21,教養娯楽（実質）,2024-06,9.6,false
nominal,22,22,その他の消費支出（実質）,2024-06,13.5,false
nominal,1,1,消費支出（名目）,2024-07,94.8,false
nominal,2,2,食料（名目）,2024-07,27.2,false
nominal,3,3,住居（名目）,2024-07,7.1,false
nominal,4,4,光熱・水道（名目）,2024-07,6,false
nominal,5,5,家具・家事用品（名目）,2024-07,5.2,false
nominal,6,6,被服及び履物（名目）,2024-07,3.1,false
nominal,7,7,保健医療（名目）,2024-07,4.7,false
nominal,8,8,交通・通信（名目）,2024-07,15.6,false
nominal,9,9,教育（名目）,2024-07,2.6,false
nominal,10,10,教養娯楽（名目）,2024-07,10,false
nominal,11,11,その他の消費支出（名目）,2024-07,13.4,false
nominal,12,12,消費支出（実質）,2024-07,98.2,false
nominal,13,13,食料（実質）,2024-07,29.4,false
nominal,14,14,住居（実質）,2024-07,7.2,false
nominal,15,15,光熱・水道（実質）,2024-07,5.8,false
nominal,16,16,家具・家事用品（実質）,2024-07,5.3,false
nominal,17,17,被服及び履物（実質）,2024-07,3.2,false
nominal,18,18,保健医療（実質）,2024-07,4.8,false
nominal,19,19,交通・通信（実質）,2024-07,16,false
nominal,20,20,教育（実質）,2024-07,2.5,false
nominal,21,21,教養娯楽（実質）,2024-07,10.2,false
nominal,22,22,その他の消費支出（実質）,2024-07,13.9,false
nominal,1,1,消費支出（名目）,2024-08,96.8,false
nominal,2,2,食料（名目）,2024-08,29.6,false
nominal,3,3,住居（名目）,2024-08,6.4,false
nominal,4,4,光熱・水道（名目）,2024-08,6.4,false
nominal,5,5,家具・家事用品（名目）,2024-08,4.8,false
nominal,6,6,被服及び履物（名目）,2024-08,2.5,false
nominal,7,7,保健医療（名目）,2024-08,4.7,false
nominal,8,8,交通・通信（名目）,2024-08,15,false
nominal,9,9,教育（名目）,2024-08,2.5,false
nominal,10,10,教養娯楽（名目）,2024-08,10.6,false
nominal,11,11,その他の消費支出（名目）,2024-08,14.3,false
nominal,12,12,消費支出（実質）,2024-08,99.7,false
nominal,13,13,食料（実質）,2024-08,31.7,false
nominal,14,14,住居（実質）,2024-08,6.6,false
nominal,15,15,光熱・水道（実質）,2024-08,6.3,false
nominal,16,16,家具・家事用品（実質）,2024-08,4.8,false
nominal,17,17,被服及び履物（実質）,2024-08,2.6,false
nominal,18,18,保健医療（実質）,2024-08,4.8,false
nominal,19,19,交通・通信（実質）,2024-08,15.3,false
nominal,20,20,教育（実質）,2024-08,2.4,false
nominal,21,21,教養娯楽（実質）,2024-08,10.6,false
nominal,22,22,その他の消費支出（実質）,2024-08,14.8,false
nominal,1,1,消費支出（名目）,2024-09,94.7,false
nominal,2,2,食料（名目）,2024-09,26.9,false
nominal,3,3,住居（名目）,2024-09,6.2,false
nominal,4,4,光熱・水道（名目）,2024-09,6.8,false
nominal,5,5,家具・家事用品（名目）,2024-09,4,false
nominal,6,6,被服及び履物（名目）,2024-09,2.5,false
nominal,7,7,保健医療（名目）,2024-09,4.5,false
nominal,8,8,交通・通信（名目）,2024-09,16.5,false
nominal,9,9,教育（名目）,2024-09,5,false
nominal,10,10,教養娯楽（名目）,2024-09,9.1,false
nominal,11,11,その他の消費支出（名目）,2024-09,13.1,false
nominal,12,12,消費支出（実質）,2024-09,97.8,false
nominal,13,13,食料（実質）,2024-09,28.5,false
nominal,14,14,住居（実質）,2024-09,6.3,false
nominal,15,15,光熱・水道（実質）,2024-09,7.2,false
nominal,16,16,家具・家事用品（実質）,2024-09,4,false
nominal,17,17,被服及び履物（実質）,2024-09,2.5,false
nominal,18,18,保健医療（実質）,2024-09,4.6,false
nominal,19,19,交通・通信（実質）,2024-09,17,false
nominal,20,20,教育（実質）,2024-09,4.8,false
nominal,21,21,教養娯楽（実質）,2024-09,9.3,false
nominal,22,22,その他の消費支出（実質）,2024-09,13.5,false
nominal,1,1,消費支出（名目）,2024-10,98.2,false
nominal,2,2,食料（名目）,2024-10,27.5,false
nominal,3,3,住居（名目）,2024-10,6.6,false
nominal,4,4,光熱・水道（名目）,2024-10,6.7,false
nominal,5,5,家具・家事用品（名目）,2024-10,3.8,false
nominal,6,6,被服及び履物（名目）,2024-10,3.1,false
nominal,7,7,保健医療（名目）,2024-10,5.2,false
nominal,8,8,交通・通信（名目）,2024-10,16.5,false
nominal,9,9,教育（名目）,2024-10,5.7,false
nominal,10,10,教養娯楽（名目）,2024-10,9.5,false
nominal,11,11,その他の消費支出（名目）,2024-10,13.7,false
nominal,12,12,消費支出（実質）,2024-10,100.7,false
nominal,13,13,食料（実質）,2024-10,28.7,false
nominal,14,14,住居（実質）,2024-10,6.7,false
nominal,15,15,光熱・水道（実質）,2024-10,7.1,false
nominal,16,16,家具・家事用品（実質）,2024-10,3.8,false
nominal,17,17,被服及び履物（実質）,2024-10,3.1,false
nominal,18,18,保健医療（実質）,2024-10,5.2,false
nominal,19,19,交通・通信（実質）,2024-10,16.9,false
nominal,20,20,教育（実質）,2024-10,5.5,false
nominal,21,21,教養娯楽（実質）,2024-10,9.7,false
nominal,22,22,その他の消費支出（実質）,2024-10,14,false
nominal,1,1,消費支出（名目）,2024-11,95.9,false
nominal,2,2,食料（名目）,2024-11,27.7,false
nominal,3,3,住居（名目）,2024-11,6.9,false
nominal,4,4,光熱・水道（名目）,2024-11,6.2,false
nominal,5,5,家具・家事用品（名目）,2024-11,4.2,false
nominal,6,6,被服及び履物（名目）,2024-11,3.6,false
nominal,7,7,保健医療（名目）,2024-11,5,false
nominal,8,8,交通・通信（名目）,2024-11,15.9,false
nominal,9,9,教育（名目）,2024-11,3.4,false
nominal,10,10,教養娯楽（名目）,2024-11,9.7,false
nominal,11,11,その他の消費支出（名目）,2024-11,13.2,false
nominal,12,12,消費支出（実質）,2024-11,97.9,false
nominal,13,13,食料（実質）,2024-11,28.7,false
nominal,14,14,住居（実質）,2024-11,7,false
nominal,15,15,光熱・水道（実質）,2024-11,6.4,false
nominal,16,16,家具・家事用品（実質）,2024-11,4.2,false
nominal,17,17,被服及び履物（実質）,2024-11,3.6,false
nominal,18,18,保健医療（実質）,2024-11,5,false
nominal,19,19,交通・通信（実質）,2024-11,16.3,false
nominal,20,20,教育（実質）,2024-11,3.2,false
nominal,21,21,教養娯楽（実質）,2024-11,9.9,false
nominal,22,22,その他の消費支出（実質）,2024-11,13.5,false
nominal,1,1,消費支出（名目）,2024-12,111,false
nominal,2,2,食料（名目）,2024-12,34.6,false
nominal,3,3,住居（名目）,2024-12,7.1,false
nominal,4,4,光熱・水道（名目）,2024-12,7.3,false
nominal,5,5,家具・家事用品（名目）,2024-12,5,false
nominal,6,6,被服及び履物（名目）,2024-12,4,false
nominal,7,7,保健医療（名目）,2024-12,5.5,false
nominal,8,8,交通・通信（名目）,2024-12,16.4,false
nominal,9,9,教育（名目）,2024-12,3.1,false
nominal,10,10,教養娯楽（名目）,2024-12,11.3,false
nominal,11,11,その他の消費支出（名目）,2024-12,16.7,false
nominal,12,12,消費支出（実質）,2024-12,112.5,false
nominal,13,13,食料（実質）,2024-12,35.5,false
nominal,14,14,住居（実質）,2024-12,7.2,false
nominal,15,15,光熱・水道（実質）,2024-12,7.2,false
nominal,16,16,家具・家事用品（実質）,2024-12,5.1,false
nominal,17,17,被服及び履物（実質）,2024-12,4,false
nominal,18,18,保健医療（実質）,2024-12,5.5,false
nominal,19,19,交通・通信（実質）,2024-12,16.8,false
nominal,20,20,教育（実質）,2024-12,3,false
nominal,21,21,教養娯楽（実質）,2024-12,11.4,false
nominal,22,22,その他の消費支出（実質）,2024-12,16.9,false
nominal,1,1,消費支出（名目）,2025-01,96.7,false
nominal,2,2,食料（名目）,2025-01,27.2,false
nominal,3,3,住居（名目）,2025-01,5.8,false
nominal,4,4,光熱・水道（名目）,2025-01,9.1,false
nominal,5,5,家具・家事用品（名目）,2025-01,3.6,false
nominal,6,6,被服及び履物（名目）,2025-01,3.3,false
nominal,7,7,保健医療（名目）,2025-01,4.7,false
nominal,8,8,交通・通信（名目）,2025-01,15,false
nominal,9,9,教育（名目）,2025-01,3.2,false
nominal,10,10,教養娯楽（名目）,2025-01,8.9,false
nominal,11,11,その他の消費支出（名目）,2025-01,15.8,false
nominal,12,12,消費支出（実質）,2025-01,97.5,false
nominal,13,13,食料（実質）,2025-01,27.5,false
nominal,14,14,住居（実質）,2025-01,5.8,false
nominal,15,15,光熱・水道（実質）,2025-01,8.9,false
nominal,16,16,家具・家事用品（実質）,2025-01,3.7,false
nominal,17,17,被服及び履物（実質）,2025-01,3.4,false
nominal,18,18,保健医療（実質）,2025-01,4.8,false
nominal,19,19,交通・通信（実質）,2025-01,15.2,false
nominal,20,20,教育（実質）,2025-01,3.2,false
nominal,21,21,教養娯楽（実質）,2025-01,9.1,false
nominal,22,22,その他の消費支出（実質）,2025-01,16,false
nominal,1,1,消費支出（名目）,2025-02,92.7,false
nominal,2,2,食料（名目）,2025-02,26.2,false
nominal,3,3,住居（名目）,2025-02,5.9,false
nominal,4,4,光熱・水道（名目）,2025-02,9.9,false
nominal,5,5,家具・家事用品（名目）,2025-02,3.2,false
nominal,6,6,被服及び履物（名目）,2025-02,2.5,false
nominal,7,7,保健医療（名目）,2025-02,4.6,false
nominal,8,8,交通・通信（名目）,2025-02,15.2,false
nominal,9,9,教育（名目）,2025-02,3.8,false
nominal,10,10,教養娯楽（名目）,2025-02,9,false
nominal,11,11,その他の消費支出（名目）,2025-02,12.4,false
nominal,12,12,消費支出（実質）,2025-02,93.8,false
nominal,13,13,食料（実質）,2025-02,26.5,false
nominal,14,14,住居（実質）,2025-02,5.9,false
nominal,15,15,光熱・水道（実質）,2025-02,10.1,false
nominal,16,16,家具・家事用品（実質）,2025-02,3.3,false
nominal,17,17,被服及び履物（実質）,2025-02,2.5,false
nominal,18,18,保健医療（実質）,2025-02,4.6,false
nominal,19,19,交通・通信（実質）,2025-02,15.4,false
nominal,20,20,教育（実質）,2025-02,3.7,false
nominal,21,21,教養娯楽（実質）,2025-02,9.2,false
nominal,22,22,その他の消費支出（実質）,2025-02,12.6,false
nominal,1,1,消費支出（名目）,2025-03,108.1,false
nominal,2,2,食料（名目）,2025-03,29.8,false
nominal,3,3,住居（名目）,2025-03,6.1,false
nominal,4,4,光熱・水道（名目）,2025-03,9.7,false
nominal,5,5,家具・家事用品（名目）,2025-03,4.2,false
nominal,6,6,被服及び履物（名目）,2025-03,3.7,false
nominal,7,7,保健医療（名目）,2025-03,4.8,false
nominal,8,8,交通・通信（名目）,2025-03,18.5,false
nominal,9,9,教育（名目）,2025-03,5.2,false
nominal,10,10,教養娯楽（名目）,2025-03,10.6,false
nominal,11,11,その他の消費支出（名目）,2025-03,15.4,false
nominal,12,12,消費支出（実質）,2025-03,109.1,false
nominal,13,13,食料（実質）,2025-03,30.1,false
nominal,14,14,住居（実質）,2025-03,6.2,false
nominal,15,15,光熱・水道（実質）,2025-03,9.9,false
nominal,16,16,家具・家事用品（実質）,2025-03,4.3,false
nominal,17,17,被服及び履物（実質）,2025-03,3.8,false
nominal,18,18,保健医療（実質）,2025-03,4.9,false
nominal,19,19,交通・通信（実質）,2025-03,18.7,false
nominal,20,20,教育（実質）,2025-03,5.1,false
nominal,21,21,教養娯楽（実質）,2025-03,10.7,false
nominal,22,22,その他の消費支出（実質）,2025-03,15.5,false
nominal,1,1,消費支出（名目）,2025-04,103.6,false
nominal,2,2,食料（名目）,2025-04,27.6,false
nominal,3,3,住居（名目）,2025-04,6,false
nominal,4,4,光熱・水道（名目）,2025-04,8.5,false
nominal,5,5,家具・家事用品（名目）,2025-04,3.9,false
nominal,6,6,被服及び履物（名目）,2025-04,3.7,false
nominal,7,7,保健医療（名目）,2025-04,4.7,false
nominal,8,8,交通・通信（名目）,2025-04,15.7,false
nominal,9,9,教育（名目）,2025-04,9.2,false
nominal,10,10,教養娯楽（名目）,2025-04,10.3,false
nominal,11,11,その他の消費支出（名目）,2025-04,14,false
nominal,12,12,消費支出（実質）,2025-04,104,false
nominal,13,13,食料（実質）,2025-04,27.9,false
nominal,14,14,住居（実質）,2025-04,6,false
nominal,15,15,光熱・水道（実質）,2025-04,8.4,false
nominal,16,16,家具・家事用品（実質）,2025-04,3.9,false
nominal,17,17,被服及び履物（実質）,2025-04,3.7,false
nominal,18,18,保健医療（実質）,2025-04,4.7,false
nominal,19,19,交通・通信（実質）,2025-04,15.8,false
nominal,20,20,教育（実質）,2025-04,9.2,false
nominal,21,21,教養娯楽（実質）,2025-04,10.3,false
nominal,22,22,その他の消費支出（実質）,2025-04,14,false
nominal,1,1,消費支出（名目）,2025-05,99.8,false
nominal,2,2,食料（名目）,2025-05,29.1,false
nominal,3,3,住居（名目）,2025-05,6.1,false
nominal,4,4,光熱・水道（名目）,2025-05,7.2,false
nominal,5,5,家具・家事用品（名目）,2025-05,4.3,false
nominal,6,6,被服及び履物（名目）,2025-05,3.6,false
nominal,7,7,保健医療（名目）,2025-05,4.7,false
nominal,8,8,交通・通信（名目）,2025-05,16.6,false
nominal,9,9,教育（名目）,2025-05,4.5,false
nominal,10,10,教養娯楽（名目）,2025-05,10.3,false
nominal,11,11,その他の消費支出（名目）,2025-05,13.5,false
nominal,12,12,消費支出（実質）,2025-05,99.8,false
nominal,13,13,食料（実質）,2025-05,29.4,false
nominal,14,14,住居（実質）,2025-05,6.1,false
nominal,15,15,光熱・水道（実質）,2025-05,6.9,false
nominal,16,16,家具・家事用品（実質）,2025-05,4.3,false
nominal,17,17,被服及び履物（実質）,2025-05,3.6,false
nominal,18,18,保健医療（実質）,2025-05,4.7,false
nominal,19,19,交通・通信（実質）,2025-05,16.7,false
nominal,20,20,教育（実質）,2025-05,4.5,false
nominal,21,21,教養娯楽（実質）,2025-05,10.2,false
nominal,22,22,その他の消費支出（実質）,2025-05,13.5,false
nominal,1,1,消費支出（名目）,2025-06,94.3,false
nominal,2,2,食料（名目）,2025-06,27.8,false
nominal,3,3,住居（名目）,2025-06,6.5,false
nominal,4,4,光熱・水道（名目）,2025-06,6.6,false
nominal,5,5,家具・家事用品（名目）,2025-06,4.8,false
nominal,6,6,被服及び履物（名目）,2025-06,3.1,false
nominal,7,7,保健医療（名目）,2025-06,5.2,false
nominal,8,8,交通・通信（名目）,2025-06,15.5,false
nominal,9,9,教育（名目）,2025-06,2.4,false
nominal,10,10,教養娯楽（名目）,2025-06,9.4,false
nominal,11,11,その他の消費支出（名目）,2025-06,13,false
nominal,12,12,消費支出（実質）,2025-06,94.4,false
nominal,13,13,食料（実質）,2025-06,28,false
nominal,14,14,住居（実質）,2025-06,6.5,false
nominal,15,15,光熱・水道（実質）,2025-06,6.4,false
nominal,16,16,家具・家事用品（実質）,2025-06,4.8,false
nominal,17,17,被服及び履物（実質）,2025-06,3.1,false
nominal,18,18,保健医療（実質）,2025-06,5.2,false
nominal,19,19,交通・通信（実質）,2025-06,15.6,false
nominal,20,20,教育（実質）,2025-06,2.4,false
nominal,21,21,教養娯楽（実質）,2025-06,9.4,false
nominal,22,22,その他の消費支出（実質）,2025-06,13,false
nominal,1,1,消費支出（名目）,2025-07,97.7,false
nominal,2,2,食料（名目）,2025-07,28.9,false
nominal,3,3,住居（名目）,2025-07,6.5,false
nominal,4,4,光熱・水道（名目）,2025-07,6.3,false
nominal,5,5,家具・家事用品（名目）,2025-07,5.2,false
nominal,6,6,被服及び履物（名目）,2025-07,3.2,false
nominal,7,7,保健医療（名目）,2025-07,5.1,false
nominal,8,8,交通・通信（名目）,2025-07,16.7,false
nominal,9,9,教育（名目）,2025-07,2.6,false
nominal,10,10,教養娯楽（名目）,2025-07,9.9,false
nominal,11,11,その他の消費支出（名目）,2025-07,13.3,false
nominal,12,12,消費支出（実質）,2025-07,97.6,false
nominal,13,13,食料（実質）,2025-07,29,false
nominal,14,14,住居（実質）,2025-07,6.5,false
nominal,15,15,光熱・水道（実質）,2025-07,6.1,false
nominal,16,16,家具・家事用品（実質）,2025-07,5.2,false
nominal,17,17,被服及び履物（実質）,2025-07,3.2,false
nominal,18,18,保健医療（実質）,2025-07,5,false
nominal,19,19,交通・通信（実質）,2025-07,16.6,false
nominal,20,20,教育（実質）,2025-07,2.7,false
nominal,21,21,教養娯楽（実質）,2025-07,9.9,false
nominal,22,22,その他の消費支出（実質）,2025-07,13.3,false
nominal,1,1,消費支出（名目）,2025-08,100.9,false
nominal,2,2,食料（名目）,2025-08,31.5,false
nominal,3,3,住居（名目）,2025-08,6.8,false
nominal,4,4,光熱・水道（名目）,2025-08,6.5,false
nominal,5,5,家具・家事用品（名目）,2025-08,4.6,false
nominal,6,6,被服及び履物（名目）,2025-08,2.6,false
nominal,7,7,保健医療（名目）,2025-08,4.8,false
nominal,8,8,交通・通信（名目）,2025-08,15.6,false
nominal,9,9,教育（名目）,2025-08,2.6,false
nominal,10,10,教養娯楽（名目）,2025-08,11.6,false
nominal,11,11,その他の消費支出（名目）,2025-08,14.2,false
nominal,12,12,消費支出（実質）,2025-08,100.6,false
nominal,13,13,食料（実質）,2025-08,31.4,false
nominal,14,14,住居（実質）,2025-08,6.7,false
nominal,15,15,光熱・水道（実質）,2025-08,6.7,false
nominal,16,16,家具・家事用品（実質）,2025-08,4.6,false
nominal,17,17,被服及び履物（実質）,2025-08,2.7,false
nominal,18,18,保健医療（実質）,2025-08,4.8,false
nominal,19,19,交通・通信（実質）,2025-08,15.5,false
nominal,20,20,教育（実質）,2025-08,2.6,false
nominal,21,21,教養娯楽（実質）,2025-08,11.5,false
nominal,22,22,その他の消費支出（実質）,2025-08,14.2,false
nominal,1,1,消費支出（名目）,2025-09,98,false
nominal,2,2,食料（名目）,2025-09,28.7,false
nominal,3,3,住居（名目）,2025-09,5.9,false
nominal,4,4,光熱・水道（名目）,2025-09,6.8,false
nominal,5,5,家具・家事用品（名目）,2025-09,4,false
nominal,6,6,被服及び履物（名目）,2025-09,2.4,false
nominal,7,7,保健医療（名目）,2025-09,5.1,false
nominal,8,8,交通・通信（名目）,2025-09,16.9,false
nominal,9,9,教育（名目）,2025-09,4.6,false
nominal,10,10,教養娯楽（名目）,2025-09,9.7,false
nominal,11,11,その他の消費支出（名目）,2025-09,13.7,false
nominal,12,12,消費支出（実質）,2025-09,97.9,false
nominal,13,13,食料（実質）,2025-09,28.5,false
nominal,14,14,住居（実質）,2025-09,5.9,false
nominal,15,15,光熱・水道（実質）,2025-09,7.1,false
nominal,16,16,家具・家事用品（実質）,2025-09,4,false
nominal,17,17,被服及び履物（実質）,2025-09,2.3,false
nominal,18,18,保健医療（実質）,2025-09,5.1,false
nominal,19,19,交通・通信（実質）,2025-09,16.8,false
nominal,20,20,教育（実質）,2025-09,4.7,false
nominal,21,21,教養娯楽（実質）,2025-09,9.8,false
nominal,22,22,その他の消費支出（実質）,2025-09,13.7,false
nominal,1,1,消費支出（名目）,2025-10,98.3,false
nominal,2,2,食料（名目）,2025-10,29,false
nominal,3,3,住居（名目）,2025-10,6.4,false
nominal,4,4,光熱・水道（名目）,2025-10,6.7,false
nominal,5,5,家具・家事用品（名目）,2025-10,3.9,false
nominal,6,6,被服及び履物（名目）,2025-10,3.3,false
nominal,7,7,保健医療（名目）,2025-10,5.2,false
nominal,8,8,交通・通信（名目）,2025-10,15.2,false
nominal,9,9,教育（名目）,2025-10,5.3,false
nominal,10,10,教養娯楽（名目）,2025-10,10.1,false
nominal,11,11,その他の消費支出（名目）,2025-10,13.2,false
nominal,12,12,消費支出（実質）,2025-10,97.5,false
nominal,13,13,食料（実質）,2025-10,28.6,false
nominal,14,14,住居（実質）,2025-10,6.4,false
nominal,15,15,光熱・水道（実質）,2025-10,6.9,false
nominal,16,16,家具・家事用品（実質）,2025-10,3.8,false
nominal,17,17,被服及び履物（実質）,2025-10,3.3,false
nominal,18,18,保健医療（実質）,2025-10,5.1,false
nominal,19,19,交通・通信（実質）,2025-10,14.9,false
nominal,20,20,教育（実質）,2025-10,5.4,false
nominal,21,21,教養娯楽（実質）,2025-10,10,false
nominal,22,22,その他の消費支出（実質）,2025-10,13.1,false
nominal,1,1,消費支出（名目）,2025-11,99.3,false
nominal,2,2,食料（名目）,2025-11,29.8,false
nominal,3,3,住居（名目）,2025-11,6,false
nominal,4,4,光熱・水道（名目）,2025-11,6.3,false
nominal,5,5,家具・家事用品（名目）,2025-11,4.5,false
nominal,6,6,被服及び履物（名目）,2025-11,3.9,false
nominal,7,7,保健医療（名目）,2025-11,5.3,false
nominal,8,8,交通・通信（名目）,2025-11,16.4,false
nominal,9,9,教育（名目）,2025-11,3.4,false
nominal,10,10,教養娯楽（名目）,2025-11,10.4,false
nominal,11,11,その他の消費支出（名目）,2025-11,13.1,false
nominal,12,12,消費支出（実質）,2025-11,98.1,false
nominal,13,13,食料（実質）,2025-11,29.2,false
nominal,14,14,住居（実質）,2025-11,6,false
nominal,15,15,光熱・水道（実質）,2025-11,6.3,false
nominal,16,16,家具・家事用品（実質）,2025-11,4.5,false
nominal,17,17,被服及び履物（実質）,2025-11,3.9,false
nominal,18,18,保健医療（実質）,2025-11,5.2,false
nominal,19,19,交通・通信（実質）,2025-11,16.2,false
nominal,20,20,教育（実質）,2025-11,3.5,false
nominal,21,21,教養娯楽（実質）,2025-11,10.3,false
nominal,22,22,その他の消費支出（実質）,2025-11,13,false
nominal,1,1,消費支出（名目）,2025-12,110.7,false
nominal,2,2,食料（名目）,2025-12,35.7,false
nominal,3,3,住居（名目）,2025-12,6.8,false
nominal,4,4,光熱・水道（名目）,2025-12,7.4,false
nominal,5,5,家具・家事用品（名目）,2025-12,5,false
nominal,6,6,被服及び履物（名目）,2025-12,3.8,false
nominal,7,7,保健医療（名目）,2025-12,5.9,false
nominal,8,8,交通・通信（名目）,2025-12,15.5,false
nominal,9,9,教育（名目）,2025-12,3.7,false
nominal,10,10,教養娯楽（名目）,2025-12,11.6,false
nominal,11,11,その他の消費支出（名目）,2025-12,15.4,false
nominal,12,12,消費支出（実質）,2025-12,109.6,false
nominal,13,13,食料（実質）,2025-12,35,false
nominal,14,14,住居（実質）,2025-12,6.8,false
nominal,15,15,光熱・水道（実質）,2025-12,7.3,false
nominal,16,16,家具・家事用品（実質）,2025-12,5,false
nominal,17,17,被服及び履物（実質）,2025-12,3.7,false
nominal,18,18,保健医療（実質）,2025-12,5.9,false
nominal,19,19,交通・通信（実質）,2025-12,15.5,false
nominal,20,20,教育（実質）,2025-12,3.7,false
nominal,21,21,教養娯楽（実質）,2025-12,11.5,false
nominal,22,22,その他の消費支出（実質）,2025-12,15.3,false
nominal,1,1,消費支出（名目）,2026-01,98.2,false
nominal,2,2,食料（名目）,2026-01,28.6,false
nominal,3,3,住居（名目）,2026-01,5.8,false
nominal,4,4,光熱・水道（名目）,2026-01,8.7,false
nominal,5,5,家具・家事用品（名目）,2026-01,4.1,false
nominal,6,6,被服及び履物（名目）,2026-01,3.3,false
nominal,7,7,保健医療（名目）,2026-01,4.9,false
nominal,8,8,交通・通信（名目）,2026-01,14.9,false
nominal,9,9,教育（名目）,2026-01,2.7,false
nominal,10,10,教養娯楽（名目）,2026-01,9.8,false
nominal,11,11,その他の消費支出（名目）,2026-01,15.4,false
nominal,12,12,消費支出（実質）,2026-01,97.4,false
nominal,13,13,食料（実質）,2026-01,27.9,false
nominal,14,14,住居（実質）,2026-01,5.7,false
nominal,15,15,光熱・水道（実質）,2026-01,8.6,false
nominal,16,16,家具・家事用品（実質）,2026-01,4.1,false
nominal,17,17,被服及び履物（実質）,2026-01,3.3,false
nominal,18,18,保健医療（実質）,2026-01,4.8,false
nominal,19,19,交通・通信（実質）,2026-01,14.9,false
nominal,20,20,教育（実質）,2026-01,2.7,false
nominal,21,21,教養娯楽（実質）,2026-01,9.9,false
nominal,22,22,その他の消費支出（実質）,2026-01,15.2,false
nominal,1,1,消費支出（名目）,2026-02,92.8,false
nominal,2,2,食料（名目）,2026-02,27,false
nominal,3,3,住居（名目）,2026-02,6.1,false
nominal,4,4,光熱・水道（名目）,2026-02,9.2,false
nominal,5,5,家具・家事用品（名目）,2026-02,3.3,false
nominal,6,6,被服及び履物（名目）,2026-02,2.5,false
nominal,7,7,保健医療（名目）,2026-02,4.8,false
nominal,8,8,交通・通信（名目）,2026-02,15.4,false
nominal,9,9,教育（名目）,2026-02,2.9,false
nominal,10,10,教養娯楽（名目）,2026-02,9.7,false
nominal,11,11,その他の消費支出（名目）,2026-02,11.9,false
nominal,12,12,消費支出（実質）,2026-02,92.6,false
nominal,13,13,食料（実質）,2026-02,26.4,false
nominal,14,14,住居（実質）,2026-02,6,false
nominal,15,15,光熱・水道（実質）,2026-02,10,false
nominal,16,16,家具・家事用品（実質）,2026-02,3.3,false
nominal,17,17,被服及び履物（実質）,2026-02,2.5,false
nominal,18,18,保健医療（実質）,2026-02,4.7,false
nominal,19,19,交通・通信（実質）,2026-02,15.4,false
nominal,20,20,教育（実質）,2026-02,2.9,false
nominal,21,21,教養娯楽（実質）,2026-02,9.7,false
nominal,22,22,その他の消費支出（実質）,2026-02,11.9,false
nominal,1,1,消費支出（名目）,2026-03,107.7,false
nominal,2,2,食料（名目）,2026-03,30,false
nominal,3,3,住居（名目）,2026-03,6.3,false
nominal,4,4,光熱・水道（名目）,2026-03,8.9,false
nominal,5,5,家具・家事用品（名目）,2026-03,4.6,false
nominal,6,6,被服及び履物（名目）,2026-03,3.8,false
nominal,7,7,保健医療（名目）,2026-03,5.7,false
nominal,8,8,交通・通信（名目）,2026-03,17.8,false
nominal,9,9,教育（名目）,2026-03,5,false
nominal,10,10,教養娯楽（名目）,2026-03,11.4,false
nominal,11,11,その他の消費支出（名目）,2026-03,14.2,false
nominal,12,12,消費支出（実質）,2026-03,106.9,false
nominal,13,13,食料（実質）,2026-03,29.3,false
nominal,14,14,住居（実質）,2026-03,6.2,false
nominal,15,15,光熱・水道（実質）,2026-03,9.6,false
nominal,16,16,家具・家事用品（実質）,2026-03,4.5,false
nominal,17,17,被服及び履物（実質）,2026-03,3.8,false
nominal,18,18,保健医療（実質）,2026-03,5.6,false
nominal,19,19,交通・通信（実質）,2026-03,17.4,false
nominal,20,20,教育（実質）,2026-03,5.1,false
nominal,21,21,教養娯楽（実質）,2026-03,11.3,false
nominal,22,22,その他の消費支出（実質）,2026-03,14.1,false
nominal,1,1,消費支出（名目）,2026-04,104.7,false
nominal,2,2,食料（名目）,2026-04,28.3,false
nominal,3,3,住居（名目）,2026-04,6.5,false
nominal,4,4,光熱・水道（名目）,2026-04,7.6,false
nominal,5,5,家具・家事用品（名目）,2026-04,4.6,false
nominal,6,6,被服及び履物（名目）,2026-04,3.4,false
nominal,7,7,保健医療（名目）,2026-04,5,false
nominal,8,8,交通・通信（名目）,2026-04,17.4,false
nominal,9,9,教育（名目）,2026-04,7.5,false
nominal,10,10,教養娯楽（名目）,2026-04,10.9,false
nominal,11,11,その他の消費支出（名目）,2026-04,13.6,false
nominal,12,12,消費支出（実質）,2026-04,103.6,false
nominal,13,13,食料（実質）,2026-04,27.8,false
nominal,14,14,住居（実質）,2026-04,6.4,false
nominal,15,15,光熱・水道（実質）,2026-04,7.6,false
nominal,16,16,家具・家事用品（実質）,2026-04,4.5,false
nominal,17,17,被服及び履物（実質）,2026-04,3.3,false
nominal,18,18,保健医療（実質）,2026-04,4.9,false
nominal,19,19,交通・通信（実質）,2026-04,17.1,false
nominal,20,20,教育（実質）,2026-04,7.8,false
nominal,21,21,教養娯楽（実質）,2026-04,10.7,false
nominal,22,22,その他の消費支出（実質）,2026-04,13.5,false
nominal,1,1,消費支出（名目）,2026-05,102.2,false
nominal,2,2,食料（名目）,2026-05,30.8,false
nominal,3,3,住居（名目）,2026-05,6,false
nominal,4,4,光熱・水道（名目）,2026-05,6.6,false
nominal,5,5,家具・家事用品（名目）,2026-05,5.3,false
nominal,6,6,被服及び履物（名目）,2026-05,3.7,false
nominal,7,7,保健医療（名目）,2026-05,4.9,false
nominal,8,8,交通・通信（名目）,2026-05,16.1,false
nominal,9,9,教育（名目）,2026-05,4.6,false
nominal,10,10,教養娯楽（名目）,2026-05,10.5,false
nominal,11,11,その他の消費支出（名目）,2026-05,13.6,false
nominal,12,12,消費支出（実質）,2026-05,100.4,false
nominal,13,13,食料（実質）,2026-05,30.1,false
nominal,14,14,住居（実質）,2026-05,5.9,false
nominal,15,15,光熱・水道（実質）,2026-05,6.4,false
nominal,16,16,家具・家事用品（実質）,2026-05,5.2,false
nominal,17,17,被服及び履物（実質）,2026-05,3.6,false
nominal,18,18,保健医療（実質）,2026-05,4.8,false
nominal,19,19,交通・通信（実質）,2026-05,15.9,false
nominal,20,20,教育（実質）,2026-05,4.9,false
nominal,21,21,教養娯楽（実質）,2026-05,10.3,false
nominal,22,22,その他の消費支出（実質）,2026-05,13.4,false
nominal,1,1,消費支出（名目）,2026-06,93.4,false
nominal,2,2,食料（名目）,2026-06,27.9,false
nominal,3,3,住居（名目）,2026-06,7,false
nominal,4,4,光熱・水道（名目）,2026-06,6.1,false
nominal,5,5,家具・家事用品（名目）,2026-06,4.7,false
nominal,6,6,被服及び履物（名目）,2026-06,2.6,false
nominal,7,7,保健医療（名目）,2026-06,5.4,false
nominal,8,8,交通・通信（名目）,2026-06,15.4,false
nominal,9,9,教育（名目）,2026-06,2.7,false
nominal,10,10,教養娯楽（名目）,2026-06,9.3,false
nominal,11,11,その他の消費支出（名目）,2026-06,12.3,false
nominal,12,12,消費支出（実質）,2026-06,91.8,false
nominal,13,13,食料（実質）,2026-06,27.3,false
nominal,14,14,住居（実質）,2026-06,6.8,false
nominal,15,15,光熱・水道（実質）,2026-06,6,false
nominal,16,16,家具・家事用品（実質）,2026-06,4.5,false
nominal,17,17,被服及び履物（実質）,2026-06,2.6,false
nominal,18,18,保健医療（実質）,2026-06,5.3,false
nominal,19,19,交通・通信（実質）,2026-06,15.1,false
nominal,20,20,教育（実質）,2026-06,2.8,false
nominal,21,21,教養娯楽（実質）,2026-06,9.2,false
nominal,22,22,その他の消費支出（実質）,2026-06,12.1,false
nominal,1,1,消費支出（名目）,2026-07,97.7,false
nominal,2,2,食料（名目）,2026-07,29.5,false
nominal,3,3,住居（名目）,2026-07,6.1,false
nominal,4,4,光熱・水道（名目）,2026-07,5.7,false
nominal,5,5,家具・家事用品（名目）,2026-07,5.5,false
nominal,6,6,被服及び履物（名目）,2026-07,3.2,false
nominal,7,7,保健医療（名目）,2026-07,5,false
nominal,8,8,交通・通信（名目）,2026-07,16.7,false
nominal,9,9,教育（名目）,2026-07,2.3,false
nominal,10,10,教養娯楽（名目）,2026-07,10.3,false
nominal,11,11,その他の消費支出（名目）,2026-07,13.3,false
nominal,12,12,消費支出（実質）,2026-07,95.4,false
nominal,13,13,食料（実質）,2026-07,28.6,false
nominal,14,14,住居（実質）,2026-07,5.9,false
nominal,15,15,光熱・水道（実質）,2026-07,5.5,false
nominal,16,16,家具・家事用品（実質）,2026-07,5.2,false
nominal,17,17,被服及び履物（実質）,2026-07,3.2,false
nominal,18,18,保健医療（実質）,2026-07,4.9,false
nominal,19,19,交通・通信（実質）,2026-07,16.3,false
nominal,20,20,教育（実質）,2026-07,2.4,false
nominal,21,21,教養娯楽（実質）,2026-07,10.1,false
nominal,22,22,その他の消費支出（実質）,2026-07,13,false
