variant,series_index,official_series_code,series_name,month,raw_value,is_missing
distributionAdjustedNominal,1,1,消費支出（名目）,2017-01,91.1,false
distributionAdjustedNominal,2,2,食料（名目）,2017-01,22.4,false
distributionAdjustedNominal,3,3,住居（名目）,2017-01,5.9,false
distributionAdjustedNominal,4,4,光熱・水道（名目）,2017-01,7.7,false
distributionAdjustedNominal,5,5,家具・家事用品（名目）,2017-01,3.2,false
distributionAdjustedNominal,6,6,被服及び履物（名目）,2017-01,4.1,false
distributionAdjustedNominal,7,7,保健医療（名目）,2017-01,3.8,false
distributionAdjustedNominal,8,8,交通・通信（名目）,2017-01,14.1,false
distributionAdjustedNominal,9,9,教育（名目）,2017-01,2.4,false
distributionAdjustedNominal,10,10,教養娯楽（名目）,2017-01,8.9,false
distributionAdjustedNominal,11,11,その他の消費支出（名目）,2017-01,,true
distributionAdjustedNominal,12,12,消費支出（実質）,2017-01,106.2,false
distributionAdjustedNominal,13,13,食料（実質）,2017-01,29,false
distributionAdjustedNominal,14,14,住居（実質）,2017-01,6.8,false
distributionAdjustedNominal,15,15,光熱・水道（実質）,2017-01,9.6,false
distributionAdjustedNominal,16,16,家具・家事用品（実質）,2017-01,4,false
distributionAdjustedNominal,17,17,被服及び履物（実質）,2017-01,4.8,false
distributionAdjustedNominal,18,18,保健医療（実質）,2017-01,4.1,false
distributionAdjustedNominal,19,19,交通・通信（実質）,2017-01,14.1,false
distributionAdjustedNominal,20,20,教育（実質）,2017-01,2.1,false
distributionAdjustedNominal,21,21,教養娯楽（実質）,2017-01,10.5,false
distributionAdjustedNominal,22,22,その他の消費支出（実質）,2017-01,,true
distributionAdjustedNominal,1,1,消費支出（名目）,2017-02,83.5,false
distributionAdjustedNominal,2,2,食料（名目）,2017-02,20.9,false
distributionAdjustedNominal,3,3,住居（名目）,2017-02,6.2,false
distributionAdjustedNominal,4,4,光熱・水道（名目）,2017-02,8.1,false
distributionAdjustedNominal,5,5,家具・家事用品（名目）,2017-02,2.7,false
distributionAdjustedNominal,6,6,被服及び履物（名目）,2017-02,2.7,false
distributionAdjustedNominal,7,7,保健医療（名目）,2017-02,4,false
distributionAdjustedNominal,8,8,交通・通信（名目）,2017-02,14.1,false
distributionAdjustedNominal,9,9,教育（名目）,2017-02,2.9,false
distributionAdjustedNominal,10,10,教養娯楽（名目）,2017-02,8.4,false
distributionAdjustedNominal,11,11,その他の消費支出（名目）,2017-02,,true
distributionAdjustedNominal,12,12,消費支出（実質）,2017-02,97.5,false
distributionAdjustedNominal,13,13,食料（実質）,2017-02,27.3,false
distributionAdjustedNominal,14,14,住居（実質）,2017-02,7.2,false
distributionAdjustedNominal,15,15,光熱・水道（実質）,2017-02,10.1,false
distributionAdjustedNominal,16,16,家具・家事用品（実質）,2017-02,3.4,false
distributionAdjustedNominal,17,17,被服及び履物（実質）,2017-02,3.1,false
distributionAdjustedNominal,18,18,保健医療（実質）,2017-02,4.3,false
distributionAdjustedNominal,19,19,交通・通信（実質）,2017-02,14.2,false
distributionAdjustedNominal,20,20,教育（実質）,2017-02,2.5,false
distributionAdjustedNominal,21,21,教養娯楽（実質）,2017-02,10,false
distributionAdjustedNominal,22,22,その他の消費支出（実質）,2017-02,,true
distributionAdjustedNominal,1,1,消費支出（名目）,2017-03,98.6,false
distributionAdjustedNominal,2,2,食料（名目）,2017-03,23.7,false
distributionAdjustedNominal,3,3,住居（名目）,2017-03,6.8,false
distributionAdjustedNominal,4,4,光熱・水道（名目）,2017-03,7.7,false
distributionAdjustedNominal,5,5,家具・家事用品（名目）,2017-03,3.2,false
distributionAdjustedNominal,6,6,被服及び履物（名目）,2017-03,3.9,false
distributionAdjustedNominal,7,7,保健医療（名目）,2017-03,4.1,false
distributionAdjustedNominal,8,8,交通・通信（名目）,2017-03,18.5,false
distributionAdjustedNominal,9,9,教育（名目）,2017-03,4.1,false
distributionAdjustedNominal,10,10,教養娯楽（名目）,2017-03,10,false
distributionAdjustedNominal,11,11,その他の消費支出（名目）,2017-03,,true
distributionAdjustedNominal,12,12,消費支出（実質）,2017-03,115,false
distributionAdjustedNominal,13,13,食料（実質）,2017-03,31,false
distributionAdjustedNominal,14,14,住居（実質）,2017-03,7.9,false
distributionAdjustedNominal,15,15,光熱・水道（実質）,2017-03,9.5,false
distributionAdjustedNominal,16,16,家具・家事用品（実質）,2017-03,4,false
distributionAdjustedNominal,17,17,被服及び履物（実質）,2017-03,4.4,false
distributionAdjustedNominal,18,18,保健医療（実質）,2017-03,4.4,false
distributionAdjustedNominal,19,19,交通・通信（実質）,2017-03,18.7,false
distributionAdjustedNominal,20,20,教育（実質）,2017-03,3.6,false
distributionAdjustedNominal,21,21,教養娯楽（実質）,2017-03,11.8,false
distributionAdjustedNominal,22,22,その他の消費支出（実質）,2017-03,,true
distributionAdjustedNominal,1,1,消費支出（名目）,2017-04,95.4,false
distributionAdjustedNominal,2,2,食料（名目）,2017-04,23,false
distributionAdjustedNominal,3,3,住居（名目）,2017-04,6.5,false
distributionAdjustedNominal,4,4,光熱・水道（名目）,2017-04,7.2,false
distributionAdjustedNominal,5,5,家具・家事用品（名目）,2017-04,3,false
distributionAdjustedNominal,6,6,被服及び履物（名目）,2017-04,3.8,false
distributionAdjustedNominal,7,7,保健医療（名目）,2017-04,4,false
distributionAdjustedNominal,8,8,交通・通信（名目）,2017-04,15.5,false
distributionAdjustedNominal,9,9,教育（名目）,2017-04,6.8,false
distributionAdjustedNominal,10,10,教養娯楽（名目）,2017-04,9.9,false
distributionAdjustedNominal,11,11,その他の消費支出（名目）,2017-04,,true
distributionAdjustedNominal,12,12,消費支出（実質）,2017-04,110.8,false
distributionAdjustedNominal,13,13,食料（実質）,2017-04,29.9,false
distributionAdjustedNominal,14,14,住居（実質）,2017-04,7.5,false
distributionAdjustedNominal,15,15,光熱・水道（実質）,2017-04,8.8,false
distributionAdjustedNominal,16,16,家具・家事用品（実質）,2017-04,3.7,false
distributionAdjustedNominal,17,17,被服及び履物（実質）,2017-04,4.3,false
distributionAdjustedNominal,18,18,保健医療（実質）,2017-04,4.3,false
distributionAdjustedNominal,19,19,交通・通信（実質）,2017-04,15.6,false
distributionAdjustedNominal,20,20,教育（実質）,2017-04,6,false
distributionAdjustedNominal,21,21,教養娯楽（実質）,2017-04,11.6,false
distributionAdjustedNominal,22,22,その他の消費支出（実質）,2017-04,,true
distributionAdjustedNominal,1,1,消費支出（名目）,2017-05,91,false
distributionAdjustedNominal,2,2,食料（名目）,2017-05,24.2,false
distributionAdjustedNominal,3,3,住居（名目）,2017-05,6.6,false
distributionAdjustedNominal,4,4,光熱・水道（名目）,2017-05,6.2,false
distributionAdjustedNominal,5,5,家具・家事用品（名目）,2017-05,3.4,false
distributionAdjustedNominal,6,6,被服及び履物（名目）,2017-05,3.8,false
distributionAdjustedNominal,7,7,保健医療（名目）,2017-05,4,false
distributionAdjustedNominal,8,8,交通・通信（名目）,2017-05,15,false
distributionAdjustedNominal,9,9,教育（名目）,2017-05,2.9,false
distributionAdjustedNominal,10,10,教養娯楽（名目）,2017-05,9.6,false
distributionAdjustedNominal,11,11,その他の消費支出（名目）,2017-05,,true
distributionAdjustedNominal,12,12,消費支出（実質）,2017-05,105.6,false
distributionAdjustedNominal,13,13,食料（実質）,2017-05,31.5,false
distributionAdjustedNominal,14,14,住居（実質）,2017-05,7.7,false
distributionAdjustedNominal,15,15,光熱・水道（実質）,2017-05,7.5,false
distributionAdjustedNominal,16,16,家具・家事用品（実質）,2017-05,4.3,false
distributionAdjustedNominal,17,17,被服及び履物（実質）,2017-05,4.2,false
distributionAdjustedNominal,18,18,保健医療（実質）,2017-05,4.3,false
distributionAdjustedNominal,19,19,交通・通信（実質）,2017-05,15.1,false
distributionAdjustedNominal,20,20,教育（実質）,2017-05,2.6,false
distributionAdjustedNominal,21,21,教養娯楽（実質）,2017-05,11.2,false
distributionAdjustedNominal,22,22,その他の消費支出（実質）,2017-05,,true
distributionAdjustedNominal,1,1,消費支出（名目）,2017-06,85.9,false
distributionAdjustedNominal,2,2,食料（名目）,2017-06,22.9,false
distributionAdjustedNominal,3,3,住居（名目）,2017-06,6.8,false
distributionAdjustedNominal,4,4,光熱・水道（名目）,2017-06,5.5,false
distributionAdjustedNominal,5,5,家具・家事用品（名目）,2017-06,3.5,false
distributionAdjustedNominal,6,6,被服及び履物（名目）,2017-06,3.3,false
distributionAdjustedNominal,7,7,保健医療（名目）,2017-06,4.1,false
distributionAdjustedNominal,8,8,交通・通信（名目）,2017-06,14.4,false
distributionAdjustedNominal,9,9,教育（名目）,2017-06,1.9,false
distributionAdjustedNominal,10,10,教養娯楽（名目）,2017-06,9.1,false
distributionAdjustedNominal,11,11,その他の消費支出（名目）,2017-06,,true
distributionAdjustedNominal,12,12,消費支出（実質）,2017-06,99.7,false
distributionAdjustedNominal,13,13,食料（実質）,2017-06,29.8,false
distributionAdjustedNominal,14,14,住居（実質）,2017-06,7.9,false
distributionAdjustedNominal,15,15,光熱・水道（実質）,2017-06,6.7,false
distributionAdjustedNominal,16,16,家具・家事用品（実質）,2017-06,4.4,false
distributionAdjustedNominal,17,17,被服及び履物（実質）,2017-06,3.7,false
distributionAdjustedNominal,18,18,保健医療（実質）,2017-06,4.4,false
distributionAdjustedNominal,19,19,交通・通信（実質）,2017-06,14.5,false
distributionAdjustedNominal,20,20,教育（実質）,2017-06,1.7,false
distributionAdjustedNominal,21,21,教養娯楽（実質）,2017-06,10.7,false
distributionAdjustedNominal,22,22,その他の消費支出（実質）,2017-06,,true
distributionAdjustedNominal,1,1,消費支出（名目）,2017-07,90.1,false
distributionAdjustedNominal,2,2,食料（名目）,2017-07,24.2,false
distributionAdjustedNominal,3,3,住居（名目）,2017-07,7,false
distributionAdjustedNominal,4,4,光熱・水道（名目）,2017-07,5.3,false
distributionAdjustedNominal,5,5,家具・家事用品（名目）,2017-07,4.5,false
distributionAdjustedNominal,6,6,被服及び履物（名目）,2017-07,3.7,false
distributionAdjustedNominal,7,7,保健医療（名目）,2017-07,4,false
distributionAdjustedNominal,8,8,交通・通信（名目）,2017-07,15.4,false
distributionAdjustedNominal,9,9,教育（名目）,2017-07,2,false
distributionAdjustedNominal,10,10,教養娯楽（名目）,2017-07,9.4,false
distributionAdjustedNominal,11,11,その他の消費支出（名目）,2017-07,,true
distributionAdjustedNominal,12,12,消費支出（実質）,2017-07,104.9,false
distributionAdjustedNominal,13,13,食料（実質）,2017-07,31.7,false
distributionAdjustedNominal,14,14,住居（実質）,2017-07,8.2,false
distributionAdjustedNominal,15,15,光熱・水道（実質）,2017-07,6.4,false
distributionAdjustedNominal,16,16,家具・家事用品（実質）,2017-07,5.7,false
distributionAdjustedNominal,17,17,被服及び履物（実質）,2017-07,4.3,false
distributionAdjustedNominal,18,18,保健医療（実質）,2017-07,4.3,false
distributionAdjustedNominal,19,19,交通・通信（実質）,2017-07,15.5,false
distributionAdjustedNominal,20,20,教育（実質）,2017-07,1.8,false
distributionAdjustedNominal,21,21,教養娯楽（実質）,2017-07,11.1,false
distributionAdjustedNominal,22,22,その他の消費支出（実質）,2017-07,,true
distributionAdjustedNominal,1,1,消費支出（名目）,2017-08,91,false
distributionAdjustedNominal,2,2,食料（名目）,2017-08,25.6,false
distributionAdjustedNominal,3,3,住居（名目）,2017-08,6.4,false
distributionAdjustedNominal,4,4,光熱・水道（名目）,2017-08,5.9,false
distributionAdjustedNominal,5,5,家具・家事用品（名目）,2017-08,3.9,false
distributionAdjustedNominal,6,6,被服及び履物（名目）,2017-08,2.8,false
distributionAdjustedNominal,7,7,保健医療（名目）,2017-08,3.9,false
distributionAdjustedNominal,8,8,交通・通信（名目）,2017-08,14.5,false
distributionAdjustedNominal,9,9,教育（名目）,2017-08,1.9,false
distributionAdjustedNominal,10,10,教養娯楽（名目）,2017-08,10.9,false
distributionAdjustedNominal,11,11,その他の消費支出（名目）,2017-08,,true
distributionAdjustedNominal,12,12,消費支出（実質）,2017-08,105.5,false
distributionAdjustedNominal,13,13,食料（実質）,2017-08,33.4,false
distributionAdjustedNominal,14,14,住居（実質）,2017-08,7.4,false
distributionAdjustedNominal,15,15,光熱・水道（実質）,2017-08,7,false
distributionAdjustedNominal,16,16,家具・家事用品（実質）,2017-08,4.9,false
distributionAdjustedNominal,17,17,被服及び履物（実質）,2017-08,3.2,false
distributionAdjustedNominal,18,18,保健医療（実質）,2017-08,4.2,false
distributionAdjustedNominal,19,19,交通・通信（実質）,2017-08,14.6,false
distributionAdjustedNominal,20,20,教育（実質）,2017-08,1.7,false
distributionAdjustedNominal,21,21,教養娯楽（実質）,2017-08,12.7,false
distributionAdjustedNominal,22,22,その他の消費支出（実質）,2017-08,,true
distributionAdjustedNominal,1,1,消費支出（名目）,2017-09,87.9,false
distributionAdjustedNominal,2,2,食料（名目）,2017-09,23,false
distributionAdjustedNominal,3,3,住居（名目）,2017-09,6.6,false
distributionAdjustedNominal,4,4,光熱・水道（名目）,2017-09,5.7,false
distributionAdjustedNominal,5,5,家具・家事用品（名目）,2017-09,3.3,false
distributionAdjustedNominal,6,6,被服及び履物（名目）,2017-09,2.8,false
distributionAdjustedNominal,7,7,保健医療（名目）,2017-09,3.9,false
distributionAdjustedNominal,8,8,交通・通信（名目）,2017-09,15.3,false
distributionAdjustedNominal,9,9,教育（名目）,2017-09,4.1,false
distributionAdjustedNominal,10,10,教養娯楽（名目）,2017-09,8.9,false
distributionAdjustedNominal,11,11,その他の消費支出（名目）,2017-09,,true
distributionAdjustedNominal,12,12,消費支出（実質）,2017-09,101.8,false
distributionAdjustedNominal,13,13,食料（実質）,2017-09,29.8,false
distributionAdjustedNominal,14,14,住居（実質）,2017-09,7.7,false
distributionAdjustedNominal,15,15,光熱・水道（実質）,2017-09,6.8,false
distributionAdjustedNominal,16,16,家具・家事用品（実質）,2017-09,4.3,false
distributionAdjustedNominal,17,17,被服及び履物（実質）,2017-09,3.1,false
distributionAdjustedNominal,18,18,保健医療（実質）,2017-09,4.1,false
distributionAdjustedNominal,19,19,交通・通信（実質）,2017-09,15.4,false
distributionAdjustedNominal,20,20,教育（実質）,2017-09,3.6,false
distributionAdjustedNominal,21,21,教養娯楽（実質）,2017-09,10.5,false
distributionAdjustedNominal,22,22,その他の消費支出（実質）,2017-09,,true
distributionAdjustedNominal,1,1,消費支出（名目）,2017-10,89.7,false
distributionAdjustedNominal,2,2,食料（名目）,2017-10,23.5,false
distributionAdjustedNominal,3,3,住居（名目）,2017-10,7.2,false
distributionAdjustedNominal,4,4,光熱・水道（名目）,2017-10,5.7,false
distributionAdjustedNominal,5,5,家具・家事用品（名目）,2017-10,3.4,false
distributionAdjustedNominal,6,6,被服及び履物（名目）,2017-10,3.8,false
distributionAdjustedNominal,7,7,保健医療（名目）,2017-10,4.1,false
distributionAdjustedNominal,8,8,交通・通信（名目）,2017-10,14.5,false
distributionAdjustedNominal,9,9,教育（名目）,2017-10,4.4,false
distributionAdjustedNominal,10,10,教養娯楽（名目）,2017-10,9.2,false
distributionAdjustedNominal,11,11,その他の消費支出（名目）,2017-10,,true
distributionAdjustedNominal,12,12,消費支出（実質）,2017-10,103.8,false
distributionAdjustedNominal,13,13,食料（実質）,2017-10,30.6,false
distributionAdjustedNominal,14,14,住居（実質）,2017-10,8.3,false
distributionAdjustedNominal,15,15,光熱・水道（実質）,2017-10,6.8,false
distributionAdjustedNominal,16,16,家具・家事用品（実質）,2017-10,4.2,false
distributionAdjustedNominal,17,17,被服及び履物（実質）,2017-10,4.2,false
distributionAdjustedNominal,18,18,保健医療（実質）,2017-10,4.4,false
distributionAdjustedNominal,19,19,交通・通信（実質）,2017-10,14.5,false
distributionAdjustedNominal,20,20,教育（実質）,2017-10,3.9,false
distributionAdjustedNominal,21,21,教養娯楽（実質）,2017-10,10.8,false
distributionAdjustedNominal,22,22,その他の消費支出（実質）,2017-10,,true
distributionAdjustedNominal,1,1,消費支出（名目）,2017-11,89.6,false
distributionAdjustedNominal,2,2,食料（名目）,2017-11,23.4,false
distributionAdjustedNominal,3,3,住居（名目）,2017-11,7.1,false
distributionAdjustedNominal,4,4,光熱・水道（名目）,2017-11,6,false
distributionAdjustedNominal,5,5,家具・家事用品（名目）,2017-11,3.7,false
distributionAdjustedNominal,6,6,被服及び履物（名目）,2017-11,4.2,false
distributionAdjustedNominal,7,7,保健医療（名目）,2017-11,4.3,false
distributionAdjustedNominal,8,8,交通・通信（名目）,2017-11,14.8,false
distributionAdjustedNominal,9,9,教育（名目）,2017-11,2.4,false
distributionAdjustedNominal,10,10,教養娯楽（名目）,2017-11,9.2,false
distributionAdjustedNominal,11,11,その他の消費支出（名目）,2017-11,,true
distributionAdjustedNominal,12,12,消費支出（実質）,2017-11,103.2,false
distributionAdjustedNominal,13,13,食料（実質）,2017-11,30.2,false
distributionAdjustedNominal,14,14,住居（実質）,2017-11,8.2,false
distributionAdjustedNominal,15,15,光熱・水道（実質）,2017-11,7.2,false
distributionAdjustedNominal,16,16,家具・家事用品（実質）,2017-11,4.6,false
distributionAdjustedNominal,17,17,被服及び履物（実質）,2017-11,4.6,false
distributionAdjustedNominal,18,18,保健医療（実質）,2017-11,4.6,false
distributionAdjustedNominal,19,19,交通・通信（実質）,2017-11,14.8,false
distributionAdjustedNominal,20,20,教育（実質）,2017-11,2.1,false
distributionAdjustedNominal,21,21,教養娯楽（実質）,2017-11,10.8,false
distributionAdjustedNominal,22,22,その他の消費支出（実質）,2017-11,,true
distributionAdjustedNominal,1,1,消費支出（名目）,2017-12,103.9,false
distributionAdjustedNominal,2,2,食料（名目）,2017-12,30.7,false
distributionAdjustedNominal,3,3,住居（名目）,2017-12,7.5,false
distributionAdjustedNominal,4,4,光熱・水道（名目）,2017-12,7.2,false
distributionAdjustedNominal,5,5,家具・家事用品（名目）,2017-12,4.4,false
distributionAdjustedNominal,6,6,被服及び履物（名目）,2017-12,4.2,false
distributionAdjustedNominal,7,7,保健医療（名目）,2017-12,4.6,false
distributionAdjustedNominal,8,8,交通・通信（名目）,2017-12,14.5,false
distributionAdjustedNominal,9,9,教育（名目）,2017-12,2.3,false
distributionAdjustedNominal,10,10,教養娯楽（名目）,2017-12,10.9,false
distributionAdjustedNominal,11,11,その他の消費支出（名目）,2017-12,,true
distributionAdjustedNominal,12,12,消費支出（実質）,2017-12,119.3,false
distributionAdjustedNominal,13,13,食料（実質）,2017-12,39.2,false
distributionAdjustedNominal,14,14,住居（実質）,2017-12,8.8,false
distributionAdjustedNominal,15,15,光熱・水道（実質）,2017-12,8.7,false
distributionAdjustedNominal,16,16,家具・家事用品（実質）,2017-12,5.5,false
distributionAdjustedNominal,17,17,被服及び履物（実質）,2017-12,4.7,false
distributionAdjustedNominal,18,18,保健医療（実質）,2017-12,4.9,false
distributionAdjustedNominal,19,19,交通・通信（実質）,2017-12,14.5,false
distributionAdjustedNominal,20,20,教育（実質）,2017-12,2,false
distributionAdjustedNominal,21,21,教養娯楽（実質）,2017-12,12.8,false
distributionAdjustedNominal,22,22,その他の消費支出（実質）,2017-12,,true
distributionAdjustedNominal,1,1,消費支出（名目）,2018-01,92.1,false
distributionAdjustedNominal,2,2,食料（名目）,2018-01,23.1,false
distributionAdjustedNominal,3,3,住居（名目）,2018-01,6,false
distributionAdjustedNominal,4,4,光熱・水道（名目）,2018-01,8.4,false
distributionAdjustedNominal,5,5,家具・家事用品（名目）,2018-01,3.1,false
distributionAdjustedNominal,6,6,被服及び履物（名目）,2018-01,3.9,false
distributionAdjustedNominal,7,7,保健医療（名目）,2018-01,4.1,false
distributionAdjustedNominal,8,8,交通・通信（名目）,2018-01,15,false
distributionAdjustedNominal,9,9,教育（名目）,2018-01,2.1,false
distributionAdjustedNominal,10,10,教養娯楽（名目）,2018-01,8.8,false
distributionAdjustedNominal,11,11,その他の消費支出（名目）,2018-01,,true
distributionAdjustedNominal,12,12,消費支出（実質）,2018-01,105.7,false
distributionAdjustedNominal,13,13,食料（実質）,2018-01,29,false
distributionAdjustedNominal,14,14,住居（実質）,2018-01,7,false
distributionAdjustedNominal,15,15,光熱・水道（実質）,2018-01,10.1,false
distributionAdjustedNominal,16,16,家具・家事用品（実質）,2018-01,3.9,false
distributionAdjustedNominal,17,17,被服及び履物（実質）,2018-01,4.5,false
distributionAdjustedNominal,18,18,保健医療（実質）,2018-01,4.4,false
distributionAdjustedNominal,19,19,交通・通信（実質）,2018-01,14.9,false
distributionAdjustedNominal,20,20,教育（実質）,2018-01,1.8,false
distributionAdjustedNominal,21,21,教養娯楽（実質）,2018-01,10.5,false
distributionAdjustedNominal,22,22,その他の消費支出（実質）,2018-01,,true
distributionAdjustedNominal,1,1,消費支出（名目）,2018-02,85.2,false
distributionAdjustedNominal,2,2,食料（名目）,2018-02,21.6,false
distributionAdjustedNominal,3,3,住居（名目）,2018-02,6.2,false
distributionAdjustedNominal,4,4,光熱・水道（名目）,2018-02,8.9,false
distributionAdjustedNominal,5,5,家具・家事用品（名目）,2018-02,2.7,false
distributionAdjustedNominal,6,6,被服及び履物（名目）,2018-02,2.7,false
distributionAdjustedNominal,7,7,保健医療（名目）,2018-02,3.9,false
distributionAdjustedNominal,8,8,交通・通信（名目）,2018-02,14.7,false
distributionAdjustedNominal,9,9,教育（名目）,2018-02,2.5,false
distributionAdjustedNominal,10,10,教養娯楽（名目）,2018-02,8.5,false
distributionAdjustedNominal,11,11,その他の消費支出（名目）,2018-02,,true
distributionAdjustedNominal,12,12,消費支出（実質）,2018-02,97.7,false
distributionAdjustedNominal,13,13,食料（実質）,2018-02,27.3,false
distributionAdjustedNominal,14,14,住居（実質）,2018-02,7.2,false
distributionAdjustedNominal,15,15,光熱・水道（実質）,2018-02,10.6,false
distributionAdjustedNominal,16,16,家具・家事用品（実質）,2018-02,3.4,false
distributionAdjustedNominal,17,17,被服及び履物（実質）,2018-02,3.1,false
distributionAdjustedNominal,18,18,保健医療（実質）,2018-02,4.1,false
distributionAdjustedNominal,19,19,交通・通信（実質）,2018-02,14.6,false
distributionAdjustedNominal,20,20,教育（実質）,2018-02,2.2,false
distributionAdjustedNominal,21,21,教養娯楽（実質）,2018-02,10,false
distributionAdjustedNominal,22,22,その他の消費支出（実質）,2018-02,,true
distributionAdjustedNominal,1,1,消費支出（名目）,2018-03,97.7,false
distributionAdjustedNominal,2,2,食料（名目）,2018-03,24,false
distributionAdjustedNominal,3,3,住居（名目）,2018-03,6.6,false
distributionAdjustedNominal,4,4,光熱・水道（名目）,2018-03,8.1,false
distributionAdjustedNominal,5,5,家具・家事用品（名目）,2018-03,3.3,false
distributionAdjustedNominal,6,6,被服及び履物（名目）,2018-03,4,false
distributionAdjustedNominal,7,7,保健医療（名目）,2018-03,4.4,false
distributionAdjustedNominal,8,8,交通・通信（名目）,2018-03,17.1,false
distributionAdjustedNominal,9,9,教育（名目）,2018-03,4.1,false
distributionAdjustedNominal,10,10,教養娯楽（名目）,2018-03,10.2,false
distributionAdjustedNominal,11,11,その他の消費支出（名目）,2018-03,,true
distributionAdjustedNominal,12,12,消費支出（実質）,2018-03,112.5,false
distributionAdjustedNominal,13,13,食料（実質）,2018-03,30.7,false
distributionAdjustedNominal,14,14,住居（実質）,2018-03,7.6,false
distributionAdjustedNominal,15,15,光熱・水道（実質）,2018-03,9.6,false
distributionAdjustedNominal,16,16,家具・家事用品（実質）,2018-03,4.3,false
distributionAdjustedNominal,17,17,被服及び履物（実質）,2018-03,4.6,false
distributionAdjustedNominal,18,18,保健医療（実質）,2018-03,4.6,false
distributionAdjustedNominal,19,19,交通・通信（実質）,2018-03,17,false
distributionAdjustedNominal,20,20,教育（実質）,2018-03,3.7,false
distributionAdjustedNominal,21,21,教養娯楽（実質）,2018-03,12,false
distributionAdjustedNominal,22,22,その他の消費支出（実質）,2018-03,,true
distributionAdjustedNominal,1,1,消費支出（名目）,2018-04,94.5,false
distributionAdjustedNominal,2,2,食料（名目）,2018-04,22.7,false
distributionAdjustedNominal,3,3,住居（名目）,2018-04,6.9,false
distributionAdjustedNominal,4,4,光熱・水道（名目）,2018-04,7,false
distributionAdjustedNominal,5,5,家具・家事用品（名目）,2018-04,3.2,false
distributionAdjustedNominal,6,6,被服及び履物（名目）,2018-04,3.6,false
distributionAdjustedNominal,7,7,保健医療（名目）,2018-04,3.9,false
distributionAdjustedNominal,8,8,交通・通信（名目）,2018-04,14.3,false
distributionAdjustedNominal,9,9,教育（名目）,2018-04,7.4,false
distributionAdjustedNominal,10,10,教養娯楽（名目）,2018-04,9.6,false
distributionAdjustedNominal,11,11,その他の消費支出（名目）,2018-04,,true
distributionAdjustedNominal,12,12,消費支出（実質）,2018-04,108.9,false
distributionAdjustedNominal,13,13,食料（実質）,2018-04,29.4,false
distributionAdjustedNominal,14,14,住居（実質）,2018-04,8,false
distributionAdjustedNominal,15,15,光熱・水道（実質）,2018-04,8.2,false
distributionAdjustedNominal,16,16,家具・家事用品（実質）,2018-04,4.1,false
distributionAdjustedNominal,17,17,被服及び履物（実質）,2018-04,4,false
distributionAdjustedNominal,18,18,保健医療（実質）,2018-04,4.1,false
distributionAdjustedNominal,19,19,交通・通信（実質）,2018-04,14.2,false
distributionAdjustedNominal,20,20,教育（実質）,2018-04,6.5,false
distributionAdjustedNominal,21,21,教養娯楽（実質）,2018-04,11.3,false
distributionAdjustedNominal,22,22,その他の消費支出（実質）,2018-04,,true
distributionAdjustedNominal,1,1,消費支出（名目）,2018-05,90.9,false
distributionAdjustedNominal,2,2,食料（名目）,2018-05,24.1,false
distributionAdjustedNominal,3,3,住居（名目）,2018-05,6.8,false
distributionAdjustedNominal,4,4,光熱・水道（名目）,2018-05,6.3,false
distributionAdjustedNominal,5,5,家具・家事用品（名目）,2018-05,3.3,false
distributionAdjustedNominal,6,6,被服及び履物（名目）,2018-05,3.7,false
distributionAdjustedNominal,7,7,保健医療（名目）,2018-05,4.2,false
distributionAdjustedNominal,8,8,交通・通信（名目）,2018-05,15.3,false
distributionAdjustedNominal,9,9,教育（名目）,2018-05,3,false
distributionAdjustedNominal,10,10,教養娯楽（名目）,2018-05,9.8,false
distributionAdjustedNominal,11,11,その他の消費支出（名目）,2018-05,,true
distributionAdjustedNominal,12,12,消費支出（実質）,2018-05,104.5,false
distributionAdjustedNominal,13,13,食料（実質）,2018-05,31.2,false
distributionAdjustedNominal,14,14,住居（実質）,2018-05,7.9,false
distributionAdjustedNominal,15,15,光熱・水道（実質）,2018-05,7.4,false
distributionAdjustedNominal,16,16,家具・家事用品（実質）,2018-05,4.2,false
distributionAdjustedNominal,17,17,被服及び履物（実質）,2018-05,4.2,false
distributionAdjustedNominal,18,18,保健医療（実質）,2018-05,4.4,false
distributionAdjustedNominal,19,19,交通・通信（実質）,2018-05,15.2,false
distributionAdjustedNominal,20,20,教育（実質）,2018-05,2.6,false
distributionAdjustedNominal,21,21,教養娯楽（実質）,2018-05,11.5,false
distributionAdjustedNominal,22,22,その他の消費支出（実質）,2018-05,,true
distributionAdjustedNominal,1,1,消費支出（名目）,2018-06,86.3,false
distributionAdjustedNominal,2,2,食料（名目）,2018-06,22.9,false
distributionAdjustedNominal,3,3,住居（名目）,2018-06,7.3,false
distributionAdjustedNominal,4,4,光熱・水道（名目）,2018-06,5.4,false
distributionAdjustedNominal,5,5,家具・家事用品（名目）,2018-06,3.6,false
distributionAdjustedNominal,6,6,被服及び履物（名目）,2018-06,3.3,false
distributionAdjustedNominal,7,7,保健医療（名目）,2018-06,4.1,false
distributionAdjustedNominal,8,8,交通・通信（名目）,2018-06,14.3,false
distributionAdjustedNominal,9,9,教育（名目）,2018-06,2,false
distributionAdjustedNominal,10,10,教養娯楽（名目）,2018-06,8.9,false
distributionAdjustedNominal,11,11,その他の消費支出（名目）,2018-06,,true
distributionAdjustedNominal,12,12,消費支出（実質）,2018-06,99.4,false
distributionAdjustedNominal,13,13,食料（実質）,2018-06,29.7,false
distributionAdjustedNominal,14,14,住居（実質）,2018-06,8.4,false
distributionAdjustedNominal,15,15,光熱・水道（実質）,2018-06,6.3,false
distributionAdjustedNominal,16,16,家具・家事用品（実質）,2018-06,4.6,false
distributionAdjustedNominal,17,17,被服及び履物（実質）,2018-06,3.7,false
distributionAdjustedNominal,18,18,保健医療（実質）,2018-06,4.3,false
distributionAdjustedNominal,19,19,交通・通信（実質）,2018-06,14.2,false
distributionAdjustedNominal,20,20,教育（実質）,2018-06,1.8,false
distributionAdjustedNominal,21,21,教養娯楽（実質）,2018-06,10.5,false
distributionAdjustedNominal,22,22,その他の消費支出（実質）,2018-06,,true
distributionAdjustedNominal,1,1,消費支出（名目）,2018-07,90.3,false
distributionAdjustedNominal,2,2,食料（名目）,2018-07,24.1,false
distributionAdjustedNominal,3,3,住居（名目）,2018-07,7.2,false
distributionAdjustedNominal,4,4,光熱・水道（名目）,2018-07,5.4,false
distributionAdjustedNominal,5,5,家具・家事用品（名目）,2018-07,4.6,false
distributionAdjustedNominal,6,6,被服及び履物（名目）,2018-07,3.4,false
distributionAdjustedNominal,7,7,保健医療（名目）,2018-07,4.2,false
distributionAdjustedNominal,8,8,交通・通信（名目）,2018-07,15.3,false
distributionAdjustedNominal,9,9,教育（名目）,2018-07,2.1,false
distributionAdjustedNominal,10,10,教養娯楽（名目）,2018-07,9.3,false
distributionAdjustedNominal,11,11,その他の消費支出（名目）,2018-07,,true
distributionAdjustedNominal,12,12,消費支出（実質）,2018-07,104,false
distributionAdjustedNominal,13,13,食料（実質）,2018-07,31.1,false
distributionAdjustedNominal,14,14,住居（実質）,2018-07,8.4,false
distributionAdjustedNominal,15,15,光熱・水道（実質）,2018-07,6.3,false
distributionAdjustedNominal,16,16,家具・家事用品（実質）,2018-07,5.9,false
distributionAdjustedNominal,17,17,被服及び履物（実質）,2018-07,3.9,false
distributionAdjustedNominal,18,18,保健医療（実質）,2018-07,4.5,false
distributionAdjustedNominal,19,19,交通・通信（実質）,2018-07,15.1,false
distributionAdjustedNominal,20,20,教育（実質）,2018-07,1.9,false
distributionAdjustedNominal,21,21,教養娯楽（実質）,2018-07,11,false
distributionAdjustedNominal,22,22,その他の消費支出（実質）,2018-07,,true
distributionAdjustedNominal,1,1,消費支出（名目）,2018-08,93.2,false
distributionAdjustedNominal,2,2,食料（名目）,2018-08,25.5,false
distributionAdjustedNominal,3,3,住居（名目）,2018-08,6.8,false
distributionAdjustedNominal,4,4,光熱・水道（名目）,2018-08,5.9,false
distributionAdjustedNominal,5,5,家具・家事用品（名目）,2018-08,3.9,false
distributionAdjustedNominal,6,6,被服及び履物（名目）,2018-08,2.6,false
distributionAdjustedNominal,7,7,保健医療（名目）,2018-08,4.2,false
distributionAdjustedNominal,8,8,交通・通信（名目）,2018-08,16.3,false
distributionAdjustedNominal,9,9,教育（名目）,2018-08,2.1,false
distributionAdjustedNominal,10,10,教養娯楽（名目）,2018-08,10.5,false
distributionAdjustedNominal,11,11,その他の消費支出（名目）,2018-08,,true
distributionAdjustedNominal,12,12,消費支出（実質）,2018-08,106.5,false
distributionAdjustedNominal,13,13,食料（実質）,2018-08,32.6,false
distributionAdjustedNominal,14,14,住居（実質）,2018-08,7.9,false
distributionAdjustedNominal,15,15,光熱・水道（実質）,2018-08,6.9,false
distributionAdjustedNominal,16,16,家具・家事用品（実質）,2018-08,5,false
distributionAdjustedNominal,17,17,被服及び履物（実質）,2018-08,3.1,false
distributionAdjustedNominal,18,18,保健医療（実質）,2018-08,4.4,false
distributionAdjustedNominal,19,19,交通・通信（実質）,2018-08,16.1,false
distributionAdjustedNominal,20,20,教育（実質）,2018-08,1.9,false
distributionAdjustedNominal,21,21,教養娯楽（実質）,2018-08,12,false
distributionAdjustedNominal,22,22,その他の消費支出（実質）,2018-08,,true
distributionAdjustedNominal,1,1,消費支出（名目）,2018-09,88.9,false
distributionAdjustedNominal,2,2,食料（名目）,2018-09,23.3,false
distributionAdjustedNominal,3,3,住居（名目）,2018-09,6.5,false
distributionAdjustedNominal,4,4,光熱・水道（名目）,2018-09,6,false
distributionAdjustedNominal,5,5,家具・家事用品（名目）,2018-09,3.2,false
distributionAdjustedNominal,6,6,被服及び履物（名目）,2018-09,2.9,false
distributionAdjustedNominal,7,7,保健医療（名目）,2018-09,3.9,false
distributionAdjustedNominal,8,8,交通・通信（名目）,2018-09,15.5,false
distributionAdjustedNominal,9,9,教育（名目）,2018-09,4.2,false
distributionAdjustedNominal,10,10,教養娯楽（名目）,2018-09,9.4,false
distributionAdjustedNominal,11,11,その他の消費支出（名目）,2018-09,,true
distributionAdjustedNominal,12,12,消費支出（実質）,2018-09,101.5,false
distributionAdjustedNominal,13,13,食料（実質）,2018-09,29.6,false
distributionAdjustedNominal,14,14,住居（実質）,2018-09,7.5,false
distributionAdjustedNominal,15,15,光熱・水道（実質）,2018-09,6.9,false
distributionAdjustedNominal,16,16,家具・家事用品（実質）,2018-09,4.1,false
distributionAdjustedNominal,17,17,被服及び履物（実質）,2018-09,3.2,false
distributionAdjustedNominal,18,18,保健医療（実質）,2018-09,4.1,false
distributionAdjustedNominal,19,19,交通・通信（実質）,2018-09,15.4,false
distributionAdjustedNominal,20,20,教育（実質）,2018-09,3.7,false
distributionAdjustedNominal,21,21,教養娯楽（実質）,2018-09,11,false
distributionAdjustedNominal,22,22,その他の消費支出（実質）,2018-09,,true
distributionAdjustedNominal,1,1,消費支出（名目）,2018-10,94.1,false
distributionAdjustedNominal,2,2,食料（名目）,2018-10,24.2,false
distributionAdjustedNominal,3,3,住居（名目）,2018-10,7.8,false
distributionAdjustedNominal,4,4,光熱・水道（名目）,2018-10,5.9,false
distributionAdjustedNominal,5,5,家具・家事用品（名目）,2018-10,3.5,false
distributionAdjustedNominal,6,6,被服及び履物（名目）,2018-10,3.6,false
distributionAdjustedNominal,7,7,保健医療（名目）,2018-10,4.4,false
distributionAdjustedNominal,8,8,交通・通信（名目）,2018-10,15.9,false
distributionAdjustedNominal,9,9,教育（名目）,2018-10,4.8,false
distributionAdjustedNominal,10,10,教養娯楽（名目）,2018-10,9.7,false
distributionAdjustedNominal,11,11,その他の消費支出（名目）,2018-10,,true
distributionAdjustedNominal,12,12,消費支出（実質）,2018-10,107.1,false
distributionAdjustedNominal,13,13,食料（実質）,2018-10,30.8,false
distributionAdjustedNominal,14,14,住居（実質）,2018-10,9.1,false
distributionAdjustedNominal,15,15,光熱・水道（実質）,2018-10,6.8,false
distributionAdjustedNominal,16,16,家具・家事用品（実質）,2018-10,4.4,false
distributionAdjustedNominal,17,17,被服及び履物（実質）,2018-10,3.9,false
distributionAdjustedNominal,18,18,保健医療（実質）,2018-10,4.6,false
distributionAdjustedNominal,19,19,交通・通信（実質）,2018-10,15.6,false
distributionAdjustedNominal,20,20,教育（実質）,2018-10,4.3,false
distributionAdjustedNominal,21,21,教養娯楽（実質）,2018-10,11.1,false
distributionAdjustedNominal,22,22,その他の消費支出（実質）,2018-10,,true
distributionAdjustedNominal,1,1,消費支出（名目）,2018-11,91.5,false
distributionAdjustedNominal,2,2,食料（名目）,2018-11,23.5,false
distributionAdjustedNominal,3,3,住居（名目）,2018-11,7.3,false
distributionAdjustedNominal,4,4,光熱・水道（名目）,2018-11,5.7,false
distributionAdjustedNominal,5,5,家具・家事用品（名目）,2018-11,3.6,false
distributionAdjustedNominal,6,6,被服及び履物（名目）,2018-11,4.1,false
distributionAdjustedNominal,7,7,保健医療（名目）,2018-11,4.4,false
distributionAdjustedNominal,8,8,交通・通信（名目）,2018-11,16.2,false
distributionAdjustedNominal,9,9,教育（名目）,2018-11,2.4,false
distributionAdjustedNominal,10,10,教養娯楽（名目）,2018-11,9.2,false
distributionAdjustedNominal,11,11,その他の消費支出（名目）,2018-11,,true
distributionAdjustedNominal,12,12,消費支出（実質）,2018-11,104.3,false
distributionAdjustedNominal,13,13,食料（実質）,2018-11,30.1,false
distributionAdjustedNominal,14,14,住居（実質）,2018-11,8.5,false
distributionAdjustedNominal,15,15,光熱・水道（実質）,2018-11,6.5,false
distributionAdjustedNominal,16,16,家具・家事用品（実質）,2018-11,4.6,false
distributionAdjustedNominal,17,17,被服及び履物（実質）,2018-11,4.5,false
distributionAdjustedNominal,18,18,保健医療（実質）,2018-11,4.7,false
distributionAdjustedNominal,19,19,交通・通信（実質）,2018-11,16,false
distributionAdjustedNominal,20,20,教育（実質）,2018-11,2.1,false
distributionAdjustedNominal,21,21,教養娯楽（実質）,2018-11,10.7,false
distributionAdjustedNominal,22,22,その他の消費支出（実質）,2018-11,,true
distributionAdjustedNominal,1,1,消費支出（名目）,2018-12,105.2,false
distributionAdjustedNominal,2,2,食料（名目）,2018-12,30.2,false
distributionAdjustedNominal,3,3,住居（名目）,2018-12,8.2,false
distributionAdjustedNominal,4,4,光熱・水道（名目）,2018-12,6.8,false
distributionAdjustedNominal,5,5,家具・家事用品（名目）,2018-12,4.5,false
distributionAdjustedNominal,6,6,被服及び履物（名目）,2018-12,4.4,false
distributionAdjustedNominal,7,7,保健医療（名目）,2018-12,4.6,false
distributionAdjustedNominal,8,8,交通・通信（名目）,2018-12,15.6,false
distributionAdjustedNominal,9,9,教育（名目）,2018-12,2.4,false
distributionAdjustedNominal,10,10,教養娯楽（名目）,2018-12,11.2,false
distributionAdjustedNominal,11,11,その他の消費支出（名目）,2018-12,,true
distributionAdjustedNominal,12,12,消費支出（実質）,2018-12,120.6,false
distributionAdjustedNominal,13,13,食料（実質）,2018-12,39,false
distributionAdjustedNominal,14,14,住居（実質）,2018-12,9.5,false
distributionAdjustedNominal,15,15,光熱・水道（実質）,2018-12,7.8,false
distributionAdjustedNominal,16,16,家具・家事用品（実質）,2018-12,5.7,false
distributionAdjustedNominal,17,17,被服及び履物（実質）,2018-12,5,false
distributionAdjustedNominal,18,18,保健医療（実質）,2018-12,4.8,false
distributionAdjustedNominal,19,19,交通・通信（実質）,2018-12,15.6,false
distributionAdjustedNominal,20,20,教育（実質）,2018-12,2.1,false
distributionAdjustedNominal,21,21,教養娯楽（実質）,2018-12,13,false
distributionAdjustedNominal,22,22,その他の消費支出（実質）,2018-12,,true
distributionAdjustedNominal,1,1,消費支出（名目）,2019-01,93.4,false
distributionAdjustedNominal,2,2,食料（名目）,2019-01,22.7,false
distributionAdjustedNominal,3,3,住居（名目）,2019-01,6.6,false
distributionAdjustedNominal,4,4,光熱・水道（名目）,2019-01,8.2,false
distributionAdjustedNominal,5,5,家具・家事用品（名目）,2019-01,3.4,false
distributionAdjustedNominal,6,6,被服及び履物（名目）,2019-01,4,false
distributionAdjustedNominal,7,7,保健医療（名目）,2019-01,4.1,false
distributionAdjustedNominal,8,8,交通・通信（名目）,2019-01,14.5,false
distributionAdjustedNominal,9,9,教育（名目）,2019-01,2.5,false
distributionAdjustedNominal,10,10,教養娯楽（名目）,2019-01,9.3,false
distributionAdjustedNominal,11,11,その他の消費支出（名目）,2019-01,,true
distributionAdjustedNominal,12,12,消費支出（実質）,2019-01,106.9,false
distributionAdjustedNominal,13,13,食料（実質）,2019-01,29,false
distributionAdjustedNominal,14,14,住居（実質）,2019-01,7.7,false
distributionAdjustedNominal,15,15,光熱・水道（実質）,2019-01,9.4,false
distributionAdjustedNominal,16,16,家具・家事用品（実質）,2019-01,4.3,false
distributionAdjustedNominal,17,17,被服及び履物（実質）,2019-01,4.6,false
distributionAdjustedNominal,18,18,保健医療（実質）,2019-01,4.3,false
distributionAdjustedNominal,19,19,交通・通信（実質）,2019-01,14.5,false
distributionAdjustedNominal,20,20,教育（実質）,2019-01,2.2,false
distributionAdjustedNominal,21,21,教養娯楽（実質）,2019-01,10.9,false
distributionAdjustedNominal,22,22,その他の消費支出（実質）,2019-01,,true
distributionAdjustedNominal,1,1,消費支出（名目）,2019-02,87.1,false
distributionAdjustedNominal,2,2,食料（名目）,2019-02,21.6,false
distributionAdjustedNominal,3,3,住居（名目）,2019-02,6.2,false
distributionAdjustedNominal,4,4,光熱・水道（名目）,2019-02,8.9,false
distributionAdjustedNominal,5,5,家具・家事用品（名目）,2019-02,2.9,false
distributionAdjustedNominal,6,6,被服及び履物（名目）,2019-02,2.8,false
distributionAdjustedNominal,7,7,保健医療（名目）,2019-02,4,false
distributionAdjustedNominal,8,8,交通・通信（名目）,2019-02,15.5,false
distributionAdjustedNominal,9,9,教育（名目）,2019-02,2.6,false
distributionAdjustedNominal,10,10,教養娯楽（名目）,2019-02,9,false
distributionAdjustedNominal,11,11,その他の消費支出（名目）,2019-02,,true
distributionAdjustedNominal,12,12,消費支出（実質）,2019-02,99.6,false
distributionAdjustedNominal,13,13,食料（実質）,2019-02,27.7,false
distributionAdjustedNominal,14,14,住居（実質）,2019-02,7.2,false
distributionAdjustedNominal,15,15,光熱・水道（実質）,2019-02,10,false
distributionAdjustedNominal,16,16,家具・家事用品（実質）,2019-02,3.6,false
distributionAdjustedNominal,17,17,被服及び履物（実質）,2019-02,3.2,false
distributionAdjustedNominal,18,18,保健医療（実質）,2019-02,4.2,false
distributionAdjustedNominal,19,19,交通・通信（実質）,2019-02,15.5,false
distributionAdjustedNominal,20,20,教育（実質）,2019-02,2.3,false
distributionAdjustedNominal,21,21,教養娯楽（実質）,2019-02,10.5,false
distributionAdjustedNominal,22,22,その他の消費支出（実質）,2019-02,,true
distributionAdjustedNominal,1,1,消費支出（名目）,2019-03,100.8,false
distributionAdjustedNominal,2,2,食料（名目）,2019-03,24.2,false
distributionAdjustedNominal,3,3,住居（名目）,2019-03,6.8,false
distributionAdjustedNominal,4,4,光熱・水道（名目）,2019-03,8.1,false
distributionAdjustedNominal,5,5,家具・家事用品（名目）,2019-03,3.5,false
distributionAdjustedNominal,6,6,被服及び履物（名目）,2019-03,4,false
distributionAdjustedNominal,7,7,保健医療（名目）,2019-03,4.4,false
distributionAdjustedNominal,8,8,交通・通信（名目）,2019-03,18.7,false
distributionAdjustedNominal,9,9,教育（名目）,2019-03,4.3,false
distributionAdjustedNominal,10,10,教養娯楽（名目）,2019-03,10.2,false
distributionAdjustedNominal,11,11,その他の消費支出（名目）,2019-03,,true
distributionAdjustedNominal,12,12,消費支出（実質）,2019-03,115.3,false
distributionAdjustedNominal,13,13,食料（実質）,2019-03,31.1,false
distributionAdjustedNominal,14,14,住居（実質）,2019-03,7.9,false
distributionAdjustedNominal,15,15,光熱・水道（実質）,2019-03,9.2,false
distributionAdjustedNominal,16,16,家具・家事用品（実質）,2019-03,4.4,false
distributionAdjustedNominal,17,17,被服及び履物（実質）,2019-03,4.5,false
distributionAdjustedNominal,18,18,保健医療（実質）,2019-03,4.6,false
distributionAdjustedNominal,19,19,交通・通信（実質）,2019-03,18.6,false
distributionAdjustedNominal,20,20,教育（実質）,2019-03,3.8,false
distributionAdjustedNominal,21,21,教養娯楽（実質）,2019-03,11.9,false
distributionAdjustedNominal,22,22,その他の消費支出（実質）,2019-03,,true
distributionAdjustedNominal,1,1,消費支出（名目）,2019-04,95.5,false
distributionAdjustedNominal,2,2,食料（名目）,2019-04,23.4,false
distributionAdjustedNominal,3,3,住居（名目）,2019-04,6.5,false
distributionAdjustedNominal,4,4,光熱・水道（名目）,2019-04,7.1,false
distributionAdjustedNominal,5,5,家具・家事用品（名目）,2019-04,3.2,false
distributionAdjustedNominal,6,6,被服及び履物（名目）,2019-04,3.6,false
distributionAdjustedNominal,7,7,保健医療（名目）,2019-04,4.2,false
distributionAdjustedNominal,8,8,交通・通信（名目）,2019-04,15.3,false
distributionAdjustedNominal,9,9,教育（名目）,2019-04,6.9,false
distributionAdjustedNominal,10,10,教養娯楽（名目）,2019-04,10.1,false
distributionAdjustedNominal,11,11,その他の消費支出（名目）,2019-04,,true
distributionAdjustedNominal,12,12,消費支出（実質）,2019-04,108.9,false
distributionAdjustedNominal,13,13,食料（実質）,2019-04,30.1,false
distributionAdjustedNominal,14,14,住居（実質）,2019-04,7.5,false
distributionAdjustedNominal,15,15,光熱・水道（実質）,2019-04,8,false
distributionAdjustedNominal,16,16,家具・家事用品（実質）,2019-04,4,false
distributionAdjustedNominal,17,17,被服及び履物（実質）,2019-04,4,false
distributionAdjustedNominal,18,18,保健医療（実質）,2019-04,4.4,false
distributionAdjustedNominal,19,19,交通・通信（実質）,2019-04,15.3,false
distributionAdjustedNominal,20,20,教育（実質）,2019-04,6,false
distributionAdjustedNominal,21,21,教養娯楽（実質）,2019-04,11.7,false
distributionAdjustedNominal,22,22,その他の消費支出（実質）,2019-04,,true
distributionAdjustedNominal,1,1,消費支出（名目）,2019-05,95.4,false
distributionAdjustedNominal,2,2,食料（名目）,2019-05,24.3,false
distributionAdjustedNominal,3,3,住居（名目）,2019-05,7.5,false
distributionAdjustedNominal,4,4,光熱・水道（名目）,2019-05,6.9,false
distributionAdjustedNominal,5,5,家具・家事用品（名目）,2019-05,3.8,false
distributionAdjustedNominal,6,6,被服及び履物（名目）,2019-05,3.7,false
distributionAdjustedNominal,7,7,保健医療（名目）,2019-05,4.1,false
distributionAdjustedNominal,8,8,交通・通信（名目）,2019-05,15.8,false
distributionAdjustedNominal,9,9,教育（名目）,2019-05,3.6,false
distributionAdjustedNominal,10,10,教養娯楽（名目）,2019-05,10.3,false
distributionAdjustedNominal,11,11,その他の消費支出（名目）,2019-05,,true
distributionAdjustedNominal,12,12,消費支出（実質）,2019-05,108.8,false
distributionAdjustedNominal,13,13,食料（実質）,2019-05,31.3,false
distributionAdjustedNominal,14,14,住居（実質）,2019-05,8.7,false
distributionAdjustedNominal,15,15,光熱・水道（実質）,2019-05,7.8,false
distributionAdjustedNominal,16,16,家具・家事用品（実質）,2019-05,4.7,false
distributionAdjustedNominal,17,17,被服及び履物（実質）,2019-05,4.1,false
distributionAdjustedNominal,18,18,保健医療（実質）,2019-05,4.3,false
distributionAdjustedNominal,19,19,交通・通信（実質）,2019-05,15.7,false
distributionAdjustedNominal,20,20,教育（実質）,2019-05,3.1,false
distributionAdjustedNominal,21,21,教養娯楽（実質）,2019-05,11.9,false
distributionAdjustedNominal,22,22,その他の消費支出（実質）,2019-05,,true
distributionAdjustedNominal,1,1,消費支出（名目）,2019-06,89.8,false
distributionAdjustedNominal,2,2,食料（名目）,2019-06,23.5,false
distributionAdjustedNominal,3,3,住居（名目）,2019-06,7.4,false
distributionAdjustedNominal,4,4,光熱・水道（名目）,2019-06,5.7,false
distributionAdjustedNominal,5,5,家具・家事用品（名目）,2019-06,3.9,false
distributionAdjustedNominal,6,6,被服及び履物（名目）,2019-06,3.5,false
distributionAdjustedNominal,7,7,保健医療（名目）,2019-06,4.3,false
distributionAdjustedNominal,8,8,交通・通信（名目）,2019-06,15.1,false
distributionAdjustedNominal,9,9,教育（名目）,2019-06,2.1,false
distributionAdjustedNominal,10,10,教養娯楽（名目）,2019-06,9.7,false
distributionAdjustedNominal,11,11,その他の消費支出（名目）,2019-06,,true
distributionAdjustedNominal,12,12,消費支出（実質）,2019-06,102.7,false
distributionAdjustedNominal,13,13,食料（実質）,2019-06,30.1,false
distributionAdjustedNominal,14,14,住居（実質）,2019-06,8.6,false
distributionAdjustedNominal,15,15,光熱・水道（実質）,2019-06,6.5,false
distributionAdjustedNominal,16,16,家具・家事用品（実質）,2019-06,4.9,false
distributionAdjustedNominal,17,17,被服及び履物（実質）,2019-06,3.9,false
distributionAdjustedNominal,18,18,保健医療（実質）,2019-06,4.6,false
distributionAdjustedNominal,19,19,交通・通信（実質）,2019-06,15.2,false
distributionAdjustedNominal,20,20,教育（実質）,2019-06,1.9,false
distributionAdjustedNominal,21,21,教養娯楽（実質）,2019-06,11.2,false
distributionAdjustedNominal,22,22,その他の消費支出（実質）,2019-06,,true
distributionAdjustedNominal,1,1,消費支出（名目）,2019-07,91.7,false
distributionAdjustedNominal,2,2,食料（名目）,2019-07,24.3,false
distributionAdjustedNominal,3,3,住居（名目）,2019-07,7.2,false
distributionAdjustedNominal,4,4,光熱・水道（名目）,2019-07,5.3,false
distributionAdjustedNominal,5,5,家具・家事用品（名目）,2019-07,4.5,false
distributionAdjustedNominal,6,6,被服及び履物（名目）,2019-07,3.3,false
distributionAdjustedNominal,7,7,保健医療（名目）,2019-07,4.4,false
distributionAdjustedNominal,8,8,交通・通信（名目）,2019-07,16,false
distributionAdjustedNominal,9,9,教育（名目）,2019-07,2.2,false
distributionAdjustedNominal,10,10,教養娯楽（名目）,2019-07,9.8,false
distributionAdjustedNominal,11,11,その他の消費支出（名目）,2019-07,,true
distributionAdjustedNominal,12,12,消費支出（実質）,2019-07,104.7,false
distributionAdjustedNominal,13,13,食料（実質）,2019-07,31.1,false
distributionAdjustedNominal,14,14,住居（実質）,2019-07,8.3,false
distributionAdjustedNominal,15,15,光熱・水道（実質）,2019-07,6.1,false
distributionAdjustedNominal,16,16,家具・家事用品（実質）,2019-07,5.6,false
distributionAdjustedNominal,17,17,被服及び履物（実質）,2019-07,3.7,false
distributionAdjustedNominal,18,18,保健医療（実質）,2019-07,4.6,false
distributionAdjustedNominal,19,19,交通・通信（実質）,2019-07,16,false
distributionAdjustedNominal,20,20,教育（実質）,2019-07,1.9,false
distributionAdjustedNominal,21,21,教養娯楽（実質）,2019-07,11.4,false
distributionAdjustedNominal,22,22,その他の消費支出（実質）,2019-07,,true
distributionAdjustedNominal,1,1,消費支出（名目）,2019-08,94.4,false
distributionAdjustedNominal,2,2,食料（名目）,2019-08,26.2,false
distributionAdjustedNominal,3,3,住居（名目）,2019-08,6.6,false
distributionAdjustedNominal,4,4,光熱・水道（名目）,2019-08,5.5,false
distributionAdjustedNominal,5,5,家具・家事用品（名目）,2019-08,4.4,false
distributionAdjustedNominal,6,6,被服及び履物（名目）,2019-08,2.8,false
distributionAdjustedNominal,7,7,保健医療（名目）,2019-08,4.5,false
distributionAdjustedNominal,8,8,交通・通信（名目）,2019-08,16,false
distributionAdjustedNominal,9,9,教育（名目）,2019-08,2,false
distributionAdjustedNominal,10,10,教養娯楽（名目）,2019-08,10.7,false
distributionAdjustedNominal,11,11,その他の消費支出（名目）,2019-08,,true
distributionAdjustedNominal,12,12,消費支出（実質）,2019-08,107.6,false
distributionAdjustedNominal,13,13,食料（実質）,2019-08,33.4,false
distributionAdjustedNominal,14,14,住居（実質）,2019-08,7.6,false
distributionAdjustedNominal,15,15,光熱・水道（実質）,2019-08,6.3,false
distributionAdjustedNominal,16,16,家具・家事用品（実質）,2019-08,5.6,false
distributionAdjustedNominal,17,17,被服及び履物（実質）,2019-08,3.3,false
distributionAdjustedNominal,18,18,保健医療（実質）,2019-08,4.7,false
distributionAdjustedNominal,19,19,交通・通信（実質）,2019-08,16,false
distributionAdjustedNominal,20,20,教育（実質）,2019-08,1.8,false
distributionAdjustedNominal,21,21,教養娯楽（実質）,2019-08,12.2,false
distributionAdjustedNominal,22,22,その他の消費支出（実質）,2019-08,,true
distributionAdjustedNominal,1,1,消費支出（名目）,2019-09,97.1,false
distributionAdjustedNominal,2,2,食料（名目）,2019-09,24.1,false
distributionAdjustedNominal,3,3,住居（名目）,2019-09,7.3,false
distributionAdjustedNominal,4,4,光熱・水道（名目）,2019-09,5.8,false
distributionAdjustedNominal,5,5,家具・家事用品（名目）,2019-09,5.1,false
distributionAdjustedNominal,6,6,被服及び履物（名目）,2019-09,3.2,false
distributionAdjustedNominal,7,7,保健医療（名目）,2019-09,4.8,false
distributionAdjustedNominal,8,8,交通・通信（名目）,2019-09,17,false
distributionAdjustedNominal,9,9,教育（名目）,2019-09,4.2,false
distributionAdjustedNominal,10,10,教養娯楽（名目）,2019-09,10.4,false
distributionAdjustedNominal,11,11,その他の消費支出（名目）,2019-09,,true
distributionAdjustedNominal,12,12,消費支出（実質）,2019-09,110.6,false
distributionAdjustedNominal,13,13,食料（実質）,2019-09,30.5,false
distributionAdjustedNominal,14,14,住居（実質）,2019-09,8.4,false
distributionAdjustedNominal,15,15,光熱・水道（実質）,2019-09,6.7,false
distributionAdjustedNominal,16,16,家具・家事用品（実質）,2019-09,6.4,false
distributionAdjustedNominal,17,17,被服及び履物（実質）,2019-09,3.5,false
distributionAdjustedNominal,18,18,保健医療（実質）,2019-09,5.1,false
distributionAdjustedNominal,19,19,交通・通信（実質）,2019-09,17.1,false
distributionAdjustedNominal,20,20,教育（実質）,2019-09,3.7,false
distributionAdjustedNominal,21,21,教養娯楽（実質）,2019-09,12,false
distributionAdjustedNominal,22,22,その他の消費支出（実質）,2019-09,,true
distributionAdjustedNominal,1,1,消費支出（名目）,2019-10,88,false
distributionAdjustedNominal,2,2,食料（名目）,2019-10,23.3,false
distributionAdjustedNominal,3,3,住居（名目）,2019-10,6.5,false
distributionAdjustedNominal,4,4,光熱・水道（名目）,2019-10,5.6,false
distributionAdjustedNominal,5,5,家具・家事用品（名目）,2019-10,3,false
distributionAdjustedNominal,6,6,被服及び履物（名目）,2019-10,3.2,false
distributionAdjustedNominal,7,7,保健医療（名目）,2019-10,4.2,false
distributionAdjustedNominal,8,8,交通・通信（名目）,2019-10,14.4,false
distributionAdjustedNominal,9,9,教育（名目）,2019-10,4.1,false
distributionAdjustedNominal,10,10,教養娯楽（名目）,2019-10,9.1,false
distributionAdjustedNominal,11,11,その他の消費支出（名目）,2019-10,,true
distributionAdjustedNominal,12,12,消費支出（実質）,2019-10,99.9,false
distributionAdjustedNominal,13,13,食料（実質）,2019-10,29.4,false
distributionAdjustedNominal,14,14,住居（実質）,2019-10,7.4,false
distributionAdjustedNominal,15,15,光熱・水道（実質）,2019-10,6.5,false
distributionAdjustedNominal,16,16,家具・家事用品（実質）,2019-10,3.7,false
distributionAdjustedNominal,17,17,被服及び履物（実質）,2019-10,3.5,false
distributionAdjustedNominal,18,18,保健医療（実質）,2019-10,4.4,false
distributionAdjustedNominal,19,19,交通・通信（実質）,2019-10,14.3,false
distributionAdjustedNominal,20,20,教育（実質）,2019-10,3.9,false
distributionAdjustedNominal,21,21,教養娯楽（実質）,2019-10,10.3,false
distributionAdjustedNominal,22,22,その他の消費支出（実質）,2019-10,,true
distributionAdjustedNominal,1,1,消費支出（名目）,2019-11,88.2,false
distributionAdjustedNominal,2,2,食料（名目）,2019-11,23.8,false
distributionAdjustedNominal,3,3,住居（名目）,2019-11,6.8,false
distributionAdjustedNominal,4,4,光熱・水道（名目）,2019-11,5.7,false
distributionAdjustedNominal,5,5,家具・家事用品（名目）,2019-11,3.4,false
distributionAdjustedNominal,6,6,被服及び履物（名目）,2019-11,3.9,false
distributionAdjustedNominal,7,7,保健医療（名目）,2019-11,4.6,false
distributionAdjustedNominal,8,8,交通・通信（名目）,2019-11,14.6,false
distributionAdjustedNominal,9,9,教育（名目）,2019-11,2.2,false
distributionAdjustedNominal,10,10,教養娯楽（名目）,2019-11,9.4,false
distributionAdjustedNominal,11,11,その他の消費支出（名目）,2019-11,,true
distributionAdjustedNominal,12,12,消費支出（実質）,2019-11,100,false
distributionAdjustedNominal,13,13,食料（実質）,2019-11,30,false
distributionAdjustedNominal,14,14,住居（実質）,2019-11,7.7,false
distributionAdjustedNominal,15,15,光熱・水道（実質）,2019-11,6.5,false
distributionAdjustedNominal,16,16,家具・家事用品（実質）,2019-11,4.1,false
distributionAdjustedNominal,17,17,被服及び履物（実質）,2019-11,4.3,false
distributionAdjustedNominal,18,18,保健医療（実質）,2019-11,4.8,false
distributionAdjustedNominal,19,19,交通・通信（実質）,2019-11,14.5,false
distributionAdjustedNominal,20,20,教育（実質）,2019-11,2.1,false
distributionAdjustedNominal,21,21,教養娯楽（実質）,2019-11,10.6,false
distributionAdjustedNominal,22,22,その他の消費支出（実質）,2019-11,,true
distributionAdjustedNominal,1,1,消費支出（名目）,2019-12,102.2,false
distributionAdjustedNominal,2,2,食料（名目）,2019-12,30,false
distributionAdjustedNominal,3,3,住居（名目）,2019-12,7.4,false
distributionAdjustedNominal,4,4,光熱・水道（名目）,2019-12,6.8,false
distributionAdjustedNominal,5,5,家具・家事用品（名目）,2019-12,4.3,false
distributionAdjustedNominal,6,6,被服及び履物（名目）,2019-12,4,false
distributionAdjustedNominal,7,7,保健医療（名目）,2019-12,4.8,false
distributionAdjustedNominal,8,8,交通・通信（名目）,2019-12,15.4,false
distributionAdjustedNominal,9,9,教育（名目）,2019-12,2.2,false
distributionAdjustedNominal,10,10,教養娯楽（名目）,2019-12,11.1,false
distributionAdjustedNominal,11,11,その他の消費支出（名目）,2019-12,,true
distributionAdjustedNominal,12,12,消費支出（実質）,2019-12,115.8,false
distributionAdjustedNominal,13,13,食料（実質）,2019-12,37.9,false
distributionAdjustedNominal,14,14,住居（実質）,2019-12,8.4,false
distributionAdjustedNominal,15,15,光熱・水道（実質）,2019-12,7.7,false
distributionAdjustedNominal,16,16,家具・家事用品（実質）,2019-12,5.2,false
distributionAdjustedNominal,17,17,被服及び履物（実質）,2019-12,4.4,false
distributionAdjustedNominal,18,18,保健医療（実質）,2019-12,5,false
distributionAdjustedNominal,19,19,交通・通信（実質）,2019-12,15.3,false
distributionAdjustedNominal,20,20,教育（実質）,2019-12,2.1,false
distributionAdjustedNominal,21,21,教養娯楽（実質）,2019-12,12.5,false
distributionAdjustedNominal,22,22,その他の消費支出（実質）,2019-12,,true
distributionAdjustedNominal,1,1,消費支出（名目）,2020-01,91.1,false
distributionAdjustedNominal,2,2,食料（名目）,2020-01,22.8,false
distributionAdjustedNominal,3,3,住居（名目）,2020-01,6.7,false
distributionAdjustedNominal,4,4,光熱・水道（名目）,2020-01,7.7,false
distributionAdjustedNominal,5,5,家具・家事用品（名目）,2020-01,3.1,false
distributionAdjustedNominal,6,6,被服及び履物（名目）,2020-01,3.8,false
distributionAdjustedNominal,7,7,保健医療（名目）,2020-01,4.3,false
distributionAdjustedNominal,8,8,交通・通信（名目）,2020-01,13.9,false
distributionAdjustedNominal,9,9,教育（名目）,2020-01,2.1,false
distributionAdjustedNominal,10,10,教養娯楽（名目）,2020-01,9.4,false
distributionAdjustedNominal,11,11,その他の消費支出（名目）,2020-01,17.3,false
distributionAdjustedNominal,12,12,消費支出（実質）,2020-01,103.2,false
distributionAdjustedNominal,13,13,食料（実質）,2020-01,28.7,false
distributionAdjustedNominal,14,14,住居（実質）,2020-01,7.6,false
distributionAdjustedNominal,15,15,光熱・水道（実質）,2020-01,8.8,false
distributionAdjustedNominal,16,16,家具・家事用品（実質）,2020-01,3.7,false
distributionAdjustedNominal,17,17,被服及び履物（実質）,2020-01,4.3,false
distributionAdjustedNominal,18,18,保健医療（実質）,2020-01,4.4,false
distributionAdjustedNominal,19,19,交通・通信（実質）,2020-01,13.7,false
distributionAdjustedNominal,20,20,教育（実質）,2020-01,2,false
distributionAdjustedNominal,21,21,教養娯楽（実質）,2020-01,10.8,false
distributionAdjustedNominal,22,22,その他の消費支出（実質）,2020-01,19.6,false
distributionAdjustedNominal,1,1,消費支出（名目）,2020-02,87.6,false
distributionAdjustedNominal,2,2,食料（名目）,2020-02,22.6,false
distributionAdjustedNominal,3,3,住居（名目）,2020-02,6.9,false
distributionAdjustedNominal,4,4,光熱・水道（名目）,2020-02,8.2,false
distributionAdjustedNominal,5,5,家具・家事用品（名目）,2020-02,3.2,false
distributionAdjustedNominal,6,6,被服及び履物（名目）,2020-02,2.7,false
distributionAdjustedNominal,7,7,保健医療（名目）,2020-02,4.3,false
distributionAdjustedNominal,8,8,交通・通信（名目）,2020-02,15.4,false
distributionAdjustedNominal,9,9,教育（名目）,2020-02,2.2,false
distributionAdjustedNominal,10,10,教養娯楽（名目）,2020-02,8.5,false
distributionAdjustedNominal,11,11,その他の消費支出（名目）,2020-02,13.6,false
distributionAdjustedNominal,12,12,消費支出（実質）,2020-02,99.6,false
distributionAdjustedNominal,13,13,食料（実質）,2020-02,28.6,false
distributionAdjustedNominal,14,14,住居（実質）,2020-02,7.8,false
distributionAdjustedNominal,15,15,光熱・水道（実質）,2020-02,9.4,false
distributionAdjustedNominal,16,16,家具・家事用品（実質）,2020-02,3.9,false
distributionAdjustedNominal,17,17,被服及び履物（実質）,2020-02,3,false
distributionAdjustedNominal,18,18,保健医療（実質）,2020-02,4.4,false
distributionAdjustedNominal,19,19,交通・通信（実質）,2020-02,15.3,false
distributionAdjustedNominal,20,20,教育（実質）,2020-02,2.1,false
distributionAdjustedNominal,21,21,教養娯楽（実質）,2020-02,9.7,false
distributionAdjustedNominal,22,22,その他の消費支出（実質）,2020-02,15.4,false
distributionAdjustedNominal,1,1,消費支出（名目）,2020-03,93.1,false
distributionAdjustedNominal,2,2,食料（名目）,2020-03,23.9,false
distributionAdjustedNominal,3,3,住居（名目）,2020-03,6.9,false
distributionAdjustedNominal,4,4,光熱・水道（名目）,2020-03,8,false
distributionAdjustedNominal,5,5,家具・家事用品（名目）,2020-03,3.4,false
distributionAdjustedNominal,6,6,被服及び履物（名目）,2020-03,3,false
distributionAdjustedNominal,7,7,保健医療（名目）,2020-03,4.3,false
distributionAdjustedNominal,8,8,交通・通信（名目）,2020-03,16.9,false
distributionAdjustedNominal,9,9,教育（名目）,2020-03,3.8,false
distributionAdjustedNominal,10,10,教養娯楽（名目）,2020-03,8.1,false
distributionAdjustedNominal,11,11,その他の消費支出（名目）,2020-03,14.8,false
distributionAdjustedNominal,12,12,消費支出（実質）,2020-03,105.8,false
distributionAdjustedNominal,13,13,食料（実質）,2020-03,30.2,false
distributionAdjustedNominal,14,14,住居（実質）,2020-03,7.8,false
distributionAdjustedNominal,15,15,光熱・水道（実質）,2020-03,9.1,false
distributionAdjustedNominal,16,16,家具・家事用品（実質）,2020-03,4.2,false
distributionAdjustedNominal,17,17,被服及び履物（実質）,2020-03,3.4,false
distributionAdjustedNominal,18,18,保健医療（実質）,2020-03,4.5,false
distributionAdjustedNominal,19,19,交通・通信（実質）,2020-03,16.8,false
distributionAdjustedNominal,20,20,教育（実質）,2020-03,3.6,false
distributionAdjustedNominal,21,21,教養娯楽（実質）,2020-03,9.2,false
distributionAdjustedNominal,22,22,その他の消費支出（実質）,2020-03,16.8,false
distributionAdjustedNominal,1,1,消費支出（名目）,2020-04,84.4,false
distributionAdjustedNominal,2,2,食料（名目）,2020-04,21.9,false
distributionAdjustedNominal,3,3,住居（名目）,2020-04,6.9,false
distributionAdjustedNominal,4,4,光熱・水道（名目）,2020-04,7.4,false
distributionAdjustedNominal,5,5,家具・家事用品（名目）,2020-04,3.1,false
distributionAdjustedNominal,6,6,被服及び履物（名目）,2020-04,1.6,false
distributionAdjustedNominal,7,7,保健医療（名目）,2020-04,4,false
distributionAdjustedNominal,8,8,交通・通信（名目）,2020-04,13.4,false
distributionAdjustedNominal,9,9,教育（名目）,2020-04,6.7,false
distributionAdjustedNominal,10,10,教養娯楽（名目）,2020-04,6.9,false
distributionAdjustedNominal,11,11,その他の消費支出（名目）,2020-04,12.3,false
distributionAdjustedNominal,12,12,消費支出（実質）,2020-04,96,false
distributionAdjustedNominal,13,13,食料（実質）,2020-04,27.5,false
distributionAdjustedNominal,14,14,住居（実質）,2020-04,7.8,false
distributionAdjustedNominal,15,15,光熱・水道（実質）,2020-04,8.6,false
distributionAdjustedNominal,16,16,家具・家事用品（実質）,2020-04,3.8,false
distributionAdjustedNominal,17,17,被服及び履物（実質）,2020-04,1.8,false
distributionAdjustedNominal,18,18,保健医療（実質）,2020-04,4.2,false
distributionAdjustedNominal,19,19,交通・通信（実質）,2020-04,13.6,false
distributionAdjustedNominal,20,20,教育（実質）,2020-04,6.6,false
distributionAdjustedNominal,21,21,教養娯楽（実質）,2020-04,7.8,false
distributionAdjustedNominal,22,22,その他の消費支出（実質）,2020-04,14,false
distributionAdjustedNominal,1,1,消費支出（名目）,2020-05,79.9,false
distributionAdjustedNominal,2,2,食料（名目）,2020-05,23.1,false
distributionAdjustedNominal,3,3,住居（名目）,2020-05,6.3,false
distributionAdjustedNominal,4,4,光熱・水道（名目）,2020-05,6.5,false
distributionAdjustedNominal,5,5,家具・家事用品（名目）,2020-05,4,false
distributionAdjustedNominal,6,6,被服及び履物（名目）,2020-05,2.4,false
distributionAdjustedNominal,7,7,保健医療（名目）,2020-05,3.9,false
distributionAdjustedNominal,8,8,交通・通信（名目）,2020-05,12.1,false
distributionAdjustedNominal,9,9,教育（名目）,2020-05,2.9,false
distributionAdjustedNominal,10,10,教養娯楽（名目）,2020-05,6.7,false
distributionAdjustedNominal,11,11,その他の消費支出（名目）,2020-05,12,false
distributionAdjustedNominal,12,12,消費支出（実質）,2020-05,91,false
distributionAdjustedNominal,13,13,食料（実質）,2020-05,29,false
distributionAdjustedNominal,14,14,住居（実質）,2020-05,7.1,false
distributionAdjustedNominal,15,15,光熱・水道（実質）,2020-05,7.5,false
distributionAdjustedNominal,16,16,家具・家事用品（実質）,2020-05,4.9,false
distributionAdjustedNominal,17,17,被服及び履物（実質）,2020-05,2.6,false
distributionAdjustedNominal,18,18,保健医療（実質）,2020-05,4.1,false
distributionAdjustedNominal,19,19,交通・通信（実質）,2020-05,12.2,false
distributionAdjustedNominal,20,20,教育（実質）,2020-05,2.8,false
distributionAdjustedNominal,21,21,教養娯楽（実質）,2020-05,7.6,false
distributionAdjustedNominal,22,22,その他の消費支出（実質）,2020-05,13.6,false
distributionAdjustedNominal,1,1,消費支出（名目）,2020-06,88,false
distributionAdjustedNominal,2,2,食料（名目）,2020-06,23,false
distributionAdjustedNominal,3,3,住居（名目）,2020-06,7.3,false
distributionAdjustedNominal,4,4,光熱・水道（名目）,2020-06,6,false
distributionAdjustedNominal,5,5,家具・家事用品（名目）,2020-06,5.3,false
distributionAdjustedNominal,6,6,被服及び履物（名目）,2020-06,3.3,false
distributionAdjustedNominal,7,7,保健医療（名目）,2020-06,4.4,false
distributionAdjustedNominal,8,8,交通・通信（名目）,2020-06,14.1,false
distributionAdjustedNominal,9,9,教育（名目）,2020-06,2,false
distributionAdjustedNominal,10,10,教養娯楽（名目）,2020-06,7.9,false
distributionAdjustedNominal,11,11,その他の消費支出（名目）,2020-06,14.7,false
distributionAdjustedNominal,12,12,消費支出（実質）,2020-06,100.5,false
distributionAdjustedNominal,13,13,食料（実質）,2020-06,29,false
distributionAdjustedNominal,14,14,住居（実質）,2020-06,8.2,false
distributionAdjustedNominal,15,15,光熱・水道（実質）,2020-06,7,false
distributionAdjustedNominal,16,16,家具・家事用品（実質）,2020-06,6.4,false
distributionAdjustedNominal,17,17,被服及び履物（実質）,2020-06,3.7,false
distributionAdjustedNominal,18,18,保健医療（実質）,2020-06,4.6,false
distributionAdjustedNominal,19,19,交通・通信（実質）,2020-06,14.3,false
distributionAdjustedNominal,20,20,教育（実質）,2020-06,1.9,false
distributionAdjustedNominal,21,21,教養娯楽（実質）,2020-06,9.1,false
distributionAdjustedNominal,22,22,その他の消費支出（実質）,2020-06,16.8,false
distributionAdjustedNominal,1,1,消費支出（名目）,2020-07,85.1,false
distributionAdjustedNominal,2,2,食料（名目）,2020-07,23.6,false
distributionAdjustedNominal,3,3,住居（名目）,2020-07,6.9,false
distributionAdjustedNominal,4,4,光熱・水道（名目）,2020-07,5.3,false
distributionAdjustedNominal,5,5,家具・家事用品（名目）,2020-07,5,false
distributionAdjustedNominal,6,6,被服及び履物（名目）,2020-07,2.8,false
distributionAdjustedNominal,7,7,保健医療（名目）,2020-07,4.6,false
distributionAdjustedNominal,8,8,交通・通信（名目）,2020-07,13.2,false
distributionAdjustedNominal,9,9,教育（名目）,2020-07,2,false
distributionAdjustedNominal,10,10,教養娯楽（名目）,2020-07,8,false
distributionAdjustedNominal,11,11,その他の消費支出（名目）,2020-07,13.7,false
distributionAdjustedNominal,12,12,消費支出（実質）,2020-07,97.1,false
distributionAdjustedNominal,13,13,食料（実質）,2020-07,29.7,false
distributionAdjustedNominal,14,14,住居（実質）,2020-07,7.9,false
distributionAdjustedNominal,15,15,光熱・水道（実質）,2020-07,6.2,false
distributionAdjustedNominal,16,16,家具・家事用品（実質）,2020-07,6.1,false
distributionAdjustedNominal,17,17,被服及び履物（実質）,2020-07,3.1,false
distributionAdjustedNominal,18,18,保健医療（実質）,2020-07,4.8,false
distributionAdjustedNominal,19,19,交通・通信（実質）,2020-07,13.2,false
distributionAdjustedNominal,20,20,教育（実質）,2020-07,2,false
distributionAdjustedNominal,21,21,教養娯楽（実質）,2020-07,9.2,false
distributionAdjustedNominal,22,22,その他の消費支出（実質）,2020-07,15.7,false
distributionAdjustedNominal,1,1,消費支出（名目）,2020-08,88.4,false
distributionAdjustedNominal,2,2,食料（名目）,2020-08,25.2,false
distributionAdjustedNominal,3,3,住居（名目）,2020-08,7.1,false
distributionAdjustedNominal,4,4,光熱・水道（名目）,2020-08,5.6,false
distributionAdjustedNominal,5,5,家具・家事用品（名目）,2020-08,4.8,false
distributionAdjustedNominal,6,6,被服及び履物（名目）,2020-08,2.4,false
distributionAdjustedNominal,7,7,保健医療（名目）,2020-08,4.5,false
distributionAdjustedNominal,8,8,交通・通信（名目）,2020-08,14.5,false
distributionAdjustedNominal,9,9,教育（名目）,2020-08,2.1,false
distributionAdjustedNominal,10,10,教養娯楽（名目）,2020-08,8.6,false
distributionAdjustedNominal,11,11,その他の消費支出（名目）,2020-08,13.6,false
distributionAdjustedNominal,12,12,消費支出（実質）,2020-08,100.6,false
distributionAdjustedNominal,13,13,食料（実質）,2020-08,31.3,false
distributionAdjustedNominal,14,14,住居（実質）,2020-08,8,false
distributionAdjustedNominal,15,15,光熱・水道（実質）,2020-08,6.6,false
distributionAdjustedNominal,16,16,家具・家事用品（実質）,2020-08,5.9,false
distributionAdjustedNominal,17,17,被服及び履物（実質）,2020-08,2.7,false
distributionAdjustedNominal,18,18,保健医療（実質）,2020-08,4.7,false
distributionAdjustedNominal,19,19,交通・通信（実質）,2020-08,14.5,false
distributionAdjustedNominal,20,20,教育（実質）,2020-08,2,false
distributionAdjustedNominal,21,21,教養娯楽（実質）,2020-08,10,false
distributionAdjustedNominal,22,22,その他の消費支出（実質）,2020-08,15.5,false
distributionAdjustedNominal,1,1,消費支出（名目）,2020-09,86.2,false
distributionAdjustedNominal,2,2,食料（名目）,2020-09,23.4,false
distributionAdjustedNominal,3,3,住居（名目）,2020-09,7,false
distributionAdjustedNominal,4,4,光熱・水道（名目）,2020-09,5.9,false
distributionAdjustedNominal,5,5,家具・家事用品（名目）,2020-09,3.9,false
distributionAdjustedNominal,6,6,被服及び履物（名目）,2020-09,2.4,false
distributionAdjustedNominal,7,7,保健医療（名目）,2020-09,4.2,false
distributionAdjustedNominal,8,8,交通・通信（名目）,2020-09,14.5,false
distributionAdjustedNominal,9,9,教育（名目）,2020-09,4.1,false
distributionAdjustedNominal,10,10,教養娯楽（名目）,2020-09,8.1,false
distributionAdjustedNominal,11,11,その他の消費支出（名目）,2020-09,12.7,false
distributionAdjustedNominal,12,12,消費支出（実質）,2020-09,98.4,false
distributionAdjustedNominal,13,13,食料（実質）,2020-09,29.3,false
distributionAdjustedNominal,14,14,住居（実質）,2020-09,7.9,false
distributionAdjustedNominal,15,15,光熱・水道（実質）,2020-09,7,false
distributionAdjustedNominal,16,16,家具・家事用品（実質）,2020-09,4.8,false
distributionAdjustedNominal,17,17,被服及び履物（実質）,2020-09,2.6,false
distributionAdjustedNominal,18,18,保健医療（実質）,2020-09,4.3,false
distributionAdjustedNominal,19,19,交通・通信（実質）,2020-09,14.5,false
distributionAdjustedNominal,20,20,教育（実質）,2020-09,4,false
distributionAdjustedNominal,21,21,教養娯楽（実質）,2020-09,9.5,false
distributionAdjustedNominal,22,22,その他の消費支出（実質）,2020-09,14.5,false
distributionAdjustedNominal,1,1,消費支出（名目）,2020-10,91.5,false
distributionAdjustedNominal,2,2,食料（名目）,2020-10,23.9,false
distributionAdjustedNominal,3,3,住居（名目）,2020-10,7.9,false
distributionAdjustedNominal,4,4,光熱・水道（名目）,2020-10,5.8,false
distributionAdjustedNominal,5,5,家具・家事用品（名目）,2020-10,4,false
distributionAdjustedNominal,6,6,被服及び履物（名目）,2020-10,3.3,false
distributionAdjustedNominal,7,7,保健医療（名目）,2020-10,4.8,false
distributionAdjustedNominal,8,8,交通・通信（名目）,2020-10,15.1,false
distributionAdjustedNominal,9,9,教育（名目）,2020-10,4.6,false
distributionAdjustedNominal,10,10,教養娯楽（名目）,2020-10,8.8,false
distributionAdjustedNominal,11,11,その他の消費支出（名目）,2020-10,13.3,false
distributionAdjustedNominal,12,12,消費支出（実質）,2020-10,104.6,false
distributionAdjustedNominal,13,13,食料（実質）,2020-10,30,false
distributionAdjustedNominal,14,14,住居（実質）,2020-10,8.9,false
distributionAdjustedNominal,15,15,光熱・水道（実質）,2020-10,6.9,false
distributionAdjustedNominal,16,16,家具・家事用品（実質）,2020-10,4.8,false
distributionAdjustedNominal,17,17,被服及び履物（実質）,2020-10,3.6,false
distributionAdjustedNominal,18,18,保健医療（実質）,2020-10,5.1,false
distributionAdjustedNominal,19,19,交通・通信（実質）,2020-10,15.2,false
distributionAdjustedNominal,20,20,教育（実質）,2020-10,4.5,false
distributionAdjustedNominal,21,21,教養娯楽（実質）,2020-10,10.4,false
distributionAdjustedNominal,22,22,その他の消費支出（実質）,2020-10,15.2,false
distributionAdjustedNominal,1,1,消費支出（名目）,2020-11,89.9,false
distributionAdjustedNominal,2,2,食料（名目）,2020-11,23.8,false
distributionAdjustedNominal,3,3,住居（名目）,2020-11,8.1,false
distributionAdjustedNominal,4,4,光熱・水道（名目）,2020-11,5.8,false
distributionAdjustedNominal,5,5,家具・家事用品（名目）,2020-11,3.9,false
distributionAdjustedNominal,6,6,被服及び履物（名目）,2020-11,3.4,false
distributionAdjustedNominal,7,7,保健医療（名目）,2020-11,4.6,false
distributionAdjustedNominal,8,8,交通・通信（名目）,2020-11,15.3,false
distributionAdjustedNominal,9,9,教育（名目）,2020-11,2.7,false
distributionAdjustedNominal,10,10,教養娯楽（名目）,2020-11,8.7,false
distributionAdjustedNominal,11,11,その他の消費支出（名目）,2020-11,13.6,false
distributionAdjustedNominal,12,12,消費支出（実質）,2020-11,103.1,false
distributionAdjustedNominal,13,13,食料（実質）,2020-11,30.1,false
distributionAdjustedNominal,14,14,住居（実質）,2020-11,9.2,false
distributionAdjustedNominal,15,15,光熱・水道（実質）,2020-11,7,false
distributionAdjustedNominal,16,16,家具・家事用品（実質）,2020-11,4.7,false
distributionAdjustedNominal,17,17,被服及び履物（実質）,2020-11,3.7,false
distributionAdjustedNominal,18,18,保健医療（実質）,2020-11,4.8,false
distributionAdjustedNominal,19,19,交通・通信（実質）,2020-11,15.4,false
distributionAdjustedNominal,20,20,教育（実質）,2020-11,2.6,false
distributionAdjustedNominal,21,21,教養娯楽（実質）,2020-11,10.3,false
distributionAdjustedNominal,22,22,その他の消費支出（実質）,2020-11,15.5,false
distributionAdjustedNominal,1,1,消費支出（名目）,2020-12,101,false
distributionAdjustedNominal,2,2,食料（名目）,2020-12,29.2,false
distributionAdjustedNominal,3,3,住居（名目）,2020-12,8.2,false
distributionAdjustedNominal,4,4,光熱・水道（名目）,2020-12,6.4,false
distributionAdjustedNominal,5,5,家具・家事用品（名目）,2020-12,4.8,false
distributionAdjustedNominal,6,6,被服及び履物（名目）,2020-12,3.6,false
distributionAdjustedNominal,7,7,保健医療（名目）,2020-12,4.7,false
distributionAdjustedNominal,8,8,交通・通信（名目）,2020-12,15.1,false
distributionAdjustedNominal,9,9,教育（名目）,2020-12,2.5,false
distributionAdjustedNominal,10,10,教養娯楽（名目）,2020-12,9.9,false
distributionAdjustedNominal,11,11,その他の消費支出（名目）,2020-12,16.7,false
distributionAdjustedNominal,12,12,消費支出（実質）,2020-12,116.1,false
distributionAdjustedNominal,13,13,食料（実質）,2020-12,37.2,false
distributionAdjustedNominal,14,14,住居（実質）,2020-12,9.2,false
distributionAdjustedNominal,15,15,光熱・水道（実質）,2020-12,7.8,false
distributionAdjustedNominal,16,16,家具・家事用品（実質）,2020-12,5.7,false
distributionAdjustedNominal,17,17,被服及び履物（実質）,2020-12,4,false
distributionAdjustedNominal,18,18,保健医療（実質）,2020-12,4.9,false
distributionAdjustedNominal,19,19,交通・通信（実質）,2020-12,15.1,false
distributionAdjustedNominal,20,20,教育（実質）,2020-12,2.4,false
distributionAdjustedNominal,21,21,教養娯楽（実質）,2020-12,11.7,false
distributionAdjustedNominal,22,22,その他の消費支出（実質）,2020-12,19.2,false
distributionAdjustedNominal,1,1,消費支出（名目）,2021-01,85.7,false
distributionAdjustedNominal,2,2,食料（名目）,2021-01,22,false
distributionAdjustedNominal,3,3,住居（名目）,2021-01,6.7,false
distributionAdjustedNominal,4,4,光熱・水道（名目）,2021-01,7.6,false
distributionAdjustedNominal,5,5,家具・家事用品（名目）,2021-01,3.6,false
distributionAdjustedNominal,6,6,被服及び履物（名目）,2021-01,2.8,false
distributionAdjustedNominal,7,7,保健医療（名目）,2021-01,4.1,false
distributionAdjustedNominal,8,8,交通・通信（名目）,2021-01,14.2,false
distributionAdjustedNominal,9,9,教育（名目）,2021-01,2.2,false
distributionAdjustedNominal,10,10,教養娯楽（名目）,2021-01,7.5,false
distributionAdjustedNominal,11,11,その他の消費支出（名目）,2021-01,15.1,false
distributionAdjustedNominal,12,12,消費支出（実質）,2021-01,97.9,false
distributionAdjustedNominal,13,13,食料（実質）,2021-01,27.7,false
distributionAdjustedNominal,14,14,住居（実質）,2021-01,7.5,false
distributionAdjustedNominal,15,15,光熱・水道（実質）,2021-01,9.2,false
distributionAdjustedNominal,16,16,家具・家事用品（実質）,2021-01,4.3,false
distributionAdjustedNominal,17,17,被服及び履物（実質）,2021-01,3.1,false
distributionAdjustedNominal,18,18,保健医療（実質）,2021-01,4.3,false
distributionAdjustedNominal,19,19,交通・通信（実質）,2021-01,14.2,false
distributionAdjustedNominal,20,20,教育（実質）,2021-01,2.1,false
distributionAdjustedNominal,21,21,教養娯楽（実質）,2021-01,8.6,false
distributionAdjustedNominal,22,22,その他の消費支出（実質）,2021-01,17.2,false
distributionAdjustedNominal,1,1,消費支出（名目）,2021-02,81.2,false
distributionAdjustedNominal,2,2,食料（名目）,2021-02,21.5,false
distributionAdjustedNominal,3,3,住居（名目）,2021-02,6.7,false
distributionAdjustedNominal,4,4,光熱・水道（名目）,2021-02,7.9,false
distributionAdjustedNominal,5,5,家具・家事用品（名目）,2021-02,3.2,false
distributionAdjustedNominal,6,6,被服及び履物（名目）,2021-02,2.2,false
distributionAdjustedNominal,7,7,保健医療（名目）,2021-02,4,false
distributionAdjustedNominal,8,8,交通・通信（名目）,2021-02,13.7,false
distributionAdjustedNominal,9,9,教育（名目）,2021-02,2.5,false
distributionAdjustedNominal,10,10,教養娯楽（名目）,2021-02,7.2,false
distributionAdjustedNominal,11,11,その他の消費支出（名目）,2021-02,12.4,false
distributionAdjustedNominal,12,12,消費支出（実質）,2021-02,92.9,false
distributionAdjustedNominal,13,13,食料（実質）,2021-02,27.2,false
distributionAdjustedNominal,14,14,住居（実質）,2021-02,7.4,false
distributionAdjustedNominal,15,15,光熱・水道（実質）,2021-02,9.6,false
distributionAdjustedNominal,16,16,家具・家事用品（実質）,2021-02,3.9,false
distributionAdjustedNominal,17,17,被服及び履物（実質）,2021-02,2.5,false
distributionAdjustedNominal,18,18,保健医療（実質）,2021-02,4.2,false
distributionAdjustedNominal,19,19,交通・通信（実質）,2021-02,13.7,false
distributionAdjustedNominal,20,20,教育（実質）,2021-02,2.4,false
distributionAdjustedNominal,21,21,教養娯楽（実質）,2021-02,8.3,false
distributionAdjustedNominal,22,22,その他の消費支出（実質）,2021-02,14.1,false
distributionAdjustedNominal,1,1,消費支出（名目）,2021-03,98.9,false
distributionAdjustedNominal,2,2,食料（名目）,2021-03,23.7,false
distributionAdjustedNominal,3,3,住居（名目）,2021-03,8.7,false
distributionAdjustedNominal,4,4,光熱・水道（名目）,2021-03,8.1,false
distributionAdjustedNominal,5,5,家具・家事用品（名目）,2021-03,3.9,false
distributionAdjustedNominal,6,6,被服及び履物（名目）,2021-03,3.2,false
distributionAdjustedNominal,7,7,保健医療（名目）,2021-03,4.6,false
distributionAdjustedNominal,8,8,交通・通信（名目）,2021-03,17.5,false
distributionAdjustedNominal,9,9,教育（名目）,2021-03,4.4,false
distributionAdjustedNominal,10,10,教養娯楽（名目）,2021-03,9,false
distributionAdjustedNominal,11,11,その他の消費支出（名目）,2021-03,15.9,false
distributionAdjustedNominal,12,12,消費支出（実質）,2021-03,112.9,false
distributionAdjustedNominal,13,13,食料（実質）,2021-03,30,false
distributionAdjustedNominal,14,14,住居（実質）,2021-03,9.7,false
distributionAdjustedNominal,15,15,光熱・水道（実質）,2021-03,9.7,false
distributionAdjustedNominal,16,16,家具・家事用品（実質）,2021-03,4.7,false
distributionAdjustedNominal,17,17,被服及び履物（実質）,2021-03,3.6,false
distributionAdjustedNominal,18,18,保健医療（実質）,2021-03,4.8,false
distributionAdjustedNominal,19,19,交通・通信（実質）,2021-03,17.4,false
distributionAdjustedNominal,20,20,教育（実質）,2021-03,4.3,false
distributionAdjustedNominal,21,21,教養娯楽（実質）,2021-03,10.3,false
distributionAdjustedNominal,22,22,その他の消費支出（実質）,2021-03,18.2,false
distributionAdjustedNominal,1,1,消費支出（名目）,2021-04,94.6,false
distributionAdjustedNominal,2,2,食料（名目）,2021-04,22.7,false
distributionAdjustedNominal,3,3,住居（名目）,2021-04,8.2,false
distributionAdjustedNominal,4,4,光熱・水道（名目）,2021-04,6.8,false
distributionAdjustedNominal,5,5,家具・家事用品（名目）,2021-04,3.5,false
distributionAdjustedNominal,6,6,被服及び履物（名目）,2021-04,3,false
distributionAdjustedNominal,7,7,保健医療（名目）,2021-04,4.3,false
distributionAdjustedNominal,8,8,交通・通信（名目）,2021-04,15.6,false
distributionAdjustedNominal,9,9,教育（名目）,2021-04,7.4,false
distributionAdjustedNominal,10,10,教養娯楽（名目）,2021-04,8.8,false
distributionAdjustedNominal,11,11,その他の消費支出（名目）,2021-04,14.2,false
distributionAdjustedNominal,12,12,消費支出（実質）,2021-04,109.1,false
distributionAdjustedNominal,13,13,食料（実質）,2021-04,28.8,false
distributionAdjustedNominal,14,14,住居（実質）,2021-04,9.1,false
distributionAdjustedNominal,15,15,光熱・水道（実質）,2021-04,8.1,false
distributionAdjustedNominal,16,16,家具・家事用品（実質）,2021-04,4.2,false
distributionAdjustedNominal,17,17,被服及び履物（実質）,2021-04,3.3,false
distributionAdjustedNominal,18,18,保健医療（実質）,2021-04,4.5,false
distributionAdjustedNominal,19,19,交通・通信（実質）,2021-04,16.7,false
distributionAdjustedNominal,20,20,教育（実質）,2021-04,7.2,false
distributionAdjustedNominal,21,21,教養娯楽（実質）,2021-04,10,false
distributionAdjustedNominal,22,22,その他の消費支出（実質）,2021-04,16.4,false
distributionAdjustedNominal,1,1,消費支出（名目）,2021-05,88.6,false
distributionAdjustedNominal,2,2,食料（名目）,2021-05,23.6,false
distributionAdjustedNominal,3,3,住居（名目）,2021-05,7.6,false
distributionAdjustedNominal,4,4,光熱・水道（名目）,2021-05,6.2,false
distributionAdjustedNominal,5,5,家具・家事用品（名目）,2021-05,4,false
distributionAdjustedNominal,6,6,被服及び履物（名目）,2021-05,2.8,false
distributionAdjustedNominal,7,7,保健医療（名目）,2021-05,4.4,false
distributionAdjustedNominal,8,8,交通・通信（名目）,2021-05,15.1,false
distributionAdjustedNominal,9,9,教育（名目）,2021-05,3.3,false
distributionAdjustedNominal,10,10,教養娯楽（名目）,2021-05,8,false
distributionAdjustedNominal,11,11,その他の消費支出（名目）,2021-05,13.7,false
distributionAdjustedNominal,12,12,消費支出（実質）,2021-05,101.9,false
distributionAdjustedNominal,13,13,食料（実質）,2021-05,29.8,false
distributionAdjustedNominal,14,14,住居（実質）,2021-05,8.4,false
distributionAdjustedNominal,15,15,光熱・水道（実質）,2021-05,7.2,false
distributionAdjustedNominal,16,16,家具・家事用品（実質）,2021-05,4.8,false
distributionAdjustedNominal,17,17,被服及び履物（実質）,2021-05,3,false
distributionAdjustedNominal,18,18,保健医療（実質）,2021-05,4.6,false
distributionAdjustedNominal,19,19,交通・通信（実質）,2021-05,16.1,false
distributionAdjustedNominal,20,20,教育（実質）,2021-05,3.2,false
distributionAdjustedNominal,21,21,教養娯楽（実質）,2021-05,9.1,false
distributionAdjustedNominal,22,22,その他の消費支出（実質）,2021-05,15.8,false
distributionAdjustedNominal,1,1,消費支出（名目）,2021-06,84.7,false
distributionAdjustedNominal,2,2,食料（名目）,2021-06,22.9,false
distributionAdjustedNominal,3,3,住居（名目）,2021-06,7.7,false
distributionAdjustedNominal,4,4,光熱・水道（名目）,2021-06,5.6,false
distributionAdjustedNominal,5,5,家具・家事用品（名目）,2021-06,4.3,false
distributionAdjustedNominal,6,6,被服及び履物（名目）,2021-06,2.9,false
distributionAdjustedNominal,7,7,保健医療（名目）,2021-06,4.5,false
distributionAdjustedNominal,8,8,交通・通信（名目）,2021-06,13.5,false
distributionAdjustedNominal,9,9,教育（名目）,2021-06,2,false
distributionAdjustedNominal,10,10,教養娯楽（名目）,2021-06,7.9,false
distributionAdjustedNominal,11,11,その他の消費支出（名目）,2021-06,13.2,false
distributionAdjustedNominal,12,12,消費支出（実質）,2021-06,97.2,false
distributionAdjustedNominal,13,13,食料（実質）,2021-06,28.8,false
distributionAdjustedNominal,14,14,住居（実質）,2021-06,8.6,false
distributionAdjustedNominal,15,15,光熱・水道（実質）,2021-06,6.5,false
distributionAdjustedNominal,16,16,家具・家事用品（実質）,2021-06,5.2,false
distributionAdjustedNominal,17,17,被服及び履物（実質）,2021-06,3.2,false
distributionAdjustedNominal,18,18,保健医療（実質）,2021-06,4.8,false
distributionAdjustedNominal,19,19,交通・通信（実質）,2021-06,14.5,false
distributionAdjustedNominal,20,20,教育（実質）,2021-06,1.9,false
distributionAdjustedNominal,21,21,教養娯楽（実質）,2021-06,9.1,false
distributionAdjustedNominal,22,22,その他の消費支出（実質）,2021-06,15.2,false
distributionAdjustedNominal,1,1,消費支出（名目）,2021-07,87.3,false
distributionAdjustedNominal,2,2,食料（名目）,2021-07,24.2,false
distributionAdjustedNominal,3,3,住居（名目）,2021-07,7.4,false
distributionAdjustedNominal,4,4,光熱・水道（名目）,2021-07,5.2,false
distributionAdjustedNominal,5,5,家具・家事用品（名目）,2021-07,4.8,false
distributionAdjustedNominal,6,6,被服及び履物（名目）,2021-07,2.7,false
distributionAdjustedNominal,7,7,保健医療（名目）,2021-07,4.5,false
distributionAdjustedNominal,8,8,交通・通信（名目）,2021-07,14.6,false
distributionAdjustedNominal,9,9,教育（名目）,2021-07,1.9,false
distributionAdjustedNominal,10,10,教養娯楽（名目）,2021-07,8.3,false
distributionAdjustedNominal,11,11,その他の消費支出（名目）,2021-07,13.6,false
distributionAdjustedNominal,12,12,消費支出（実質）,2021-07,99.9,false
distributionAdjustedNominal,13,13,食料（実質）,2021-07,30.6,false
distributionAdjustedNominal,14,14,住居（実質）,2021-07,8.2,false
distributionAdjustedNominal,15,15,光熱・水道（実質）,2021-07,6,false
distributionAdjustedNominal,16,16,家具・家事用品（実質）,2021-07,5.6,false
distributionAdjustedNominal,17,17,被服及び履物（実質）,2021-07,3.1,false
distributionAdjustedNominal,18,18,保健医療（実質）,2021-07,4.7,false
distributionAdjustedNominal,19,19,交通・通信（実質）,2021-07,15.4,false
distributionAdjustedNominal,20,20,教育（実質）,2021-07,1.9,false
distributionAdjustedNominal,21,21,教養娯楽（実質）,2021-07,9.4,false
distributionAdjustedNominal,22,22,その他の消費支出（実質）,2021-07,15.6,false
distributionAdjustedNominal,1,1,消費支出（名目）,2021-08,85.5,false
distributionAdjustedNominal,2,2,食料（名目）,2021-08,24.4,false
distributionAdjustedNominal,3,3,住居（名目）,2021-08,7.6,false
distributionAdjustedNominal,4,4,光熱・水道（名目）,2021-08,5.7,false
distributionAdjustedNominal,5,5,家具・家事用品（名目）,2021-08,4.3,false
distributionAdjustedNominal,6,6,被服及び履物（名目）,2021-08,2,false
distributionAdjustedNominal,7,7,保健医療（名目）,2021-08,4.4,false
distributionAdjustedNominal,8,8,交通・通信（名目）,2021-08,13.4,false
distributionAdjustedNominal,9,9,教育（名目）,2021-08,2,false
distributionAdjustedNominal,10,10,教養娯楽（名目）,2021-08,8.4,false
distributionAdjustedNominal,11,11,その他の消費支出（名目）,2021-08,13.4,false
distributionAdjustedNominal,12,12,消費支出（実質）,2021-08,97.8,false
distributionAdjustedNominal,13,13,食料（実質）,2021-08,30.7,false
distributionAdjustedNominal,14,14,住居（実質）,2021-08,8.4,false
distributionAdjustedNominal,15,15,光熱・水道（実質）,2021-08,6.6,false
distributionAdjustedNominal,16,16,家具・家事用品（実質）,2021-08,5.1,false
distributionAdjustedNominal,17,17,被服及び履物（実質）,2021-08,2.2,false
distributionAdjustedNominal,18,18,保健医療（実質）,2021-08,4.6,false
distributionAdjustedNominal,19,19,交通・通信（実質）,2021-08,14.4,false
distributionAdjustedNominal,20,20,教育（実質）,2021-08,2,false
distributionAdjustedNominal,21,21,教養娯楽（実質）,2021-08,9.4,false
distributionAdjustedNominal,22,22,その他の消費支出（実質）,2021-08,15.3,false
distributionAdjustedNominal,1,1,消費支出（名目）,2021-09,86.7,false
distributionAdjustedNominal,2,2,食料（名目）,2021-09,22.8,false
distributionAdjustedNominal,3,3,住居（名目）,2021-09,7.5,false
distributionAdjustedNominal,4,4,光熱・水道（名目）,2021-09,5.8,false
distributionAdjustedNominal,5,5,家具・家事用品（名目）,2021-09,3.5,false
distributionAdjustedNominal,6,6,被服及び履物（名目）,2021-09,2.1,false
distributionAdjustedNominal,7,7,保健医療（名目）,2021-09,4.6,false
distributionAdjustedNominal,8,8,交通・通信（名目）,2021-09,14.5,false
distributionAdjustedNominal,9,9,教育（名目）,2021-09,4.1,false
distributionAdjustedNominal,10,10,教養娯楽（名目）,2021-09,7.7,false
distributionAdjustedNominal,11,11,その他の消費支出（名目）,2021-09,14,false
distributionAdjustedNominal,12,12,消費支出（実質）,2021-09,98.8,false
distributionAdjustedNominal,13,13,食料（実質）,2021-09,28.3,false
distributionAdjustedNominal,14,14,住居（実質）,2021-09,8.3,false
distributionAdjustedNominal,15,15,光熱・水道（実質）,2021-09,6.6,false
distributionAdjustedNominal,16,16,家具・家事用品（実質）,2021-09,4.2,false
distributionAdjustedNominal,17,17,被服及び履物（実質）,2021-09,2.3,false
distributionAdjustedNominal,18,18,保健医療（実質）,2021-09,4.8,false
distributionAdjustedNominal,19,19,交通・通信（実質）,2021-09,15.5,false
distributionAdjustedNominal,20,20,教育（実質）,2021-09,4,false
distributionAdjustedNominal,21,21,教養娯楽（実質）,2021-09,8.7,false
distributionAdjustedNominal,22,22,その他の消費支出（実質）,2021-09,15.9,false
distributionAdjustedNominal,1,1,消費支出（名目）,2021-10,90.1,false
distributionAdjustedNominal,2,2,食料（名目）,2021-10,23.9,false
distributionAdjustedNominal,3,3,住居（名目）,2021-10,7.8,false
distributionAdjustedNominal,4,4,光熱・水道（名目）,2021-10,5.8,false
distributionAdjustedNominal,5,5,家具・家事用品（名目）,2021-10,3.7,false
distributionAdjustedNominal,6,6,被服及び履物（名目）,2021-10,3,false
distributionAdjustedNominal,7,7,保健医療（名目）,2021-10,4.8,false
distributionAdjustedNominal,8,8,交通・通信（名目）,2021-10,14.6,false
distributionAdjustedNominal,9,9,教育（名目）,2021-10,5,false
distributionAdjustedNominal,10,10,教養娯楽（名目）,2021-10,8.6,false
distributionAdjustedNominal,11,11,その他の消費支出（名目）,2021-10,12.9,false
distributionAdjustedNominal,12,12,消費支出（実質）,2021-10,102.8,false
distributionAdjustedNominal,13,13,食料（実質）,2021-10,29.9,false
distributionAdjustedNominal,14,14,住居（実質）,2021-10,8.6,false
distributionAdjustedNominal,15,15,光熱・水道（実質）,2021-10,6.5,false
distributionAdjustedNominal,16,16,家具・家事用品（実質）,2021-10,4.5,false
distributionAdjustedNominal,17,17,被服及び履物（実質）,2021-10,3.2,false
distributionAdjustedNominal,18,18,保健医療（実質）,2021-10,5,false
distributionAdjustedNominal,19,19,交通・通信（実質）,2021-10,15.8,false
distributionAdjustedNominal,20,20,教育（実質）,2021-10,4.8,false
distributionAdjustedNominal,21,21,教養娯楽（実質）,2021-10,9.8,false
distributionAdjustedNominal,22,22,その他の消費支出（実質）,2021-10,14.7,false
distributionAdjustedNominal,1,1,消費支出（名目）,2021-11,90.1,false
distributionAdjustedNominal,2,2,食料（名目）,2021-11,23.7,false
distributionAdjustedNominal,3,3,住居（名目）,2021-11,7.7,false
distributionAdjustedNominal,4,4,光熱・水道（名目）,2021-11,6,false
distributionAdjustedNominal,5,5,家具・家事用品（名目）,2021-11,3.9,false
distributionAdjustedNominal,6,6,被服及び履物（名目）,2021-11,3.6,false
distributionAdjustedNominal,7,7,保健医療（名目）,2021-11,4.9,false
distributionAdjustedNominal,8,8,交通・通信（名目）,2021-11,14.8,false
distributionAdjustedNominal,9,9,教育（名目）,2021-11,2.6,false
distributionAdjustedNominal,10,10,教養娯楽（名目）,2021-11,8.7,false
distributionAdjustedNominal,11,11,その他の消費支出（名目）,2021-11,14.2,false
distributionAdjustedNominal,12,12,消費支出（実質）,2021-11,102.7,false
distributionAdjustedNominal,13,13,食料（実質）,2021-11,29.6,false
distributionAdjustedNominal,14,14,住居（実質）,2021-11,8.5,false
distributionAdjustedNominal,15,15,光熱・水道（実質）,2021-11,6.6,false
distributionAdjustedNominal,16,16,家具・家事用品（実質）,2021-11,4.6,false
distributionAdjustedNominal,17,17,被服及び履物（実質）,2021-11,3.9,false
distributionAdjustedNominal,18,18,保健医療（実質）,2021-11,5.1,false
distributionAdjustedNominal,19,19,交通・通信（実質）,2021-11,16,false
distributionAdjustedNominal,20,20,教育（実質）,2021-11,2.5,false
distributionAdjustedNominal,21,21,教養娯楽（実質）,2021-11,10,false
distributionAdjustedNominal,22,22,その他の消費支出（実質）,2021-11,16.2,false
distributionAdjustedNominal,1,1,消費支出（名目）,2021-12,101.9,false
distributionAdjustedNominal,2,2,食料（名目）,2021-12,29.7,false
distributionAdjustedNominal,3,3,住居（名目）,2021-12,8.3,false
distributionAdjustedNominal,4,4,光熱・水道（名目）,2021-12,6.7,false
distributionAdjustedNominal,5,5,家具・家事用品（名目）,2021-12,4.4,false
distributionAdjustedNominal,6,6,被服及び履物（名目）,2021-12,3.7,false
distributionAdjustedNominal,7,7,保健医療（名目）,2021-12,4.6,false
distributionAdjustedNominal,8,8,交通・通信（名目）,2021-12,14.9,false
distributionAdjustedNominal,9,9,教育（名目）,2021-12,2.7,false
distributionAdjustedNominal,10,10,教養娯楽（名目）,2021-12,10.1,false
distributionAdjustedNominal,11,11,その他の消費支出（名目）,2021-12,16.7,false
distributionAdjustedNominal,12,12,消費支出（実質）,2021-12,116,false
distributionAdjustedNominal,13,13,食料（実質）,2021-12,37,false
distributionAdjustedNominal,14,14,住居（実質）,2021-12,9.2,false
distributionAdjustedNominal,15,15,光熱・水道（実質）,2021-12,7.3,false
distributionAdjustedNominal,16,16,家具・家事用品（実質）,2021-12,5.3,false
distributionAdjustedNominal,17,17,被服及び履物（実質）,2021-12,4.1,false
distributionAdjustedNominal,18,18,保健医療（実質）,2021-12,4.8,false
distributionAdjustedNominal,19,19,交通・通信（実質）,2021-12,16.1,false
distributionAdjustedNominal,20,20,教育（実質）,2021-12,2.6,false
distributionAdjustedNominal,21,21,教養娯楽（実質）,2021-12,11.5,false
distributionAdjustedNominal,22,22,その他の消費支出（実質）,2021-12,19,false
distributionAdjustedNominal,1,1,消費支出（名目）,2022-01,89.4,false
distributionAdjustedNominal,2,2,食料（名目）,2022-01,22.7,false
distributionAdjustedNominal,3,3,住居（名目）,2022-01,6.9,false
distributionAdjustedNominal,4,4,光熱・水道（名目）,2022-01,8.3,false
distributionAdjustedNominal,5,5,家具・家事用品（名目）,2022-01,3.7,false
distributionAdjustedNominal,6,6,被服及び履物（名目）,2022-01,2.9,false
distributionAdjustedNominal,7,7,保健医療（名目）,2022-01,4.1,false
distributionAdjustedNominal,8,8,交通・通信（名目）,2022-01,14.8,false
distributionAdjustedNominal,9,9,教育（名目）,2022-01,2.1,false
distributionAdjustedNominal,10,10,教養娯楽（名目）,2022-01,8,false
distributionAdjustedNominal,11,11,その他の消費支出（名目）,2022-01,15.8,false
distributionAdjustedNominal,12,12,消費支出（実質）,2022-01,101.6,false
distributionAdjustedNominal,13,13,食料（実質）,2022-01,28,false
distributionAdjustedNominal,14,14,住居（実質）,2022-01,7.6,false
distributionAdjustedNominal,15,15,光熱・水道（実質）,2022-01,9,false
distributionAdjustedNominal,16,16,家具・家事用品（実質）,2022-01,4.5,false
distributionAdjustedNominal,17,17,被服及び履物（実質）,2022-01,3.2,false
distributionAdjustedNominal,18,18,保健医療（実質）,2022-01,4.4,false
distributionAdjustedNominal,19,19,交通・通信（実質）,2022-01,16.1,false
distributionAdjustedNominal,20,20,教育（実質）,2022-01,2,false
distributionAdjustedNominal,21,21,教養娯楽（実質）,2022-01,9.1,false
distributionAdjustedNominal,22,22,その他の消費支出（実質）,2022-01,18,false
distributionAdjustedNominal,1,1,消費支出（名目）,2022-02,82.6,false
distributionAdjustedNominal,2,2,食料（名目）,2022-02,21.4,false
distributionAdjustedNominal,3,3,住居（名目）,2022-02,6.6,false
distributionAdjustedNominal,4,4,光熱・水道（名目）,2022-02,9.4,false
distributionAdjustedNominal,5,5,家具・家事用品（名目）,2022-02,3,false
distributionAdjustedNominal,6,6,被服及び履物（名目）,2022-02,2,false
distributionAdjustedNominal,7,7,保健医療（名目）,2022-02,3.9,false
distributionAdjustedNominal,8,8,交通・通信（名目）,2022-02,14,false
distributionAdjustedNominal,9,9,教育（名目）,2022-02,2.5,false
distributionAdjustedNominal,10,10,教養娯楽（名目）,2022-02,7.5,false
distributionAdjustedNominal,11,11,その他の消費支出（名目）,2022-02,12.2,false
distributionAdjustedNominal,12,12,消費支出（実質）,2022-02,93.4,false
distributionAdjustedNominal,13,13,食料（実質）,2022-02,26.3,false
distributionAdjustedNominal,14,14,住居（実質）,2022-02,7.3,false
distributionAdjustedNominal,15,15,光熱・水道（実質）,2022-02,9.9,false
distributionAdjustedNominal,16,16,家具・家事用品（実質）,2022-02,3.6,false
distributionAdjustedNominal,17,17,被服及び履物（実質）,2022-02,2.2,false
distributionAdjustedNominal,18,18,保健医療（実質）,2022-02,4.1,false
distributionAdjustedNominal,19,19,交通・通信（実質）,2022-02,15.1,false
distributionAdjustedNominal,20,20,教育（実質）,2022-02,2.5,false
distributionAdjustedNominal,21,21,教養娯楽（実質）,2022-02,8.5,false
distributionAdjustedNominal,22,22,その他の消費支出（実質）,2022-02,13.8,false
distributionAdjustedNominal,1,1,消費支出（名目）,2022-03,96.6,false
distributionAdjustedNominal,2,2,食料（名目）,2022-03,23.8,false
distributionAdjustedNominal,3,3,住居（名目）,2022-03,7.2,false
distributionAdjustedNominal,4,4,光熱・水道（名目）,2022-03,9.2,false
distributionAdjustedNominal,5,5,家具・家事用品（名目）,2022-03,3.7,false
distributionAdjustedNominal,6,6,被服及び履物（名目）,2022-03,3.3,false
distributionAdjustedNominal,7,7,保健医療（名目）,2022-03,4.4,false
distributionAdjustedNominal,8,8,交通・通信（名目）,2022-03,16.5,false
distributionAdjustedNominal,9,9,教育（名目）,2022-03,4,false
distributionAdjustedNominal,10,10,教養娯楽（名目）,2022-03,9.1,false
distributionAdjustedNominal,11,11,その他の消費支出（名目）,2022-03,15.3,false
distributionAdjustedNominal,12,12,消費支出（実質）,2022-03,108.8,false
distributionAdjustedNominal,13,13,食料（実質）,2022-03,29.3,false
distributionAdjustedNominal,14,14,住居（実質）,2022-03,8,false
distributionAdjustedNominal,15,15,光熱・水道（実質）,2022-03,9.5,false
distributionAdjustedNominal,16,16,家具・家事用品（実質）,2022-03,4.4,false
distributionAdjustedNominal,17,17,被服及び履物（実質）,2022-03,3.6,false
distributionAdjustedNominal,18,18,保健医療（実質）,2022-03,4.6,false
distributionAdjustedNominal,19,19,交通・通信（実質）,2022-03,17.7,false
distributionAdjustedNominal,20,20,教育（実質）,2022-03,3.9,false
distributionAdjustedNominal,21,21,教養娯楽（実質）,2022-03,10.3,false
distributionAdjustedNominal,22,22,その他の消費支出（実質）,2022-03,17.2,false
distributionAdjustedNominal,1,1,消費支出（名目）,2022-04,94.3,false
distributionAdjustedNominal,2,2,食料（名目）,2022-04,23.3,false
distributionAdjustedNominal,3,3,住居（名目）,2022-04,7.3,false
distributionAdjustedNominal,4,4,光熱・水道（名目）,2022-04,8.2,false
distributionAdjustedNominal,5,5,家具・家事用品（名目）,2022-04,3.6,false
distributionAdjustedNominal,6,6,被服及び履物（名目）,2022-04,3.3,false
distributionAdjustedNominal,7,7,保健医療（名目）,2022-04,4.3,false
distributionAdjustedNominal,8,8,交通・通信（名目）,2022-04,14.1,false
distributionAdjustedNominal,9,9,教育（名目）,2022-04,7.2,false
distributionAdjustedNominal,10,10,教養娯楽（名目）,2022-04,9.3,false
distributionAdjustedNominal,11,11,その他の消費支出（名目）,2022-04,13.8,false
distributionAdjustedNominal,12,12,消費支出（実質）,2022-04,105.6,false
distributionAdjustedNominal,13,13,食料（実質）,2022-04,28.5,false
distributionAdjustedNominal,14,14,住居（実質）,2022-04,8,false
distributionAdjustedNominal,15,15,光熱・水道（実質）,2022-04,8.3,false
distributionAdjustedNominal,16,16,家具・家事用品（実質）,2022-04,4.2,false
distributionAdjustedNominal,17,17,被服及び履物（実質）,2022-04,3.5,false
distributionAdjustedNominal,18,18,保健医療（実質）,2022-04,4.5,false
distributionAdjustedNominal,19,19,交通・通信（実質）,2022-04,15.2,false
distributionAdjustedNominal,20,20,教育（実質）,2022-04,6.9,false
distributionAdjustedNominal,21,21,教養娯楽（実質）,2022-04,10.4,false
distributionAdjustedNominal,22,22,その他の消費支出（実質）,2022-04,15.4,false
distributionAdjustedNominal,1,1,消費支出（名目）,2022-05,91.4,false
distributionAdjustedNominal,2,2,食料（名目）,2022-05,24.8,false
distributionAdjustedNominal,3,3,住居（名目）,2022-05,7.3,false
distributionAdjustedNominal,4,4,光熱・水道（名目）,2022-05,7.2,false
distributionAdjustedNominal,5,5,家具・家事用品（名目）,2022-05,4,false
distributionAdjustedNominal,6,6,被服及び履物（名目）,2022-05,3.2,false
distributionAdjustedNominal,7,7,保健医療（名目）,2022-05,4.3,false
distributionAdjustedNominal,8,8,交通・通信（名目）,2022-05,14.4,false
distributionAdjustedNominal,9,9,教育（名目）,2022-05,3.3,false
distributionAdjustedNominal,10,10,教養娯楽（名目）,2022-05,9.3,false
distributionAdjustedNominal,11,11,その他の消費支出（名目）,2022-05,13.7,false
distributionAdjustedNominal,12,12,消費支出（実質）,2022-05,102,false
distributionAdjustedNominal,13,13,食料（実質）,2022-05,30.2,false
distributionAdjustedNominal,14,14,住居（実質）,2022-05,8,false
distributionAdjustedNominal,15,15,光熱・水道（実質）,2022-05,7.3,false
distributionAdjustedNominal,16,16,家具・家事用品（実質）,2022-05,4.6,false
distributionAdjustedNominal,17,17,被服及び履物（実質）,2022-05,3.4,false
distributionAdjustedNominal,18,18,保健医療（実質）,2022-05,4.5,false
distributionAdjustedNominal,19,19,交通・通信（実質）,2022-05,15.5,false
distributionAdjustedNominal,20,20,教育（実質）,2022-05,3.2,false
distributionAdjustedNominal,21,21,教養娯楽（実質）,2022-05,10.4,false
distributionAdjustedNominal,22,22,その他の消費支出（実質）,2022-05,15.2,false
distributionAdjustedNominal,1,1,消費支出（名目）,2022-06,88.7,false
distributionAdjustedNominal,2,2,食料（名目）,2022-06,23.7,false
distributionAdjustedNominal,3,3,住居（名目）,2022-06,8.1,false
distributionAdjustedNominal,4,4,光熱・水道（名目）,2022-06,6.3,false
distributionAdjustedNominal,5,5,家具・家事用品（名目）,2022-06,4.3,false
distributionAdjustedNominal,6,6,被服及び履物（名目）,2022-06,3,false
distributionAdjustedNominal,7,7,保健医療（名目）,2022-06,4.7,false
distributionAdjustedNominal,8,8,交通・通信（名目）,2022-06,14.1,false
distributionAdjustedNominal,9,9,教育（名目）,2022-06,1.9,false
distributionAdjustedNominal,10,10,教養娯楽（名目）,2022-06,9.1,false
distributionAdjustedNominal,11,11,その他の消費支出（名目）,2022-06,13.6,false
distributionAdjustedNominal,12,12,消費支出（実質）,2022-06,99,false
distributionAdjustedNominal,13,13,食料（実質）,2022-06,28.8,false
distributionAdjustedNominal,14,14,住居（実質）,2022-06,8.8,false
distributionAdjustedNominal,15,15,光熱・水道（実質）,2022-06,6.3,false
distributionAdjustedNominal,16,16,家具・家事用品（実質）,2022-06,5,false
distributionAdjustedNominal,17,17,被服及び履物（実質）,2022-06,3.2,false
distributionAdjustedNominal,18,18,保健医療（実質）,2022-06,5,false
distributionAdjustedNominal,19,19,交通・通信（実質）,2022-06,15.2,false
distributionAdjustedNominal,20,20,教育（実質）,2022-06,1.9,false
distributionAdjustedNominal,21,21,教養娯楽（実質）,2022-06,10.3,false
distributionAdjustedNominal,22,22,その他の消費支出（実質）,2022-06,15.2,false
distributionAdjustedNominal,1,1,消費支出（名目）,2022-07,90.4,false
distributionAdjustedNominal,2,2,食料（名目）,2022-07,24.9,false
distributionAdjustedNominal,3,3,住居（名目）,2022-07,7.8,false
distributionAdjustedNominal,4,4,光熱・水道（名目）,2022-07,5.8,false
distributionAdjustedNominal,5,5,家具・家事用品（名目）,2022-07,4.6,false
distributionAdjustedNominal,6,6,被服及び履物（名目）,2022-07,2.8,false
distributionAdjustedNominal,7,7,保健医療（名目）,2022-07,4.6,false
distributionAdjustedNominal,8,8,交通・通信（名目）,2022-07,15,false
distributionAdjustedNominal,9,9,教育（名目）,2022-07,2,false
distributionAdjustedNominal,10,10,教養娯楽（名目）,2022-07,9,false
distributionAdjustedNominal,11,11,その他の消費支出（名目）,2022-07,13.7,false
distributionAdjustedNominal,12,12,消費支出（実質）,2022-07,100.4,false
distributionAdjustedNominal,13,13,食料（実質）,2022-07,30.1,false
distributionAdjustedNominal,14,14,住居（実質）,2022-07,8.5,false
distributionAdjustedNominal,15,15,光熱・水道（実質）,2022-07,5.8,false
distributionAdjustedNominal,16,16,家具・家事用品（実質）,2022-07,5.3,false
distributionAdjustedNominal,17,17,被服及び履物（実質）,2022-07,3.1,false
distributionAdjustedNominal,18,18,保健医療（実質）,2022-07,4.9,false
distributionAdjustedNominal,19,19,交通・通信（実質）,2022-07,15.9,false
distributionAdjustedNominal,20,20,教育（実質）,2022-07,1.9,false
distributionAdjustedNominal,21,21,教養娯楽（実質）,2022-07,10.1,false
distributionAdjustedNominal,22,22,その他の消費支出（実質）,2022-07,15.3,false
distributionAdjustedNominal,1,1,消費支出（名目）,2022-08,91.3,false
distributionAdjustedNominal,2,2,食料（名目）,2022-08,25.7,false
distributionAdjustedNominal,3,3,住居（名目）,2022-08,7.6,false
distributionAdjustedNominal,4,4,光熱・水道（名目）,2022-08,6.5,false
distributionAdjustedNominal,5,5,家具・家事用品（名目）,2022-08,4.1,false
distributionAdjustedNominal,6,6,被服及び履物（名目）,2022-08,2.3,false
distributionAdjustedNominal,7,7,保健医療（名目）,2022-08,4.6,false
distributionAdjustedNominal,8,8,交通・通信（名目）,2022-08,14.4,false
distributionAdjustedNominal,9,9,教育（名目）,2022-08,2.1,false
distributionAdjustedNominal,10,10,教養娯楽（名目）,2022-08,9.8,false
distributionAdjustedNominal,11,11,その他の消費支出（名目）,2022-08,14.1,false
distributionAdjustedNominal,12,12,消費支出（実質）,2022-08,100.9,false
distributionAdjustedNominal,13,13,食料（実質）,2022-08,31,false
distributionAdjustedNominal,14,14,住居（実質）,2022-08,8.3,false
distributionAdjustedNominal,15,15,光熱・水道（実質）,2022-08,6.4,false
distributionAdjustedNominal,16,16,家具・家事用品（実質）,2022-08,4.7,false
distributionAdjustedNominal,17,17,被服及び履物（実質）,2022-08,2.5,false
distributionAdjustedNominal,18,18,保健医療（実質）,2022-08,4.9,false
distributionAdjustedNominal,19,19,交通・通信（実質）,2022-08,15.3,false
distributionAdjustedNominal,20,20,教育（実質）,2022-08,2.1,false
distributionAdjustedNominal,21,21,教養娯楽（実質）,2022-08,10.8,false
distributionAdjustedNominal,22,22,その他の消費支出（実質）,2022-08,15.6,false
distributionAdjustedNominal,1,1,消費支出（名目）,2022-09,90.7,false
distributionAdjustedNominal,2,2,食料（名目）,2022-09,24.4,false
distributionAdjustedNominal,3,3,住居（名目）,2022-09,7.6,false
distributionAdjustedNominal,4,4,光熱・水道（名目）,2022-09,6.7,false
distributionAdjustedNominal,5,5,家具・家事用品（名目）,2022-09,4,false
distributionAdjustedNominal,6,6,被服及び履物（名目）,2022-09,2.5,false
distributionAdjustedNominal,7,7,保健医療（名目）,2022-09,4.4,false
distributionAdjustedNominal,8,8,交通・通信（名目）,2022-09,15.1,false
distributionAdjustedNominal,9,9,教育（名目）,2022-09,4.1,false
distributionAdjustedNominal,10,10,教養娯楽（名目）,2022-09,8.9,false
distributionAdjustedNominal,11,11,その他の消費支出（名目）,2022-09,13.2,false
distributionAdjustedNominal,12,12,消費支出（実質）,2022-09,99.7,false
distributionAdjustedNominal,13,13,食料（実質）,2022-09,29.1,false
distributionAdjustedNominal,14,14,住居（実質）,2022-09,8.2,false
distributionAdjustedNominal,15,15,光熱・水道（実質）,2022-09,6.6,false
distributionAdjustedNominal,16,16,家具・家事用品（実質）,2022-09,4.4,false
distributionAdjustedNominal,17,17,被服及び履物（実質）,2022-09,2.6,false
distributionAdjustedNominal,18,18,保健医療（実質）,2022-09,4.6,false
distributionAdjustedNominal,19,19,交通・通信（実質）,2022-09,16.1,false
distributionAdjustedNominal,20,20,教育（実質）,2022-09,4,false
distributionAdjustedNominal,21,21,教養娯楽（実質）,2022-09,9.9,false
distributionAdjustedNominal,22,22,その他の消費支出（実質）,2022-09,14.5,false
distributionAdjustedNominal,1,1,消費支出（名目）,2022-10,95,false
distributionAdjustedNominal,2,2,食料（名目）,2022-10,25.5,false
distributionAdjustedNominal,3,3,住居（名目）,2022-10,8.5,false
distributionAdjustedNominal,4,4,光熱・水道（名目）,2022-10,6.8,false
distributionAdjustedNominal,5,5,家具・家事用品（名目）,2022-10,3.9,false
distributionAdjustedNominal,6,6,被服及び履物（名目）,2022-10,3.6,false
distributionAdjustedNominal,7,7,保健医療（名目）,2022-10,4.7,false
distributionAdjustedNominal,8,8,交通・通信（名目）,2022-10,14.8,false
distributionAdjustedNominal,9,9,教育（名目）,2022-10,4.2,false
distributionAdjustedNominal,10,10,教養娯楽（名目）,2022-10,9.4,false
distributionAdjustedNominal,11,11,その他の消費支出（名目）,2022-10,13.7,false
distributionAdjustedNominal,12,12,消費支出（実質）,2022-10,103.9,false
distributionAdjustedNominal,13,13,食料（実質）,2022-10,29.9,false
distributionAdjustedNominal,14,14,住居（実質）,2022-10,9.1,false
distributionAdjustedNominal,15,15,光熱・水道（実質）,2022-10,6.6,false
distributionAdjustedNominal,16,16,家具・家事用品（実質）,2022-10,4.4,false
distributionAdjustedNominal,17,17,被服及び履物（実質）,2022-10,3.8,false
distributionAdjustedNominal,18,18,保健医療（実質）,2022-10,5,false
distributionAdjustedNominal,19,19,交通・通信（実質）,2022-10,15.7,false
distributionAdjustedNominal,20,20,教育（実質）,2022-10,4,false
distributionAdjustedNominal,21,21,教養娯楽（実質）,2022-10,10.5,false
distributionAdjustedNominal,22,22,その他の消費支出（実質）,2022-10,15,false
distributionAdjustedNominal,1,1,消費支出（名目）,2022-11,91.9,false
distributionAdjustedNominal,2,2,食料（名目）,2022-11,24.7,false
distributionAdjustedNominal,3,3,住居（名目）,2022-11,8.1,false
distributionAdjustedNominal,4,4,光熱・水道（名目）,2022-11,6.7,false
distributionAdjustedNominal,5,5,家具・家事用品（名目）,2022-11,3.8,false
distributionAdjustedNominal,6,6,被服及び履物（名目）,2022-11,3.5,false
distributionAdjustedNominal,7,7,保健医療（名目）,2022-11,4.8,false
distributionAdjustedNominal,8,8,交通・通信（名目）,2022-11,14.8,false
distributionAdjustedNominal,9,9,教育（名目）,2022-11,2.5,false
distributionAdjustedNominal,10,10,教養娯楽（名目）,2022-11,9.3,false
distributionAdjustedNominal,11,11,その他の消費支出（名目）,2022-11,13.6,false
distributionAdjustedNominal,12,12,消費支出（実質）,2022-11,100.1,false
distributionAdjustedNominal,13,13,食料（実質）,2022-11,28.8,false
distributionAdjustedNominal,14,14,住居（実質）,2022-11,8.6,false
distributionAdjustedNominal,15,15,光熱・水道（実質）,2022-11,6.5,false
distributionAdjustedNominal,16,16,家具・家事用品（実質）,2022-11,4.3,false
distributionAdjustedNominal,17,17,被服及び履物（実質）,2022-11,3.7,false
distributionAdjustedNominal,18,18,保健医療（実質）,2022-11,5.1,false
distributionAdjustedNominal,19,19,交通・通信（実質）,2022-11,15.7,false
distributionAdjustedNominal,20,20,教育（実質）,2022-11,2.4,false
distributionAdjustedNominal,21,21,教養娯楽（実質）,2022-11,10.6,false
distributionAdjustedNominal,22,22,その他の消費支出（実質）,2022-11,14.8,false
distributionAdjustedNominal,1,1,消費支出（名目）,2022-12,106.8,false
distributionAdjustedNominal,2,2,食料（名目）,2022-12,30.9,false
distributionAdjustedNominal,3,3,住居（名目）,2022-12,8.2,false
distributionAdjustedNominal,4,4,光熱・水道（名目）,2022-12,7.9,false
distributionAdjustedNominal,5,5,家具・家事用品（名目）,2022-12,4.9,false
distributionAdjustedNominal,6,6,被服及び履物（名目）,2022-12,4,false
distributionAdjustedNominal,7,7,保健医療（名目）,2022-12,5,false
distributionAdjustedNominal,8,8,交通・通信（名目）,2022-12,15.8,false
distributionAdjustedNominal,9,9,教育（名目）,2022-12,2.8,false
distributionAdjustedNominal,10,10,教養娯楽（名目）,2022-12,10.7,false
distributionAdjustedNominal,11,11,その他の消費支出（名目）,2022-12,16.6,false
distributionAdjustedNominal,12,12,消費支出（実質）,2022-12,116,false
distributionAdjustedNominal,13,13,食料（実質）,2022-12,36.1,false
distributionAdjustedNominal,14,14,住居（実質）,2022-12,8.7,false
distributionAdjustedNominal,15,15,光熱・水道（実質）,2022-12,7.5,false
distributionAdjustedNominal,16,16,家具・家事用品（実質）,2022-12,5.5,false
distributionAdjustedNominal,17,17,被服及び履物（実質）,2022-12,4.2,false
distributionAdjustedNominal,18,18,保健医療（実質）,2022-12,5.2,false
distributionAdjustedNominal,19,19,交通・通信（実質）,2022-12,16.8,false
distributionAdjustedNominal,20,20,教育（実質）,2022-12,2.7,false
distributionAdjustedNominal,21,21,教養娯楽（実質）,2022-12,12.1,false
distributionAdjustedNominal,22,22,その他の消費支出（実質）,2022-12,18,false
distributionAdjustedNominal,1,1,消費支出（名目）,2023-01,95.3,false
distributionAdjustedNominal,2,2,食料（名目）,2023-01,24.5,false
distributionAdjustedNominal,3,3,住居（名目）,2023-01,7.2,false
distributionAdjustedNominal,4,4,光熱・水道（名目）,2023-01,10.1,false
distributionAdjustedNominal,5,5,家具・家事用品（名目）,2023-01,3.6,false
distributionAdjustedNominal,6,6,被服及び履物（名目）,2023-01,3.2,false
distributionAdjustedNominal,7,7,保健医療（名目）,2023-01,4.2,false
distributionAdjustedNominal,8,8,交通・通信（名目）,2023-01,14.9,false
distributionAdjustedNominal,9,9,教育（名目）,2023-01,2.2,false
distributionAdjustedNominal,10,10,教養娯楽（名目）,2023-01,9.2,false
distributionAdjustedNominal,11,11,その他の消費支出（名目）,2023-01,16,false
distributionAdjustedNominal,12,12,消費支出（実質）,2023-01,103,false
distributionAdjustedNominal,13,13,食料（実質）,2023-01,28.2,false
distributionAdjustedNominal,14,14,住居（実質）,2023-01,7.6,false
distributionAdjustedNominal,15,15,光熱・水道（実質）,2023-01,9.5,false
distributionAdjustedNominal,16,16,家具・家事用品（実質）,2023-01,4.1,false
distributionAdjustedNominal,17,17,被服及び履物（実質）,2023-01,3.5,false
distributionAdjustedNominal,18,18,保健医療（実質）,2023-01,4.4,false
distributionAdjustedNominal,19,19,交通・通信（実質）,2023-01,15.8,false
distributionAdjustedNominal,20,20,教育（実質）,2023-01,2.1,false
distributionAdjustedNominal,21,21,教養娯楽（実質）,2023-01,10.4,false
distributionAdjustedNominal,22,22,その他の消費支出（実質）,2023-01,17.4,false
distributionAdjustedNominal,1,1,消費支出（名目）,2023-02,88.7,false
distributionAdjustedNominal,2,2,食料（名目）,2023-02,23.3,false
distributionAdjustedNominal,3,3,住居（名目）,2023-02,7.1,false
distributionAdjustedNominal,4,4,光熱・水道（名目）,2023-02,10.7,false
distributionAdjustedNominal,5,5,家具・家事用品（名目）,2023-02,3.1,false
distributionAdjustedNominal,6,6,被服及び履物（名目）,2023-02,2.3,false
distributionAdjustedNominal,7,7,保健医療（名目）,2023-02,4.4,false
distributionAdjustedNominal,8,8,交通・通信（名目）,2023-02,14.2,false
distributionAdjustedNominal,9,9,教育（名目）,2023-02,2.3,false
distributionAdjustedNominal,10,10,教養娯楽（名目）,2023-02,9,false
distributionAdjustedNominal,11,11,その他の消費支出（名目）,2023-02,12.4,false
distributionAdjustedNominal,12,12,消費支出（実質）,2023-02,96.6,false
distributionAdjustedNominal,13,13,食料（実質）,2023-02,26.6,false
distributionAdjustedNominal,14,14,住居（実質）,2023-02,7.5,false
distributionAdjustedNominal,15,15,光熱・水道（実質）,2023-02,11.3,false
distributionAdjustedNominal,16,16,家具・家事用品（実質）,2023-02,3.4,false
distributionAdjustedNominal,17,17,被服及び履物（実質）,2023-02,2.5,false
distributionAdjustedNominal,18,18,保健医療（実質）,2023-02,4.5,false
distributionAdjustedNominal,19,19,交通・通信（実質）,2023-02,15,false
distributionAdjustedNominal,20,20,教育（実質）,2023-02,2.2,false
distributionAdjustedNominal,21,21,教養娯楽（実質）,2023-02,10.1,false
distributionAdjustedNominal,22,22,その他の消費支出（実質）,2023-02,13.5,false
distributionAdjustedNominal,1,1,消費支出（名目）,2023-03,101.8,false
distributionAdjustedNominal,2,2,食料（名目）,2023-03,25.6,false
distributionAdjustedNominal,3,3,住居（名目）,2023-03,7.5,false
distributionAdjustedNominal,4,4,光熱・水道（名目）,2023-03,9.6,false
distributionAdjustedNominal,5,5,家具・家事用品（名目）,2023-03,3.9,false
distributionAdjustedNominal,6,6,被服及び履物（名目）,2023-03,3.5,false
distributionAdjustedNominal,7,7,保健医療（名目）,2023-03,4.8,false
distributionAdjustedNominal,8,8,交通・通信（名目）,2023-03,17.6,false
distributionAdjustedNominal,9,9,教育（名目）,2023-03,4,false
distributionAdjustedNominal,10,10,教養娯楽（名目）,2023-03,10.2,false
distributionAdjustedNominal,11,11,その他の消費支出（名目）,2023-03,15.1,false
distributionAdjustedNominal,12,12,消費支出（実質）,2023-03,110.4,false
distributionAdjustedNominal,13,13,食料（実質）,2023-03,29.1,false
distributionAdjustedNominal,14,14,住居（実質）,2023-03,7.9,false
distributionAdjustedNominal,15,15,光熱・水道（実質）,2023-03,10.2,false
distributionAdjustedNominal,16,16,家具・家事用品（実質）,2023-03,4.2,false
distributionAdjustedNominal,17,17,被服及び履物（実質）,2023-03,3.7,false
distributionAdjustedNominal,18,18,保健医療（実質）,2023-03,5,false
distributionAdjustedNominal,19,19,交通・通信（実質）,2023-03,18.7,false
distributionAdjustedNominal,20,20,教育（実質）,2023-03,3.8,false
distributionAdjustedNominal,21,21,教養娯楽（実質）,2023-03,11.3,false
distributionAdjustedNominal,22,22,その他の消費支出（実質）,2023-03,16.4,false
distributionAdjustedNominal,1,1,消費支出（名目）,2023-04,98.8,false
distributionAdjustedNominal,2,2,食料（名目）,2023-04,24.9,false
distributionAdjustedNominal,3,3,住居（名目）,2023-04,7.4,false
distributionAdjustedNominal,4,4,光熱・水道（名目）,2023-04,7.9,false
distributionAdjustedNominal,5,5,家具・家事用品（名目）,2023-04,3.5,false
distributionAdjustedNominal,6,6,被服及び履物（名目）,2023-04,3.2,false
distributionAdjustedNominal,7,7,保健医療（名目）,2023-04,4.6,false
distributionAdjustedNominal,8,8,交通・通信（名目）,2023-04,16.6,false
distributionAdjustedNominal,9,9,教育（名目）,2023-04,7,false
distributionAdjustedNominal,10,10,教養娯楽（名目）,2023-04,9.9,false
distributionAdjustedNominal,11,11,その他の消費支出（名目）,2023-04,13.7,false
distributionAdjustedNominal,12,12,消費支出（実質）,2023-04,106.3,false
distributionAdjustedNominal,13,13,食料（実質）,2023-04,28.1,false
distributionAdjustedNominal,14,14,住居（実質）,2023-04,7.8,false
distributionAdjustedNominal,15,15,光熱・水道（実質）,2023-04,8.4,false
distributionAdjustedNominal,16,16,家具・家事用品（実質）,2023-04,3.8,false
distributionAdjustedNominal,17,17,被服及び履物（実質）,2023-04,3.4,false
distributionAdjustedNominal,18,18,保健医療（実質）,2023-04,4.8,false
distributionAdjustedNominal,19,19,交通・通信（実質）,2023-04,17.5,false
distributionAdjustedNominal,20,20,教育（実質）,2023-04,6.6,false
distributionAdjustedNominal,21,21,教養娯楽（実質）,2023-04,10.8,false
distributionAdjustedNominal,22,22,その他の消費支出（実質）,2023-04,14.8,false
distributionAdjustedNominal,1,1,消費支出（名目）,2023-05,92.7,false
distributionAdjustedNominal,2,2,食料（名目）,2023-05,26.2,false
distributionAdjustedNominal,3,3,住居（名目）,2023-05,7.1,false
distributionAdjustedNominal,4,4,光熱・水道（名目）,2023-05,6.8,false
distributionAdjustedNominal,5,5,家具・家事用品（名目）,2023-05,3.9,false
distributionAdjustedNominal,6,6,被服及び履物（名目）,2023-05,3.2,false
distributionAdjustedNominal,7,7,保健医療（名目）,2023-05,4.4,false
distributionAdjustedNominal,8,8,交通・通信（名目）,2023-05,14.7,false
distributionAdjustedNominal,9,9,教育（名目）,2023-05,3.5,false
distributionAdjustedNominal,10,10,教養娯楽（名目）,2023-05,9.9,false
distributionAdjustedNominal,11,11,その他の消費支出（名目）,2023-05,12.8,false
distributionAdjustedNominal,12,12,消費支出（実質）,2023-05,99.7,false
distributionAdjustedNominal,13,13,食料（実質）,2023-05,29.3,false
distributionAdjustedNominal,14,14,住居（実質）,2023-05,7.4,false
distributionAdjustedNominal,15,15,光熱・水道（実質）,2023-05,7.5,false
distributionAdjustedNominal,16,16,家具・家事用品（実質）,2023-05,4.2,false
distributionAdjustedNominal,17,17,被服及び履物（実質）,2023-05,3.4,false
distributionAdjustedNominal,18,18,保健医療（実質）,2023-05,4.6,false
distributionAdjustedNominal,19,19,交通・通信（実質）,2023-05,15.5,false
distributionAdjustedNominal,20,20,教育（実質）,2023-05,3.4,false
distributionAdjustedNominal,21,21,教養娯楽（実質）,2023-05,10.7,false
distributionAdjustedNominal,22,22,その他の消費支出（実質）,2023-05,13.8,false
distributionAdjustedNominal,1,1,消費支出（名目）,2023-06,89.3,false
distributionAdjustedNominal,2,2,食料（名目）,2023-06,24.7,false
distributionAdjustedNominal,3,3,住居（名目）,2023-06,7.8,false
distributionAdjustedNominal,4,4,光熱・水道（名目）,2023-06,5.9,false
distributionAdjustedNominal,5,5,家具・家事用品（名目）,2023-06,3.9,false
distributionAdjustedNominal,6,6,被服及び履物（名目）,2023-06,3.1,false
distributionAdjustedNominal,7,7,保健医療（名目）,2023-06,4.5,false
distributionAdjustedNominal,8,8,交通・通信（名目）,2023-06,15.1,false
distributionAdjustedNominal,9,9,教育（名目）,2023-06,2,false
distributionAdjustedNominal,10,10,教養娯楽（名目）,2023-06,9.3,false
distributionAdjustedNominal,11,11,その他の消費支出（名目）,2023-06,12.9,false
distributionAdjustedNominal,12,12,消費支出（実質）,2023-06,95.9,false
distributionAdjustedNominal,13,13,食料（実質）,2023-06,27.7,false
distributionAdjustedNominal,14,14,住居（実質）,2023-06,8.1,false
distributionAdjustedNominal,15,15,光熱・水道（実質）,2023-06,6.4,false
distributionAdjustedNominal,16,16,家具・家事用品（実質）,2023-06,4.2,false
distributionAdjustedNominal,17,17,被服及び履物（実質）,2023-06,3.2,false
distributionAdjustedNominal,18,18,保健医療（実質）,2023-06,4.7,false
distributionAdjustedNominal,19,19,交通・通信（実質）,2023-06,15.9,false
distributionAdjustedNominal,20,20,教育（実質）,2023-06,1.9,false
distributionAdjustedNominal,21,21,教養娯楽（実質）,2023-06,10.1,false
distributionAdjustedNominal,22,22,その他の消費支出（実質）,2023-06,13.9,false
distributionAdjustedNominal,1,1,消費支出（名目）,2023-07,94.2,false
distributionAdjustedNominal,2,2,食料（名目）,2023-07,26.8,false
distributionAdjustedNominal,3,3,住居（名目）,2023-07,7.5,false
distributionAdjustedNominal,4,4,光熱・水道（名目）,2023-07,5.5,false
distributionAdjustedNominal,5,5,家具・家事用品（名目）,2023-07,5,false
distributionAdjustedNominal,6,6,被服及び履物（名目）,2023-07,3.3,false
distributionAdjustedNominal,7,7,保健医療（名目）,2023-07,4.6,false
distributionAdjustedNominal,8,8,交通・通信（名目）,2023-07,16.3,false
distributionAdjustedNominal,9,9,教育（名目）,2023-07,1.9,false
distributionAdjustedNominal,10,10,教養娯楽（名目）,2023-07,9.6,false
distributionAdjustedNominal,11,11,その他の消費支出（名目）,2023-07,13.7,false
distributionAdjustedNominal,12,12,消費支出（実質）,2023-07,100.6,false
distributionAdjustedNominal,13,13,食料（実質）,2023-07,29.8,false
distributionAdjustedNominal,14,14,住居（実質）,2023-07,7.8,false
distributionAdjustedNominal,15,15,光熱・水道（実質）,2023-07,6,false
distributionAdjustedNominal,16,16,家具・家事用品（実質）,2023-07,5.3,false
distributionAdjustedNominal,17,17,被服及び履物（実質）,2023-07,3.5,false
distributionAdjustedNominal,18,18,保健医療（実質）,2023-07,4.8,false
distributionAdjustedNominal,19,19,交通・通信（実質）,2023-07,17,false
distributionAdjustedNominal,20,20,教育（実質）,2023-07,1.8,false
distributionAdjustedNominal,21,21,教養娯楽（実質）,2023-07,10.3,false
distributionAdjustedNominal,22,22,その他の消費支出（実質）,2023-07,14.6,false
distributionAdjustedNominal,1,1,消費支出（名目）,2023-08,93.9,false
distributionAdjustedNominal,2,2,食料（名目）,2023-08,27.8,false
distributionAdjustedNominal,3,3,住居（名目）,2023-08,7.5,false
distributionAdjustedNominal,4,4,光熱・水道（名目）,2023-08,5.8,false
distributionAdjustedNominal,5,5,家具・家事用品（名目）,2023-08,4.2,false
distributionAdjustedNominal,6,6,被服及び履物（名目）,2023-08,2.3,false
distributionAdjustedNominal,7,7,保健医療（名目）,2023-08,4.6,false
distributionAdjustedNominal,8,8,交通・通信（名目）,2023-08,15.4,false
distributionAdjustedNominal,9,9,教育（名目）,2023-08,2,false
distributionAdjustedNominal,10,10,教養娯楽（名目）,2023-08,10.7,false
distributionAdjustedNominal,11,11,その他の消費支出（名目）,2023-08,13.8,false
distributionAdjustedNominal,12,12,消費支出（実質）,2023-08,100.1,false
distributionAdjustedNominal,13,13,食料（実質）,2023-08,30.7,false
distributionAdjustedNominal,14,14,住居（実質）,2023-08,7.8,false
distributionAdjustedNominal,15,15,光熱・水道（実質）,2023-08,6.5,false
distributionAdjustedNominal,16,16,家具・家事用品（実質）,2023-08,4.4,false
distributionAdjustedNominal,17,17,被服及び履物（実質）,2023-08,2.5,false
distributionAdjustedNominal,18,18,保健医療（実質）,2023-08,4.7,false
distributionAdjustedNominal,19,19,交通・通信（実質）,2023-08,15.8,false
distributionAdjustedNominal,20,20,教育（実質）,2023-08,1.9,false
distributionAdjustedNominal,21,21,教養娯楽（実質）,2023-08,11.2,false
distributionAdjustedNominal,22,22,その他の消費支出（実質）,2023-08,14.7,false
distributionAdjustedNominal,1,1,消費支出（名目）,2023-09,90.8,false
distributionAdjustedNominal,2,2,食料（名目）,2023-09,25.8,false
distributionAdjustedNominal,3,3,住居（名目）,2023-09,7.1,false
distributionAdjustedNominal,4,4,光熱・水道（名目）,2023-09,5.8,false
distributionAdjustedNominal,5,5,家具・家事用品（名目）,2023-09,3.8,false
distributionAdjustedNominal,6,6,被服及び履物（名目）,2023-09,2.2,false
distributionAdjustedNominal,7,7,保健医療（名目）,2023-09,4.5,false
distributionAdjustedNominal,8,8,交通・通信（名目）,2023-09,15.5,false
distributionAdjustedNominal,9,9,教育（名目）,2023-09,3.8,false
distributionAdjustedNominal,10,10,教養娯楽（名目）,2023-09,9.3,false
distributionAdjustedNominal,11,11,その他の消費支出（名目）,2023-09,13,false
distributionAdjustedNominal,12,12,消費支出（実質）,2023-09,96.5,false
distributionAdjustedNominal,13,13,食料（実質）,2023-09,28.2,false
distributionAdjustedNominal,14,14,住居（実質）,2023-09,7.4,false
distributionAdjustedNominal,15,15,光熱・水道（実質）,2023-09,6.7,false
distributionAdjustedNominal,16,16,家具・家事用品（実質）,2023-09,4,false
distributionAdjustedNominal,17,17,被服及び履物（実質）,2023-09,2.3,false
distributionAdjustedNominal,18,18,保健医療（実質）,2023-09,4.6,false
distributionAdjustedNominal,19,19,交通・通信（実質）,2023-09,16,false
distributionAdjustedNominal,20,20,教育（実質）,2023-09,3.6,false
distributionAdjustedNominal,21,21,教養娯楽（実質）,2023-09,9.9,false
distributionAdjustedNominal,22,22,その他の消費支出（実質）,2023-09,13.8,false
distributionAdjustedNominal,1,1,消費支出（名目）,2023-10,96.8,false
distributionAdjustedNominal,2,2,食料（名目）,2023-10,26.5,false
distributionAdjustedNominal,3,3,住居（名目）,2023-10,8,false
distributionAdjustedNominal,4,4,光熱・水道（名目）,2023-10,6,false
distributionAdjustedNominal,5,5,家具・家事用品（名目）,2023-10,3.8,false
distributionAdjustedNominal,6,6,被服及び履物（名目）,2023-10,3.4,false
distributionAdjustedNominal,7,7,保健医療（名目）,2023-10,5.1,false
distributionAdjustedNominal,8,8,交通・通信（名目）,2023-10,16.3,false
distributionAdjustedNominal,9,9,教育（名目）,2023-10,4.6,false
distributionAdjustedNominal,10,10,教養娯楽（名目）,2023-10,9.9,false
distributionAdjustedNominal,11,11,その他の消費支出（名目）,2023-10,13.3,false
distributionAdjustedNominal,12,12,消費支出（実質）,2023-10,101.7,false
distributionAdjustedNominal,13,13,食料（実質）,2023-10,28.6,false
distributionAdjustedNominal,14,14,住居（実質）,2023-10,8.3,false
distributionAdjustedNominal,15,15,光熱・水道（実質）,2023-10,6.5,false
distributionAdjustedNominal,16,16,家具・家事用品（実質）,2023-10,4,false
distributionAdjustedNominal,17,17,被服及び履物（実質）,2023-10,3.5,false
distributionAdjustedNominal,18,18,保健医療（実質）,2023-10,5.2,false
distributionAdjustedNominal,19,19,交通・通信（実質）,2023-10,16.8,false
distributionAdjustedNominal,20,20,教育（実質）,2023-10,4.3,false
distributionAdjustedNominal,21,21,教養娯楽（実質）,2023-10,10.4,false
distributionAdjustedNominal,22,22,その他の消費支出（実質）,2023-10,13.9,false
distributionAdjustedNominal,1,1,消費支出（名目）,2023-11,94.1,false
distributionAdjustedNominal,2,2,食料（名目）,2023-11,26.1,false
distributionAdjustedNominal,3,3,住居（名目）,2023-11,7.5,false
distributionAdjustedNominal,4,4,光熱・水道（名目）,2023-11,6,false
distributionAdjustedNominal,5,5,家具・家事用品（名目）,2023-11,4.2,false
distributionAdjustedNominal,6,6,被服及び履物（名目）,2023-11,3.8,false
distributionAdjustedNominal,7,7,保健医療（名目）,2023-11,4.7,false
distributionAdjustedNominal,8,8,交通・通信（名目）,2023-11,15.7,false
distributionAdjustedNominal,9,9,教育（名目）,2023-11,2.5,false
distributionAdjustedNominal,10,10,教養娯楽（名目）,2023-11,9.9,false
distributionAdjustedNominal,11,11,その他の消費支出（名目）,2023-11,13.7,false
distributionAdjustedNominal,12,12,消費支出（実質）,2023-11,99.3,false
distributionAdjustedNominal,13,13,食料（実質）,2023-11,28.4,false
distributionAdjustedNominal,14,14,住居（実質）,2023-11,7.7,false
distributionAdjustedNominal,15,15,光熱・水道（実質）,2023-11,6.5,false
distributionAdjustedNominal,16,16,家具・家事用品（実質）,2023-11,4.4,false
distributionAdjustedNominal,17,17,被服及び履物（実質）,2023-11,3.9,false
distributionAdjustedNominal,18,18,保健医療（実質）,2023-11,4.8,false
distributionAdjustedNominal,19,19,交通・通信（実質）,2023-11,16.2,false
distributionAdjustedNominal,20,20,教育（実質）,2023-11,2.4,false
distributionAdjustedNominal,21,21,教養娯楽（実質）,2023-11,10.5,false
distributionAdjustedNominal,22,22,その他の消費支出（実質）,2023-11,14.4,false
distributionAdjustedNominal,1,1,消費支出（名目）,2023-12,106.2,false
distributionAdjustedNominal,2,2,食料（名目）,2023-12,32.5,false
distributionAdjustedNominal,3,3,住居（名目）,2023-12,8,false
distributionAdjustedNominal,4,4,光熱・水道（名目）,2023-12,6.8,false
distributionAdjustedNominal,5,5,家具・家事用品（名目）,2023-12,4.7,false
distributionAdjustedNominal,6,6,被服及び履物（名目）,2023-12,3.7,false
distributionAdjustedNominal,7,7,保健医療（名目）,2023-12,5,false
distributionAdjustedNominal,8,8,交通・通信（名目）,2023-12,15.5,false
distributionAdjustedNominal,9,9,教育（名目）,2023-12,2.7,false
distributionAdjustedNominal,10,10,教養娯楽（名目）,2023-12,11.2,false
distributionAdjustedNominal,11,11,その他の消費支出（名目）,2023-12,16,false
distributionAdjustedNominal,12,12,消費支出（実質）,2023-12,112.1,false
distributionAdjustedNominal,13,13,食料（実質）,2023-12,35.5,false
distributionAdjustedNominal,14,14,住居（実質）,2023-12,8.3,false
distributionAdjustedNominal,15,15,光熱・水道（実質）,2023-12,7.4,false
distributionAdjustedNominal,16,16,家具・家事用品（実質）,2023-12,5,false
distributionAdjustedNominal,17,17,被服及び履物（実質）,2023-12,3.9,false
distributionAdjustedNominal,18,18,保健医療（実質）,2023-12,5.1,false
distributionAdjustedNominal,19,19,交通・通信（実質）,2023-12,16,false
distributionAdjustedNominal,20,20,教育（実質）,2023-12,2.5,false
distributionAdjustedNominal,21,21,教養娯楽（実質）,2023-12,11.8,false
distributionAdjustedNominal,22,22,その他の消費支出（実質）,2023-12,16.9,false
distributionAdjustedNominal,1,1,消費支出（名目）,2024-01,93.8,false
distributionAdjustedNominal,2,2,食料（名目）,2024-01,25.2,false
distributionAdjustedNominal,3,3,住居（名目）,2024-01,6.6,false
distributionAdjustedNominal,4,4,光熱・水道（名目）,2024-01,8,false
distributionAdjustedNominal,5,5,家具・家事用品（名目）,2024-01,3.9,false
distributionAdjustedNominal,6,6,被服及び履物（名目）,2024-01,3.3,false
distributionAdjustedNominal,7,7,保健医療（名目）,2024-01,4.4,false
distributionAdjustedNominal,8,8,交通・通信（名目）,2024-01,14.6,false
distributionAdjustedNominal,9,9,教育（名目）,2024-01,2.4,false
distributionAdjustedNominal,10,10,教養娯楽（名目）,2024-01,9.3,false
distributionAdjustedNominal,11,11,その他の消費支出（名目）,2024-01,16.1,false
distributionAdjustedNominal,12,12,消費支出（実質）,2024-01,98.9,false
distributionAdjustedNominal,13,13,食料（実質）,2024-01,27.4,false
distributionAdjustedNominal,14,14,住居（実質）,2024-01,6.8,false
distributionAdjustedNominal,15,15,光熱・水道（実質）,2024-01,8.7,false
distributionAdjustedNominal,16,16,家具・家事用品（実質）,2024-01,4.1,false
distributionAdjustedNominal,17,17,被服及び履物（実質）,2024-01,3.4,false
distributionAdjustedNominal,18,18,保健医療（実質）,2024-01,4.5,false
distributionAdjustedNominal,19,19,交通・通信（実質）,2024-01,15,false
distributionAdjustedNominal,20,20,教育（実質）,2024-01,2.3,false
distributionAdjustedNominal,21,21,教養娯楽（実質）,2024-01,9.8,false
distributionAdjustedNominal,22,22,その他の消費支出（実質）,2024-01,17,false
distributionAdjustedNominal,1,1,消費支出（名目）,2024-02,90.2,false
distributionAdjustedNominal,2,2,食料（名目）,2024-02,25,false
distributionAdjustedNominal,3,3,住居（名目）,2024-02,7.1,false
distributionAdjustedNominal,4,4,光熱・水道（名目）,2024-02,8.5,false
distributionAdjustedNominal,5,5,家具・家事用品（名目）,2024-02,3.2,false
distributionAdjustedNominal,6,6,被服及び履物（名目）,2024-02,2.6,false
distributionAdjustedNominal,7,7,保健医療（名目）,2024-02,4.8,false
distributionAdjustedNominal,8,8,交通・通信（名目）,2024-02,14.3,false
distributionAdjustedNominal,9,9,教育（名目）,2024-02,2.8,false
distributionAdjustedNominal,10,10,教養娯楽（名目）,2024-02,9.3,false
distributionAdjustedNominal,11,11,その他の消費支出（名目）,2024-02,12.7,false
distributionAdjustedNominal,12,12,消費支出（実質）,2024-02,95.1,false
distributionAdjustedNominal,13,13,食料（実質）,2024-02,27.3,false
distributionAdjustedNominal,14,14,住居（実質）,2024-02,7.3,false
distributionAdjustedNominal,15,15,光熱・水道（実質）,2024-02,9.2,false
distributionAdjustedNominal,16,16,家具・家事用品（実質）,2024-02,3.4,false
distributionAdjustedNominal,17,17,被服及び履物（実質）,2024-02,2.7,false
distributionAdjustedNominal,18,18,保健医療（実質）,2024-02,4.9,false
distributionAdjustedNominal,19,19,交通・通信（実質）,2024-02,14.7,false
distributionAdjustedNominal,20,20,教育（実質）,2024-02,2.6,false
distributionAdjustedNominal,21,21,教養娯楽（実質）,2024-02,9.7,false
distributionAdjustedNominal,22,22,その他の消費支出（実質）,2024-02,13.4,false
distributionAdjustedNominal,1,1,消費支出（名目）,2024-03,103.5,false
distributionAdjustedNominal,2,2,食料（名目）,2024-03,27.5,false
distributionAdjustedNominal,3,3,住居（名目）,2024-03,7.6,false
distributionAdjustedNominal,4,4,光熱・水道（名目）,2024-03,8.4,false
distributionAdjustedNominal,5,5,家具・家事用品（名目）,2024-03,3.9,false
distributionAdjustedNominal,6,6,被服及び履物（名目）,2024-03,3.6,false
distributionAdjustedNominal,7,7,保健医療（名目）,2024-03,5,false
distributionAdjustedNominal,8,8,交通・通信（名目）,2024-03,18,false
distributionAdjustedNominal,9,9,教育（名目）,2024-03,4.2,false
distributionAdjustedNominal,10,10,教養娯楽（名目）,2024-03,10.5,false
distributionAdjustedNominal,11,11,その他の消費支出（名目）,2024-03,14.9,false
distributionAdjustedNominal,12,12,消費支出（実質）,2024-03,108.8,false
distributionAdjustedNominal,13,13,食料（実質）,2024-03,29.9,false
distributionAdjustedNominal,14,14,住居（実質）,2024-03,7.8,false
distributionAdjustedNominal,15,15,光熱・水道（実質）,2024-03,9.1,false
distributionAdjustedNominal,16,16,家具・家事用品（実質）,2024-03,4.2,false
distributionAdjustedNominal,17,17,被服及び履物（実質）,2024-03,3.8,false
distributionAdjustedNominal,18,18,保健医療（実質）,2024-03,5.1,false
distributionAdjustedNominal,19,19,交通・通信（実質）,2024-03,18.6,false
distributionAdjustedNominal,20,20,教育（実質）,2024-03,3.9,false
distributionAdjustedNominal,21,21,教養娯楽（実質）,2024-03,10.8,false
distributionAdjustedNominal,22,22,その他の消費支出（実質）,2024-03,15.6,false
distributionAdjustedNominal,1,1,消費支出（名目）,2024-04,100.2,false
distributionAdjustedNominal,2,2,食料（名目）,2024-04,25.4,false
distributionAdjustedNominal,3,3,住居（名目）,2024-04,7.4,false
distributionAdjustedNominal,4,4,光熱・水道（名目）,2024-04,7.7,false
distributionAdjustedNominal,5,5,家具・家事用品（名目）,2024-04,3.7,false
distributionAdjustedNominal,6,6,被服及び履物（名目）,2024-04,3.5,false
distributionAdjustedNominal,7,7,保健医療（名目）,2024-04,4.5,false
distributionAdjustedNominal,8,8,交通・通信（名目）,2024-04,16.3,false
distributionAdjustedNominal,9,9,教育（名目）,2024-04,7.5,false
distributionAdjustedNominal,10,10,教養娯楽（名目）,2024-04,9.9,false
distributionAdjustedNominal,11,11,その他の消費支出（名目）,2024-04,14.2,false
distributionAdjustedNominal,12,12,消費支出（実質）,2024-04,104.8,false
distributionAdjustedNominal,13,13,食料（実質）,2024-04,27.4,false
distributionAdjustedNominal,14,14,住居（実質）,2024-04,7.7,false
distributionAdjustedNominal,15,15,光熱・水道（実質）,2024-04,8.3,false
distributionAdjustedNominal,16,16,家具・家事用品（実質）,2024-04,3.8,false
distributionAdjustedNominal,17,17,被服及び履物（実質）,2024-04,3.6,false
distributionAdjustedNominal,18,18,保健医療（実質）,2024-04,4.7,false
distributionAdjustedNominal,19,19,交通・通信（実質）,2024-04,16.8,false
distributionAdjustedNominal,20,20,教育（実質）,2024-04,7.2,false
distributionAdjustedNominal,21,21,教養娯楽（実質）,2024-04,10.1,false
distributionAdjustedNominal,22,22,その他の消費支出（実質）,2024-04,14.9,false
distributionAdjustedNominal,1,1,消費支出（名目）,2024-05,95.6,false
distributionAdjustedNominal,2,2,食料（名目）,2024-05,26.6,false
distributionAdjustedNominal,3,3,住居（名目）,2024-05,7.8,false
distributionAdjustedNominal,4,4,光熱・水道（名目）,2024-05,6.6,false
distributionAdjustedNominal,5,5,家具・家事用品（名目）,2024-05,4,false
distributionAdjustedNominal,6,6,被服及び履物（名目）,2024-05,3.2,false
distributionAdjustedNominal,7,7,保健医療（名目）,2024-05,4.7,false
distributionAdjustedNominal,8,8,交通・通信（名目）,2024-05,15,false
distributionAdjustedNominal,9,9,教育（名目）,2024-05,3.9,false
distributionAdjustedNominal,10,10,教養娯楽（名目）,2024-05,10,false
distributionAdjustedNominal,11,11,その他の消費支出（名目）,2024-05,13.8,false
distributionAdjustedNominal,12,12,消費支出（実質）,2024-05,99.6,false
distributionAdjustedNominal,13,13,食料（実質）,2024-05,28.6,false
distributionAdjustedNominal,14,14,住居（実質）,2024-05,8.1,false
distributionAdjustedNominal,15,15,光熱・水道（実質）,2024-05,6.9,false
distributionAdjustedNominal,16,16,家具・家事用品（実質）,2024-05,4.1,false
distributionAdjustedNominal,17,17,被服及び履物（実質）,2024-05,3.3,false
distributionAdjustedNominal,18,18,保健医療（実質）,2024-05,4.8,false
distributionAdjustedNominal,19,19,交通・通信（実質）,2024-05,15.4,false
distributionAdjustedNominal,20,20,教育（実質）,2024-05,3.7,false
distributionAdjustedNominal,21,21,教養娯楽（実質）,2024-05,10.3,false
distributionAdjustedNominal,22,22,その他の消費支出（実質）,2024-05,14.3,false
distributionAdjustedNominal,1,1,消費支出（名目）,2024-06,92.9,false
distributionAdjustedNominal,2,2,食料（名目）,2024-06,26,false
distributionAdjustedNominal,3,3,住居（名目）,2024-06,8.1,false
distributionAdjustedNominal,4,4,光熱・水道（名目）,2024-06,6,false
distributionAdjustedNominal,5,5,家具・家事用品（名目）,2024-06,4.7,false
distributionAdjustedNominal,6,6,被服及び履物（名目）,2024-06,3.2,false
distributionAdjustedNominal,7,7,保健医療（名目）,2024-06,4.7,false
distributionAdjustedNominal,8,8,交通・通信（名目）,2024-06,15.5,false
distributionAdjustedNominal,9,9,教育（名目）,2024-06,2.1,false
distributionAdjustedNominal,10,10,教養娯楽（名目）,2024-06,9.6,false
distributionAdjustedNominal,11,11,その他の消費支出（名目）,2024-06,13,false
distributionAdjustedNominal,12,12,消費支出（実質）,2024-06,96.7,false
distributionAdjustedNominal,13,13,食料（実質）,2024-06,28.2,false
distributionAdjustedNominal,14,14,住居（実質）,2024-06,8.3,false
distributionAdjustedNominal,15,15,光熱・水道（実質）,2024-06,6,false
distributionAdjustedNominal,16,16,家具・家事用品（実質）,2024-06,4.8,false
distributionAdjustedNominal,17,17,被服及び履物（実質）,2024-06,3.3,false
distributionAdjustedNominal,18,18,保健医療（実質）,2024-06,4.7,false
distributionAdjustedNominal,19,19,交通・通信（実質）,2024-06,16,false
distributionAdjustedNominal,20,20,教育（実質）,2024-06,2,false
distributionAdjustedNominal,21,21,教養娯楽（実質）,2024-06,10,false
distributionAdjustedNominal,22,22,その他の消費支出（実質）,2024-06,13.5,false
distributionAdjustedNominal,1,1,消費支出（名目）,2024-07,95.8,false
distributionAdjustedNominal,2,2,食料（名目）,2024-07,27,false
distributionAdjustedNominal,3,3,住居（名目）,2024-07,8.2,false
distributionAdjustedNominal,4,4,光熱・水道（名目）,2024-07,5.9,false
distributionAdjustedNominal,5,5,家具・家事用品（名目）,2024-07,5.1,false
distributionAdjustedNominal,6,6,被服及び履物（名目）,2024-07,3.1,false
distributionAdjustedNominal,7,7,保健医療（名目）,2024-07,4.7,false
distributionAdjustedNominal,8,8,交通・通信（名目）,2024-07,15.6,false
distributionAdjustedNominal,9,9,教育（名目）,2024-07,2.1,false
distributionAdjustedNominal,10,10,教養娯楽（名目）,2024-07,10.5,false
distributionAdjustedNominal,11,11,その他の消費支出（名目）,2024-07,13.5,false
distributionAdjustedNominal,12,12,消費支出（実質）,2024-07,99.3,false
distributionAdjustedNominal,13,13,食料（実質）,2024-07,29.2,false
distributionAdjustedNominal,14,14,住居（実質）,2024-07,8.5,false
distributionAdjustedNominal,15,15,光熱・水道（実質）,2024-07,5.8,false
distributionAdjustedNominal,16,16,家具・家事用品（実質）,2024-07,5.2,false
distributionAdjustedNominal,17,17,被服及び履物（実質）,2024-07,3.2,false
distributionAdjustedNominal,18,18,保健医療（実質）,2024-07,4.8,false
distributionAdjustedNominal,19,19,交通・通信（実質）,2024-07,16,false
distributionAdjustedNominal,20,20,教育（実質）,2024-07,2,false
distributionAdjustedNominal,21,21,教養娯楽（実質）,2024-07,10.7,false
distributionAdjustedNominal,22,22,その他の消費支出（実質）,2024-07,14,false
distributionAdjustedNominal,1,1,消費支出（名目）,2024-08,97.1,false
distributionAdjustedNominal,2,2,食料（名目）,2024-08,29.1,false
distributionAdjustedNominal,3,3,住居（名目）,2024-08,7.8,false
distributionAdjustedNominal,4,4,光熱・水道（名目）,2024-08,6.5,false
distributionAdjustedNominal,5,5,家具・家事用品（名目）,2024-08,4.6,false
distributionAdjustedNominal,6,6,被服及び履物（名目）,2024-08,2.4,false
distributionAdjustedNominal,7,7,保健医療（名目）,2024-08,4.8,false
distributionAdjustedNominal,8,8,交通・通信（名目）,2024-08,14.8,false
distributionAdjustedNominal,9,9,教育（名目）,2024-08,2.1,false
distributionAdjustedNominal,10,10,教養娯楽（名目）,2024-08,11,false
distributionAdjustedNominal,11,11,その他の消費支出（名目）,2024-08,14.1,false
distributionAdjustedNominal,12,12,消費支出（実質）,2024-08,100,false
distributionAdjustedNominal,13,13,食料（実質）,2024-08,31.2,false
distributionAdjustedNominal,14,14,住居（実質）,2024-08,8,false
distributionAdjustedNominal,15,15,光熱・水道（実質）,2024-08,6.4,false
distributionAdjustedNominal,16,16,家具・家事用品（実質）,2024-08,4.7,false
distributionAdjustedNominal,17,17,被服及び履物（実質）,2024-08,2.6,false
distributionAdjustedNominal,18,18,保健医療（実質）,2024-08,4.8,false
distributionAdjustedNominal,19,19,交通・通信（実質）,2024-08,15.1,false
distributionAdjustedNominal,20,20,教育（実質）,2024-08,2,false
distributionAdjustedNominal,21,21,教養娯楽（実質）,2024-08,11,false
distributionAdjustedNominal,22,22,その他の消費支出（実質）,2024-08,14.5,false
distributionAdjustedNominal,1,1,消費支出（名目）,2024-09,95,false
distributionAdjustedNominal,2,2,食料（名目）,2024-09,26.7,false
distributionAdjustedNominal,3,3,住居（名目）,2024-09,7.6,false
distributionAdjustedNominal,4,4,光熱・水道（名目）,2024-09,6.9,false
distributionAdjustedNominal,5,5,家具・家事用品（名目）,2024-09,3.9,false
distributionAdjustedNominal,6,6,被服及び履物（名目）,2024-09,2.4,false
distributionAdjustedNominal,7,7,保健医療（名目）,2024-09,4.5,false
distributionAdjustedNominal,8,8,交通・通信（名目）,2024-09,16,false
distributionAdjustedNominal,9,9,教育（名目）,2024-09,4.1,false
distributionAdjustedNominal,10,10,教養娯楽（名目）,2024-09,9.8,false
distributionAdjustedNominal,11,11,その他の消費支出（名目）,2024-09,13.2,false
distributionAdjustedNominal,12,12,消費支出（実質）,2024-09,98.1,false
distributionAdjustedNominal,13,13,食料（実質）,2024-09,28.2,false
distributionAdjustedNominal,14,14,住居（実質）,2024-09,7.8,false
distributionAdjustedNominal,15,15,光熱・水道（実質）,2024-09,7.3,false
distributionAdjustedNominal,16,16,家具・家事用品（実質）,2024-09,3.9,false
distributionAdjustedNominal,17,17,被服及び履物（実質）,2024-09,2.5,false
distributionAdjustedNominal,18,18,保健医療（実質）,2024-09,4.5,false
distributionAdjustedNominal,19,19,交通・通信（実質）,2024-09,16.4,false
distributionAdjustedNominal,20,20,教育（実質）,2024-09,3.9,false
distributionAdjustedNominal,21,21,教養娯楽（実質）,2024-09,10,false
distributionAdjustedNominal,22,22,その他の消費支出（実質）,2024-09,13.6,false
distributionAdjustedNominal,1,1,消費支出（名目）,2024-10,97.9,false
distributionAdjustedNominal,2,2,食料（名目）,2024-10,27.2,false
distributionAdjustedNominal,3,3,住居（名目）,2024-10,7.8,false
distributionAdjustedNominal,4,4,光熱・水道（名目）,2024-10,6.7,false
distributionAdjustedNominal,5,5,家具・家事用品（名目）,2024-10,3.8,false
distributionAdjustedNominal,6,6,被服及び履物（名目）,2024-10,3,false
distributionAdjustedNominal,7,7,保健医療（名目）,2024-10,4.9,false
distributionAdjustedNominal,8,8,交通・通信（名目）,2024-10,16,false
distributionAdjustedNominal,9,9,教育（名目）,2024-10,4.7,false
distributionAdjustedNominal,10,10,教養娯楽（名目）,2024-10,10.1,false
distributionAdjustedNominal,11,11,その他の消費支出（名目）,2024-10,13.7,false
distributionAdjustedNominal,12,12,消費支出（実質）,2024-10,100.4,false
distributionAdjustedNominal,13,13,食料（実質）,2024-10,28.5,false
distributionAdjustedNominal,14,14,住居（実質）,2024-10,7.9,false
distributionAdjustedNominal,15,15,光熱・水道（実質）,2024-10,7,false
distributionAdjustedNominal,16,16,家具・家事用品（実質）,2024-10,3.8,false
distributionAdjustedNominal,17,17,被服及び履物（実質）,2024-10,3.1,false
distributionAdjustedNominal,18,18,保健医療（実質）,2024-10,5,false
distributionAdjustedNominal,19,19,交通・通信（実質）,2024-10,16.4,false
distributionAdjustedNominal,20,20,教育（実質）,2024-10,4.5,false
distributionAdjustedNominal,21,21,教養娯楽（実質）,2024-10,10.3,false
distributionAdjustedNominal,22,22,その他の消費支出（実質）,2024-10,14,false
distributionAdjustedNominal,1,1,消費支出（名目）,2024-11,96.3,false
distributionAdjustedNominal,2,2,食料（名目）,2024-11,27.4,false
distributionAdjustedNominal,3,3,住居（名目）,2024-11,8.2,false
distributionAdjustedNominal,4,4,光熱・水道（名目）,2024-11,6.2,false
distributionAdjustedNominal,5,5,家具・家事用品（名目）,2024-11,4.1,false
distributionAdjustedNominal,6,6,被服及び履物（名目）,2024-11,3.6,false
distributionAdjustedNominal,7,7,保健医療（名目）,2024-11,5,false
distributionAdjustedNominal,8,8,交通・通信（名目）,2024-11,15.4,false
distributionAdjustedNominal,9,9,教育（名目）,2024-11,2.7,false
distributionAdjustedNominal,10,10,教養娯楽（名目）,2024-11,10.1,false
distributionAdjustedNominal,11,11,その他の消費支出（名目）,2024-11,13.5,false
distributionAdjustedNominal,12,12,消費支出（実質）,2024-11,98.3,false
distributionAdjustedNominal,13,13,食料（実質）,2024-11,28.4,false
distributionAdjustedNominal,14,14,住居（実質）,2024-11,8.3,false
distributionAdjustedNominal,15,15,光熱・水道（実質）,2024-11,6.4,false
distributionAdjustedNominal,16,16,家具・家事用品（実質）,2024-11,4.1,false
distributionAdjustedNominal,17,17,被服及び履物（実質）,2024-11,3.6,false
distributionAdjustedNominal,18,18,保健医療（実質）,2024-11,5,false
distributionAdjustedNominal,19,19,交通・通信（実質）,2024-11,15.8,false
distributionAdjustedNominal,20,20,教育（実質）,2024-11,2.6,false
distributionAdjustedNominal,21,21,教養娯楽（実質）,2024-11,10.3,false
distributionAdjustedNominal,22,22,その他の消費支出（実質）,2024-11,13.8,false
distributionAdjustedNominal,1,1,消費支出（名目）,2024-12,111.8,false
distributionAdjustedNominal,2,2,食料（名目）,2024-12,34.1,false
distributionAdjustedNominal,3,3,住居（名目）,2024-12,8.3,false
distributionAdjustedNominal,4,4,光熱・水道（名目）,2024-12,7.4,false
distributionAdjustedNominal,5,5,家具・家事用品（名目）,2024-12,4.9,false
distributionAdjustedNominal,6,6,被服及び履物（名目）,2024-12,3.9,false
distributionAdjustedNominal,7,7,保健医療（名目）,2024-12,5.4,false
distributionAdjustedNominal,8,8,交通・通信（名目）,2024-12,16.2,false
distributionAdjustedNominal,9,9,教育（名目）,2024-12,2.6,false
distributionAdjustedNominal,10,10,教養娯楽（名目）,2024-12,11.9,false
distributionAdjustedNominal,11,11,その他の消費支出（名目）,2024-12,17.1,false
distributionAdjustedNominal,12,12,消費支出（実質）,2024-12,113.2,false
distributionAdjustedNominal,13,13,食料（実質）,2024-12,35,false
distributionAdjustedNominal,14,14,住居（実質）,2024-12,8.5,false
distributionAdjustedNominal,15,15,光熱・水道（実質）,2024-12,7.2,false
distributionAdjustedNominal,16,16,家具・家事用品（実質）,2024-12,5,false
distributionAdjustedNominal,17,17,被服及び履物（実質）,2024-12,4,false
distributionAdjustedNominal,18,18,保健医療（実質）,2024-12,5.4,false
distributionAdjustedNominal,19,19,交通・通信（実質）,2024-12,16.5,false
distributionAdjustedNominal,20,20,教育（実質）,2024-12,2.5,false
distributionAdjustedNominal,21,21,教養娯楽（実質）,2024-12,12,false
distributionAdjustedNominal,22,22,その他の消費支出（実質）,2024-12,17.3,false
distributionAdjustedNominal,1,1,消費支出（名目）,2025-01,97.9,false
distributionAdjustedNominal,2,2,食料（名目）,2025-01,26.6,false
distributionAdjustedNominal,3,3,住居（名目）,2025-01,7.2,false
distributionAdjustedNominal,4,4,光熱・水道（名目）,2025-01,9.1,false
distributionAdjustedNominal,5,5,家具・家事用品（名目）,2025-01,3.5,false
distributionAdjustedNominal,6,6,被服及び履物（名目）,2025-01,3.3,false
distributionAdjustedNominal,7,7,保健医療（名目）,2025-01,4.7,false
distributionAdjustedNominal,8,8,交通・通信（名目）,2025-01,14.8,false
distributionAdjustedNominal,9,9,教育（名目）,2025-01,2.5,false
distributionAdjustedNominal,10,10,教養娯楽（名目）,2025-01,9.6,false
distributionAdjustedNominal,11,11,その他の消費支出（名目）,2025-01,16.6,false
distributionAdjustedNominal,12,12,消費支出（実質）,2025-01,98.7,false
distributionAdjustedNominal,13,13,食料（実質）,2025-01,26.9,false
distributionAdjustedNominal,14,14,住居（実質）,2025-01,7.2,false
distributionAdjustedNominal,15,15,光熱・水道（実質）,2025-01,8.9,false
distributionAdjustedNominal,16,16,家具・家事用品（実質）,2025-01,3.6,false
distributionAdjustedNominal,17,17,被服及び履物（実質）,2025-01,3.3,false
distributionAdjustedNominal,18,18,保健医療（実質）,2025-01,4.7,false
distributionAdjustedNominal,19,19,交通・通信（実質）,2025-01,15,false
distributionAdjustedNominal,20,20,教育（実質）,2025-01,2.4,false
distributionAdjustedNominal,21,21,教養娯楽（実質）,2025-01,9.8,false
distributionAdjustedNominal,22,22,その他の消費支出（実質）,2025-01,16.8,false
distributionAdjustedNominal,1,1,消費支出（名目）,2025-02,92.8,false
distributionAdjustedNominal,2,2,食料（名目）,2025-02,25.7,false
distributionAdjustedNominal,3,3,住居（名目）,2025-02,7.5,false
distributionAdjustedNominal,4,4,光熱・水道（名目）,2025-02,9.9,false
distributionAdjustedNominal,5,5,家具・家事用品（名目）,2025-02,3.1,false
distributionAdjustedNominal,6,6,被服及び履物（名目）,2025-02,2.4,false
distributionAdjustedNominal,7,7,保健医療（名目）,2025-02,4.6,false
distributionAdjustedNominal,8,8,交通・通信（名目）,2025-02,14.6,false
distributionAdjustedNominal,9,9,教育（名目）,2025-02,2.9,false
distributionAdjustedNominal,10,10,教養娯楽（名目）,2025-02,9.5,false
distributionAdjustedNominal,11,11,その他の消費支出（名目）,2025-02,12.7,false
distributionAdjustedNominal,12,12,消費支出（実質）,2025-02,94,false
distributionAdjustedNominal,13,13,食料（実質）,2025-02,26.1,false
distributionAdjustedNominal,14,14,住居（実質）,2025-02,7.5,false
distributionAdjustedNominal,15,15,光熱・水道（実質）,2025-02,10.1,false
distributionAdjustedNominal,16,16,家具・家事用品（実質）,2025-02,3.2,false
distributionAdjustedNominal,17,17,被服及び履物（実質）,2025-02,2.4,false
distributionAdjustedNominal,18,18,保健医療（実質）,2025-02,4.7,false
distributionAdjustedNominal,19,19,交通・通信（実質）,2025-02,14.7,false
distributionAdjustedNominal,20,20,教育（実質）,2025-02,2.9,false
distributionAdjustedNominal,21,21,教養娯楽（実質）,2025-02,9.7,false
distributionAdjustedNominal,22,22,その他の消費支出（実質）,2025-02,12.8,false
distributionAdjustedNominal,1,1,消費支出（名目）,2025-03,107,false
distributionAdjustedNominal,2,2,食料（名目）,2025-03,29,false
distributionAdjustedNominal,3,3,住居（名目）,2025-03,7.5,false
distributionAdjustedNominal,4,4,光熱・水道（名目）,2025-03,9.5,false
distributionAdjustedNominal,5,5,家具・家事用品（名目）,2025-03,4,false
distributionAdjustedNominal,6,6,被服及び履物（名目）,2025-03,3.4,false
distributionAdjustedNominal,7,7,保健医療（名目）,2025-03,4.8,false
distributionAdjustedNominal,8,8,交通・通信（名目）,2025-03,17.8,false
distributionAdjustedNominal,9,9,教育（名目）,2025-03,4,false
distributionAdjustedNominal,10,10,教養娯楽（名目）,2025-03,10.8,false
distributionAdjustedNominal,11,11,その他の消費支出（名目）,2025-03,16.2,false
distributionAdjustedNominal,12,12,消費支出（実質）,2025-03,108,false
distributionAdjustedNominal,13,13,食料（実質）,2025-03,29.3,false
distributionAdjustedNominal,14,14,住居（実質）,2025-03,7.5,false
distributionAdjustedNominal,15,15,光熱・水道（実質）,2025-03,9.7,false
distributionAdjustedNominal,16,16,家具・家事用品（実質）,2025-03,4,false
distributionAdjustedNominal,17,17,被服及び履物（実質）,2025-03,3.5,false
distributionAdjustedNominal,18,18,保健医療（実質）,2025-03,4.8,false
distributionAdjustedNominal,19,19,交通・通信（実質）,2025-03,18,false
distributionAdjustedNominal,20,20,教育（実質）,2025-03,3.9,false
distributionAdjustedNominal,21,21,教養娯楽（実質）,2025-03,10.9,false
distributionAdjustedNominal,22,22,その他の消費支出（実質）,2025-03,16.4,false
distributionAdjustedNominal,1,1,消費支出（名目）,2025-04,102.4,false
distributionAdjustedNominal,2,2,食料（名目）,2025-04,27,false
distributionAdjustedNominal,3,3,住居（名目）,2025-04,7.7,false
distributionAdjustedNominal,4,4,光熱・水道（名目）,2025-04,8.3,false
distributionAdjustedNominal,5,5,家具・家事用品（名目）,2025-04,3.8,false
distributionAdjustedNominal,6,6,被服及び履物（名目）,2025-04,3.5,false
distributionAdjustedNominal,7,7,保健医療（名目）,2025-04,4.7,false
distributionAdjustedNominal,8,8,交通・通信（名目）,2025-04,15.4,false
distributionAdjustedNominal,9,9,教育（名目）,2025-04,7,false
distributionAdjustedNominal,10,10,教養娯楽（名目）,2025-04,10.8,false
distributionAdjustedNominal,11,11,その他の消費支出（名目）,2025-04,14.1,false
distributionAdjustedNominal,12,12,消費支出（実質）,2025-04,102.8,false
distributionAdjustedNominal,13,13,食料（実質）,2025-04,27.3,false
distributionAdjustedNominal,14,14,住居（実質）,2025-04,7.7,false
distributionAdjustedNominal,15,15,光熱・水道（実質）,2025-04,8.3,false
distributionAdjustedNominal,16,16,家具・家事用品（実質）,2025-04,3.8,false
distributionAdjustedNominal,17,17,被服及び履物（実質）,2025-04,3.5,false
distributionAdjustedNominal,18,18,保健医療（実質）,2025-04,4.7,false
distributionAdjustedNominal,19,19,交通・通信（実質）,2025-04,15.5,false
distributionAdjustedNominal,20,20,教育（実質）,2025-04,7.1,false
distributionAdjustedNominal,21,21,教養娯楽（実質）,2025-04,10.7,false
distributionAdjustedNominal,22,22,その他の消費支出（実質）,2025-04,14.2,false
distributionAdjustedNominal,1,1,消費支出（名目）,2025-05,99.6,false
distributionAdjustedNominal,2,2,食料（名目）,2025-05,28.5,false
distributionAdjustedNominal,3,3,住居（名目）,2025-05,7.7,false
distributionAdjustedNominal,4,4,光熱・水道（名目）,2025-05,7.1,false
distributionAdjustedNominal,5,5,家具・家事用品（名目）,2025-05,4.2,false
distributionAdjustedNominal,6,6,被服及び履物（名目）,2025-05,3.4,false
distributionAdjustedNominal,7,7,保健医療（名目）,2025-05,4.7,false
distributionAdjustedNominal,8,8,交通・通信（名目）,2025-05,16.1,false
distributionAdjustedNominal,9,9,教育（名目）,2025-05,3.5,false
distributionAdjustedNominal,10,10,教養娯楽（名目）,2025-05,10.7,false
distributionAdjustedNominal,11,11,その他の消費支出（名目）,2025-05,13.8,false
distributionAdjustedNominal,12,12,消費支出（実質）,2025-05,99.6,false
distributionAdjustedNominal,13,13,食料（実質）,2025-05,28.8,false
distributionAdjustedNominal,14,14,住居（実質）,2025-05,7.8,false
distributionAdjustedNominal,15,15,光熱・水道（実質）,2025-05,6.8,false
distributionAdjustedNominal,16,16,家具・家事用品（実質）,2025-05,4.2,false
distributionAdjustedNominal,17,17,被服及び履物（実質）,2025-05,3.4,false
distributionAdjustedNominal,18,18,保健医療（実質）,2025-05,4.7,false
distributionAdjustedNominal,19,19,交通・通信（実質）,2025-05,16.2,false
distributionAdjustedNominal,20,20,教育（実質）,2025-05,3.5,false
distributionAdjustedNominal,21,21,教養娯楽（実質）,2025-05,10.6,false
distributionAdjustedNominal,22,22,その他の消費支出（実質）,2025-05,13.8,false
distributionAdjustedNominal,1,1,消費支出（名目）,2025-06,94.8,false
distributionAdjustedNominal,2,2,食料（名目）,2025-06,27.4,false
distributionAdjustedNominal,3,3,住居（名目）,2025-06,7.7,false
distributionAdjustedNominal,4,4,光熱・水道（名目）,2025-06,6.5,false
distributionAdjustedNominal,5,5,家具・家事用品（名目）,2025-06,4.7,false
distributionAdjustedNominal,6,6,被服及び履物（名目）,2025-06,3.1,false
distributionAdjustedNominal,7,7,保健医療（名目）,2025-06,5.1,false
distributionAdjustedNominal,8,8,交通・通信（名目）,2025-06,15.1,false
distributionAdjustedNominal,9,9,教育（名目）,2025-06,1.8,false
distributionAdjustedNominal,10,10,教養娯楽（名目）,2025-06,10,false
distributionAdjustedNominal,11,11,その他の消費支出（名目）,2025-06,13.4,false
distributionAdjustedNominal,12,12,消費支出（実質）,2025-06,94.9,false
distributionAdjustedNominal,13,13,食料（実質）,2025-06,27.6,false
distributionAdjustedNominal,14,14,住居（実質）,2025-06,7.7,false
distributionAdjustedNominal,15,15,光熱・水道（実質）,2025-06,6.4,false
distributionAdjustedNominal,16,16,家具・家事用品（実質）,2025-06,4.7,false
distributionAdjustedNominal,17,17,被服及び履物（実質）,2025-06,3.1,false
distributionAdjustedNominal,18,18,保健医療（実質）,2025-06,5,false
distributionAdjustedNominal,19,19,交通・通信（実質）,2025-06,15.1,false
distributionAdjustedNominal,20,20,教育（実質）,2025-06,1.8,false
distributionAdjustedNominal,21,21,教養娯楽（実質）,2025-06,10.1,false
distributionAdjustedNominal,22,22,その他の消費支出（実質）,2025-06,13.4,false
distributionAdjustedNominal,1,1,消費支出（名目）,2025-07,97.6,false
distributionAdjustedNominal,2,2,食料（名目）,2025-07,28.5,false
distributionAdjustedNominal,3,3,住居（名目）,2025-07,7.7,false
distributionAdjustedNominal,4,4,光熱・水道（名目）,2025-07,6.2,false
distributionAdjustedNominal,5,5,家具・家事用品（名目）,2025-07,5.2,false
distributionAdjustedNominal,6,6,被服及び履物（名目）,2025-07,3.1,false
distributionAdjustedNominal,7,7,保健医療（名目）,2025-07,5,false
distributionAdjustedNominal,8,8,交通・通信（名目）,2025-07,16,false
distributionAdjustedNominal,9,9,教育（名目）,2025-07,2.1,false
distributionAdjustedNominal,10,10,教養娯楽（名目）,2025-07,10.4,false
distributionAdjustedNominal,11,11,その他の消費支出（名目）,2025-07,13.5,false
distributionAdjustedNominal,12,12,消費支出（実質）,2025-07,97.5,false
distributionAdjustedNominal,13,13,食料（実質）,2025-07,28.6,false
distributionAdjustedNominal,14,14,住居（実質）,2025-07,7.7,false
distributionAdjustedNominal,15,15,光熱・水道（実質）,2025-07,6.1,false
distributionAdjustedNominal,16,16,家具・家事用品（実質）,2025-07,5.1,false
distributionAdjustedNominal,17,17,被服及び履物（実質）,2025-07,3.1,false
distributionAdjustedNominal,18,18,保健医療（実質）,2025-07,5,false
distributionAdjustedNominal,19,19,交通・通信（実質）,2025-07,16,false
distributionAdjustedNominal,20,20,教育（実質）,2025-07,2.1,false
distributionAdjustedNominal,21,21,教養娯楽（実質）,2025-07,10.4,false
distributionAdjustedNominal,22,22,その他の消費支出（実質）,2025-07,13.4,false
distributionAdjustedNominal,1,1,消費支出（名目）,2025-08,100.8,false
distributionAdjustedNominal,2,2,食料（名目）,2025-08,30.7,false
distributionAdjustedNominal,3,3,住居（名目）,2025-08,7.9,false
distributionAdjustedNominal,4,4,光熱・水道（名目）,2025-08,6.4,false
distributionAdjustedNominal,5,5,家具・家事用品（名目）,2025-08,4.4,false
distributionAdjustedNominal,6,6,被服及び履物（名目）,2025-08,2.6,false
distributionAdjustedNominal,7,7,保健医療（名目）,2025-08,4.9,false
distributionAdjustedNominal,8,8,交通・通信（名目）,2025-08,15.2,false
distributionAdjustedNominal,9,9,教育（名目）,2025-08,2,false
distributionAdjustedNominal,10,10,教養娯楽（名目）,2025-08,11.9,false
distributionAdjustedNominal,11,11,その他の消費支出（名目）,2025-08,14.7,false
distributionAdjustedNominal,12,12,消費支出（実質）,2025-08,100.5,false
distributionAdjustedNominal,13,13,食料（実質）,2025-08,30.5,false
distributionAdjustedNominal,14,14,住居（実質）,2025-08,7.8,false
distributionAdjustedNominal,15,15,光熱・水道（実質）,2025-08,6.6,false
distributionAdjustedNominal,16,16,家具・家事用品（実質）,2025-08,4.4,false
distributionAdjustedNominal,17,17,被服及び履物（実質）,2025-08,2.6,false
distributionAdjustedNominal,18,18,保健医療（実質）,2025-08,4.9,false
distributionAdjustedNominal,19,19,交通・通信（実質）,2025-08,15.1,false
distributionAdjustedNominal,20,20,教育（実質）,2025-08,2,false
distributionAdjustedNominal,21,21,教養娯楽（実質）,2025-08,11.8,false
distributionAdjustedNominal,22,22,その他の消費支出（実質）,2025-08,14.7,false
distributionAdjustedNominal,1,1,消費支出（名目）,2025-09,97.8,false
distributionAdjustedNominal,2,2,食料（名目）,2025-09,28,false
distributionAdjustedNominal,3,3,住居（名目）,2025-09,7.2,false
distributionAdjustedNominal,4,4,光熱・水道（名目）,2025-09,6.8,false
distributionAdjustedNominal,5,5,家具・家事用品（名目）,2025-09,4,false
distributionAdjustedNominal,6,6,被服及び履物（名目）,2025-09,2.3,false
distributionAdjustedNominal,7,7,保健医療（名目）,2025-09,5,false
distributionAdjustedNominal,8,8,交通・通信（名目）,2025-09,16.6,false
distributionAdjustedNominal,9,9,教育（名目）,2025-09,3.5,false
distributionAdjustedNominal,10,10,教養娯楽（名目）,2025-09,10.4,false
distributionAdjustedNominal,11,11,その他の消費支出（名目）,2025-09,13.9,false
distributionAdjustedNominal,12,12,消費支出（実質）,2025-09,97.7,false
distributionAdjustedNominal,13,13,食料（実質）,2025-09,27.8,false
distributionAdjustedNominal,14,14,住居（実質）,2025-09,7.2,false
distributionAdjustedNominal,15,15,光熱・水道（実質）,2025-09,7.1,false
distributionAdjustedNominal,16,16,家具・家事用品（実質）,2025-09,4,false
distributionAdjustedNominal,17,17,被服及び履物（実質）,2025-09,2.3,false
distributionAdjustedNominal,18,18,保健医療（実質）,2025-09,5,false
distributionAdjustedNominal,19,19,交通・通信（実質）,2025-09,16.5,false
distributionAdjustedNominal,20,20,教育（実質）,2025-09,3.6,false
distributionAdjustedNominal,21,21,教養娯楽（実質）,2025-09,10.4,false
distributionAdjustedNominal,22,22,その他の消費支出（実質）,2025-09,13.9,false
distributionAdjustedNominal,1,1,消費支出（名目）,2025-10,97.7,false
distributionAdjustedNominal,2,2,食料（名目）,2025-10,28.5,false
distributionAdjustedNominal,3,3,住居（名目）,2025-10,7.8,false
distributionAdjustedNominal,4,4,光熱・水道（名目）,2025-10,6.6,false
distributionAdjustedNominal,5,5,家具・家事用品（名目）,2025-10,3.7,false
distributionAdjustedNominal,6,6,被服及び履物（名目）,2025-10,3.2,false
distributionAdjustedNominal,7,7,保健医療（名目）,2025-10,5.2,false
distributionAdjustedNominal,8,8,交通・通信（名目）,2025-10,14.8,false
distributionAdjustedNominal,9,9,教育（名目）,2025-10,4.1,false
distributionAdjustedNominal,10,10,教養娯楽（名目）,2025-10,10.7,false
distributionAdjustedNominal,11,11,その他の消費支出（名目）,2025-10,13.1,false
distributionAdjustedNominal,12,12,消費支出（実質）,2025-10,97,false
distributionAdjustedNominal,13,13,食料（実質）,2025-10,28,false
distributionAdjustedNominal,14,14,住居（実質）,2025-10,7.8,false
distributionAdjustedNominal,15,15,光熱・水道（実質）,2025-10,6.8,false
distributionAdjustedNominal,16,16,家具・家事用品（実質）,2025-10,3.6,false
distributionAdjustedNominal,17,17,被服及び履物（実質）,2025-10,3.2,false
distributionAdjustedNominal,18,18,保健医療（実質）,2025-10,5.1,false
distributionAdjustedNominal,19,19,交通・通信（実質）,2025-10,14.6,false
distributionAdjustedNominal,20,20,教育（実質）,2025-10,4.1,false
distributionAdjustedNominal,21,21,教養娯楽（実質）,2025-10,10.6,false
distributionAdjustedNominal,22,22,その他の消費支出（実質）,2025-10,13,false
distributionAdjustedNominal,1,1,消費支出（名目）,2025-11,100,false
distributionAdjustedNominal,2,2,食料（名目）,2025-11,29.2,false
distributionAdjustedNominal,3,3,住居（名目）,2025-11,7.6,false
distributionAdjustedNominal,4,4,光熱・水道（名目）,2025-11,6.4,false
distributionAdjustedNominal,5,5,家具・家事用品（名目）,2025-11,4.4,false
distributionAdjustedNominal,6,6,被服及び履物（名目）,2025-11,4,false
distributionAdjustedNominal,7,7,保健医療（名目）,2025-11,5.2,false
distributionAdjustedNominal,8,8,交通・通信（名目）,2025-11,16,false
distributionAdjustedNominal,9,9,教育（名目）,2025-11,2.6,false
distributionAdjustedNominal,10,10,教養娯楽（名目）,2025-11,11.2,false
distributionAdjustedNominal,11,11,その他の消費支出（名目）,2025-11,13.4,false
distributionAdjustedNominal,12,12,消費支出（実質）,2025-11,98.8,false
distributionAdjustedNominal,13,13,食料（実質）,2025-11,28.7,false
distributionAdjustedNominal,14,14,住居（実質）,2025-11,7.5,false
distributionAdjustedNominal,15,15,光熱・水道（実質）,2025-11,6.3,false
distributionAdjustedNominal,16,16,家具・家事用品（実質）,2025-11,4.4,false
distributionAdjustedNominal,17,17,被服及び履物（実質）,2025-11,3.9,false
distributionAdjustedNominal,18,18,保健医療（実質）,2025-11,5.2,false
distributionAdjustedNominal,19,19,交通・通信（実質）,2025-11,15.8,false
distributionAdjustedNominal,20,20,教育（実質）,2025-11,2.7,false
distributionAdjustedNominal,21,21,教養娯楽（実質）,2025-11,11.1,false
distributionAdjustedNominal,22,22,その他の消費支出（実質）,2025-11,13.2,false
distributionAdjustedNominal,1,1,消費支出（名目）,2025-12,111.4,false
distributionAdjustedNominal,2,2,食料（名目）,2025-12,34.9,false
distributionAdjustedNominal,3,3,住居（名目）,2025-12,8.4,false
distributionAdjustedNominal,4,4,光熱・水道（名目）,2025-12,7.4,false
distributionAdjustedNominal,5,5,家具・家事用品（名目）,2025-12,4.6,false
distributionAdjustedNominal,6,6,被服及び履物（名目）,2025-12,3.8,false
distributionAdjustedNominal,7,7,保健医療（名目）,2025-12,5.6,false
distributionAdjustedNominal,8,8,交通・通信（名目）,2025-12,15.4,false
distributionAdjustedNominal,9,9,教育（名目）,2025-12,2.9,false
distributionAdjustedNominal,10,10,教養娯楽（名目）,2025-12,12.2,false
distributionAdjustedNominal,11,11,その他の消費支出（名目）,2025-12,16.3,false
distributionAdjustedNominal,12,12,消費支出（実質）,2025-12,110.3,false
distributionAdjustedNominal,13,13,食料（実質）,2025-12,34.2,false
distributionAdjustedNominal,14,14,住居（実質）,2025-12,8.3,false
distributionAdjustedNominal,15,15,光熱・水道（実質）,2025-12,7.3,false
distributionAdjustedNominal,16,16,家具・家事用品（実質）,2025-12,4.7,false
distributionAdjustedNominal,17,17,被服及び履物（実質）,2025-12,3.8,false
distributionAdjustedNominal,18,18,保健医療（実質）,2025-12,5.6,false
distributionAdjustedNominal,19,19,交通・通信（実質）,2025-12,15.4,false
distributionAdjustedNominal,20,20,教育（実質）,2025-12,2.9,false
distributionAdjustedNominal,21,21,教養娯楽（実質）,2025-12,12.1,false
distributionAdjustedNominal,22,22,その他の消費支出（実質）,2025-12,16.2,false
distributionAdjustedNominal,1,1,消費支出（名目）,2026-01,98.2,false
distributionAdjustedNominal,2,2,食料（名目）,2026-01,27.9,false
distributionAdjustedNominal,3,3,住居（名目）,2026-01,7.5,false
distributionAdjustedNominal,4,4,光熱・水道（名目）,2026-01,8.6,false
distributionAdjustedNominal,5,5,家具・家事用品（名目）,2026-01,3.9,false
distributionAdjustedNominal,6,6,被服及び履物（名目）,2026-01,3.2,false
distributionAdjustedNominal,7,7,保健医療（名目）,2026-01,4.8,false
distributionAdjustedNominal,8,8,交通・通信（名目）,2026-01,14.2,false
distributionAdjustedNominal,9,9,教育（名目）,2026-01,2.1,false
distributionAdjustedNominal,10,10,教養娯楽（名目）,2026-01,10.2,false
distributionAdjustedNominal,11,11,その他の消費支出（名目）,2026-01,15.7,false
distributionAdjustedNominal,12,12,消費支出（実質）,2026-01,97.3,false
distributionAdjustedNominal,13,13,食料（実質）,2026-01,27.2,false
distributionAdjustedNominal,14,14,住居（実質）,2026-01,7.5,false
distributionAdjustedNominal,15,15,光熱・水道（実質）,2026-01,8.6,false
distributionAdjustedNominal,16,16,家具・家事用品（実質）,2026-01,3.9,false
distributionAdjustedNominal,17,17,被服及び履物（実質）,2026-01,3.2,false
distributionAdjustedNominal,18,18,保健医療（実質）,2026-01,4.7,false
distributionAdjustedNominal,19,19,交通・通信（実質）,2026-01,14.2,false
distributionAdjustedNominal,20,20,教育（実質）,2026-01,2.1,false
distributionAdjustedNominal,21,21,教養娯楽（実質）,2026-01,10.3,false
distributionAdjustedNominal,22,22,その他の消費支出（実質）,2026-01,15.6,false
distributionAdjustedNominal,1,1,消費支出（名目）,2026-02,92.9,false
distributionAdjustedNominal,2,2,食料（名目）,2026-02,26.2,false
distributionAdjustedNominal,3,3,住居（名目）,2026-02,7.7,false
distributionAdjustedNominal,4,4,光熱・水道（名目）,2026-02,9.2,false
distributionAdjustedNominal,5,5,家具・家事用品（名目）,2026-02,3.2,false
distributionAdjustedNominal,6,6,被服及び履物（名目）,2026-02,2.5,false
distributionAdjustedNominal,7,7,保健医療（名目）,2026-02,4.7,false
distributionAdjustedNominal,8,8,交通・通信（名目）,2026-02,14.7,false
distributionAdjustedNominal,9,9,教育（名目）,2026-02,2.3,false
distributionAdjustedNominal,10,10,教養娯楽（名目）,2026-02,10.2,false
distributionAdjustedNominal,11,11,その他の消費支出（名目）,2026-02,12.2,false
distributionAdjustedNominal,12,12,消費支出（実質）,2026-02,92.7,false
distributionAdjustedNominal,13,13,食料（実質）,2026-02,25.6,false
distributionAdjustedNominal,14,14,住居（実質）,2026-02,7.6,false
distributionAdjustedNominal,15,15,光熱・水道（実質）,2026-02,10,false
distributionAdjustedNominal,16,16,家具・家事用品（実質）,2026-02,3.2,false
distributionAdjustedNominal,17,17,被服及び履物（実質）,2026-02,2.5,false
distributionAdjustedNominal,18,18,保健医療（実質）,2026-02,4.6,false
distributionAdjustedNominal,19,19,交通・通信（実質）,2026-02,14.7,false
distributionAdjustedNominal,20,20,教育（実質）,2026-02,2.3,false
distributionAdjustedNominal,21,21,教養娯楽（実質）,2026-02,10.2,false
distributionAdjustedNominal,22,22,その他の消費支出（実質）,2026-02,12.2,false
distributionAdjustedNominal,1,1,消費支出（名目）,2026-03,106.5,false
distributionAdjustedNominal,2,2,食料（名目）,2026-03,29.2,false
distributionAdjustedNominal,3,3,住居（名目）,2026-03,7.9,false
distributionAdjustedNominal,4,4,光熱・水道（名目）,2026-03,8.8,false
distributionAdjustedNominal,5,5,家具・家事用品（名目）,2026-03,4.5,false
distributionAdjustedNominal,6,6,被服及び履物（名目）,2026-03,3.5,false
distributionAdjustedNominal,7,7,保健医療（名目）,2026-03,5.5,false
distributionAdjustedNominal,8,8,交通・通信（名目）,2026-03,17,false
distributionAdjustedNominal,9,9,教育（名目）,2026-03,4.1,false
distributionAdjustedNominal,10,10,教養娯楽（名目）,2026-03,11.8,false
distributionAdjustedNominal,11,11,その他の消費支出（名目）,2026-03,14.3,false
distributionAdjustedNominal,12,12,消費支出（実質）,2026-03,105.8,false
distributionAdjustedNominal,13,13,食料（実質）,2026-03,28.6,false
distributionAdjustedNominal,14,14,住居（実質）,2026-03,7.8,false
distributionAdjustedNominal,15,15,光熱・水道（実質）,2026-03,9.5,false
distributionAdjustedNominal,16,16,家具・家事用品（実質）,2026-03,4.4,false
distributionAdjustedNominal,17,17,被服及び履物（実質）,2026-03,3.5,false
distributionAdjustedNominal,18,18,保健医療（実質）,2026-03,5.5,false
distributionAdjustedNominal,19,19,交通・通信（実質）,2026-03,16.7,false
distributionAdjustedNominal,20,20,教育（実質）,2026-03,4.1,false
distributionAdjustedNominal,21,21,教養娯楽（実質）,2026-03,11.7,false
distributionAdjustedNominal,22,22,その他の消費支出（実質）,2026-03,14.2,false
distributionAdjustedNominal,1,1,消費支出（名目）,2026-04,104.2,false
distributionAdjustedNominal,2,2,食料（名目）,2026-04,27.9,false
distributionAdjustedNominal,3,3,住居（名目）,2026-04,8.2,false
distributionAdjustedNominal,4,4,光熱・水道（名目）,2026-04,7.7,false
distributionAdjustedNominal,5,5,家具・家事用品（名目）,2026-04,4.5,false
distributionAdjustedNominal,6,6,被服及び履物（名目）,2026-04,3.3,false
distributionAdjustedNominal,7,7,保健医療（名目）,2026-04,4.8,false
distributionAdjustedNominal,8,8,交通・通信（名目）,2026-04,16.7,false
distributionAdjustedNominal,9,9,教育（名目）,2026-04,5.8,false
distributionAdjustedNominal,10,10,教養娯楽（名目）,2026-04,11.3,false
distributionAdjustedNominal,11,11,その他の消費支出（名目）,2026-04,14.1,false
distributionAdjustedNominal,12,12,消費支出（実質）,2026-04,103,false
distributionAdjustedNominal,13,13,食料（実質）,2026-04,27.3,false
distributionAdjustedNominal,14,14,住居（実質）,2026-04,8.1,false
distributionAdjustedNominal,15,15,光熱・水道（実質）,2026-04,7.7,false
distributionAdjustedNominal,16,16,家具・家事用品（実質）,2026-04,4.4,false
distributionAdjustedNominal,17,17,被服及び履物（実質）,2026-04,3.2,false
distributionAdjustedNominal,18,18,保健医療（実質）,2026-04,4.8,false
distributionAdjustedNominal,19,19,交通・通信（実質）,2026-04,16.4,false
distributionAdjustedNominal,20,20,教育（実質）,2026-04,6.1,false
distributionAdjustedNominal,21,21,教養娯楽（実質）,2026-04,11.1,false
distributionAdjustedNominal,22,22,その他の消費支出（実質）,2026-04,14,false
distributionAdjustedNominal,1,1,消費支出（名目）,2026-05,101.3,false
distributionAdjustedNominal,2,2,食料（名目）,2026-05,29.9,false
distributionAdjustedNominal,3,3,住居（名目）,2026-05,7.4,false
distributionAdjustedNominal,4,4,光熱・水道（名目）,2026-05,6.6,false
distributionAdjustedNominal,5,5,家具・家事用品（名目）,2026-05,5.1,false
distributionAdjustedNominal,6,6,被服及び履物（名目）,2026-05,3.6,false
distributionAdjustedNominal,7,7,保健医療（名目）,2026-05,4.8,false
distributionAdjustedNominal,8,8,交通・通信（名目）,2026-05,15.5,false
distributionAdjustedNominal,9,9,教育（名目）,2026-05,3.6,false
distributionAdjustedNominal,10,10,教養娯楽（名目）,2026-05,10.9,false
distributionAdjustedNominal,11,11,その他の消費支出（名目）,2026-05,13.8,false
distributionAdjustedNominal,12,12,消費支出（実質）,2026-05,99.6,false
distributionAdjustedNominal,13,13,食料（実質）,2026-05,29.2,false
distributionAdjustedNominal,14,14,住居（実質）,2026-05,7.3,false
distributionAdjustedNominal,15,15,光熱・水道（実質）,2026-05,6.5,false
distributionAdjustedNominal,16,16,家具・家事用品（実質）,2026-05,4.9,false
distributionAdjustedNominal,17,17,被服及び履物（実質）,2026-05,3.6,false
distributionAdjustedNominal,18,18,保健医療（実質）,2026-05,4.7,false
distributionAdjustedNominal,19,19,交通・通信（実質）,2026-05,15.2,false
distributionAdjustedNominal,20,20,教育（実質）,2026-05,3.8,false
distributionAdjustedNominal,21,21,教養娯楽（実質）,2026-05,10.7,false
distributionAdjustedNominal,22,22,その他の消費支出（実質）,2026-05,13.6,false
distributionAdjustedNominal,1,1,消費支出（名目）,2026-06,94.4,false
distributionAdjustedNominal,2,2,食料（名目）,2026-06,27.4,false
distributionAdjustedNominal,3,3,住居（名目）,2026-06,8.6,false
distributionAdjustedNominal,4,4,光熱・水道（名目）,2026-06,6.1,false
distributionAdjustedNominal,5,5,家具・家事用品（名目）,2026-06,4.5,false
distributionAdjustedNominal,6,6,被服及び履物（名目）,2026-06,2.6,false
distributionAdjustedNominal,7,7,保健医療（名目）,2026-06,5.2,false
distributionAdjustedNominal,8,8,交通・通信（名目）,2026-06,15,false
distributionAdjustedNominal,9,9,教育（名目）,2026-06,2.1,false
distributionAdjustedNominal,10,10,教養娯楽（名目）,2026-06,10,false
distributionAdjustedNominal,11,11,その他の消費支出（名目）,2026-06,12.8,false
distributionAdjustedNominal,12,12,消費支出（実質）,2026-06,92.7,false
distributionAdjustedNominal,13,13,食料（実質）,2026-06,26.7,false
distributionAdjustedNominal,14,14,住居（実質）,2026-06,8.4,false
distributionAdjustedNominal,15,15,光熱・水道（実質）,2026-06,6,false
distributionAdjustedNominal,16,16,家具・家事用品（実質）,2026-06,4.4,false
distributionAdjustedNominal,17,17,被服及び履物（実質）,2026-06,2.6,false
distributionAdjustedNominal,18,18,保健医療（実質）,2026-06,5.1,false
distributionAdjustedNominal,19,19,交通・通信（実質）,2026-06,14.7,false
distributionAdjustedNominal,20,20,教育（実質）,2026-06,2.2,false
distributionAdjustedNominal,21,21,教養娯楽（実質）,2026-06,9.9,false
distributionAdjustedNominal,22,22,その他の消費支出（実質）,2026-06,12.6,false
distributionAdjustedNominal,1,1,消費支出（名目）,2026-07,97.7,false
distributionAdjustedNominal,2,2,食料（名目）,2026-07,28.9,false
distributionAdjustedNominal,3,3,住居（名目）,2026-07,7.7,false
distributionAdjustedNominal,4,4,光熱・水道（名目）,2026-07,5.7,false
distributionAdjustedNominal,5,5,家具・家事用品（名目）,2026-07,5.1,false
distributionAdjustedNominal,6,6,被服及び履物（名目）,2026-07,3.2,false
distributionAdjustedNominal,7,7,保健医療（名目）,2026-07,5.1,false
distributionAdjustedNominal,8,8,交通・通信（名目）,2026-07,16.2,false
distributionAdjustedNominal,9,9,教育（名目）,2026-07,1.8,false
distributionAdjustedNominal,10,10,教養娯楽（名目）,2026-07,10.5,false
distributionAdjustedNominal,11,11,その他の消費支出（名目）,2026-07,13.6,false
distributionAdjustedNominal,12,12,消費支出（実質）,2026-07,95.4,false
distributionAdjustedNominal,13,13,食料（実質）,2026-07,28,false
distributionAdjustedNominal,14,14,住居（実質）,2026-07,7.5,false
distributionAdjustedNominal,15,15,光熱・水道（実質）,2026-07,5.6,false
distributionAdjustedNominal,16,16,家具・家事用品（実質）,2026-07,4.9,false
distributionAdjustedNominal,17,17,被服及び履物（実質）,2026-07,3.2,false
distributionAdjustedNominal,18,18,保健医療（実質）,2026-07,4.9,false
distributionAdjustedNominal,19,19,交通・通信（実質）,2026-07,15.8,false
distributionAdjustedNominal,20,20,教育（実質）,2026-07,1.9,false
distributionAdjustedNominal,21,21,教養娯楽（実質）,2026-07,10.3,false
distributionAdjustedNominal,22,22,その他の消費支出（実質）,2026-07,13.3,false
