variant,series_index,official_series_code,series_name,month,raw_value,is_missing
seasonallyAdjusted,1,,消費支出（名目）,2005-01,100.2,false
seasonallyAdjusted,2,,食料（名目）,2005-01,23.6,false
seasonallyAdjusted,3,,住居（名目）,2005-01,7.4,false
seasonallyAdjusted,4,,光熱・水道（名目）,2005-01,6.4,false
seasonallyAdjusted,5,,家具・家事用品（名目）,2005-01,3.8,false
seasonallyAdjusted,6,,被服及び履物（名目）,2005-01,4.7,false
seasonallyAdjusted,7,,保健医療（名目）,2005-01,3.9,false
seasonallyAdjusted,8,,交通・通信（名目）,2005-01,15.6,false
seasonallyAdjusted,9,,教育（名目）,2005-01,3.9,false
seasonallyAdjusted,10,,教養娯楽（名目）,2005-01,10.7,false
seasonallyAdjusted,11,,その他の消費支出（名目）,2005-01,,true
seasonallyAdjusted,12,,消費支出（実質）,2005-01,121.5,false
seasonallyAdjusted,13,,食料（実質）,2005-01,34.3,false
seasonallyAdjusted,14,,住居（実質）,2005-01,8.7,false
seasonallyAdjusted,15,,光熱・水道（実質）,2005-01,9.2,false
seasonallyAdjusted,16,,家具・家事用品（実質）,2005-01,3.9,false
seasonallyAdjusted,17,,被服及び履物（実質）,2005-01,5.7,false
seasonallyAdjusted,18,,保健医療（実質）,2005-01,4.2,false
seasonallyAdjusted,19,,交通・通信（実質）,2005-01,15.8,false
seasonallyAdjusted,20,,教育（実質）,2005-01,3.3,false
seasonallyAdjusted,21,,教養娯楽（実質）,2005-01,11.6,false
seasonallyAdjusted,22,,その他の消費支出（実質）,2005-01,,true
seasonallyAdjusted,1,,消費支出（名目）,2005-02,100.2,false
seasonallyAdjusted,2,,食料（名目）,2005-02,23.5,false
seasonallyAdjusted,3,,住居（名目）,2005-02,7.4,false
seasonallyAdjusted,4,,光熱・水道（名目）,2005-02,6.6,false
seasonallyAdjusted,5,,家具・家事用品（名目）,2005-02,3.4,false
seasonallyAdjusted,6,,被服及び履物（名目）,2005-02,4.5,false
seasonallyAdjusted,7,,保健医療（名目）,2005-02,4.2,false
seasonallyAdjusted,8,,交通・通信（名目）,2005-02,15.3,false
seasonallyAdjusted,9,,教育（名目）,2005-02,4,false
seasonallyAdjusted,10,,教養娯楽（名目）,2005-02,10.5,false
seasonallyAdjusted,11,,その他の消費支出（名目）,2005-02,,true
seasonallyAdjusted,12,,消費支出（実質）,2005-02,121.6,false
seasonallyAdjusted,13,,食料（実質）,2005-02,34.2,false
seasonallyAdjusted,14,,住居（実質）,2005-02,8.7,false
seasonallyAdjusted,15,,光熱・水道（実質）,2005-02,9.5,false
seasonallyAdjusted,16,,家具・家事用品（実質）,2005-02,3.6,false
seasonallyAdjusted,17,,被服及び履物（実質）,2005-02,5.5,false
seasonallyAdjusted,18,,保健医療（実質）,2005-02,4.5,false
seasonallyAdjusted,19,,交通・通信（実質）,2005-02,15.5,false
seasonallyAdjusted,20,,教育（実質）,2005-02,3.4,false
seasonallyAdjusted,21,,教養娯楽（実質）,2005-02,11.4,false
seasonallyAdjusted,22,,その他の消費支出（実質）,2005-02,,true
seasonallyAdjusted,1,,消費支出（名目）,2005-03,100.3,false
seasonallyAdjusted,2,,食料（名目）,2005-03,23.2,false
seasonallyAdjusted,3,,住居（名目）,2005-03,7.3,false
seasonallyAdjusted,4,,光熱・水道（名目）,2005-03,6.7,false
seasonallyAdjusted,5,,家具・家事用品（名目）,2005-03,3.6,false
seasonallyAdjusted,6,,被服及び履物（名目）,2005-03,4.6,false
seasonallyAdjusted,7,,保健医療（名目）,2005-03,4.1,false
seasonallyAdjusted,8,,交通・通信（名目）,2005-03,15.9,false
seasonallyAdjusted,9,,教育（名目）,2005-03,3.8,false
seasonallyAdjusted,10,,教養娯楽（名目）,2005-03,10.6,false
seasonallyAdjusted,11,,その他の消費支出（名目）,2005-03,,true
seasonallyAdjusted,12,,消費支出（実質）,2005-03,121.6,false
seasonallyAdjusted,13,,食料（実質）,2005-03,33.6,false
seasonallyAdjusted,14,,住居（実質）,2005-03,8.6,false
seasonallyAdjusted,15,,光熱・水道（実質）,2005-03,9.6,false
seasonallyAdjusted,16,,家具・家事用品（実質）,2005-03,3.7,false
seasonallyAdjusted,17,,被服及び履物（実質）,2005-03,5.5,false
seasonallyAdjusted,18,,保健医療（実質）,2005-03,4.4,false
seasonallyAdjusted,19,,交通・通信（実質）,2005-03,16.1,false
seasonallyAdjusted,20,,教育（実質）,2005-03,3.3,false
seasonallyAdjusted,21,,教養娯楽（実質）,2005-03,11.5,false
seasonallyAdjusted,22,,その他の消費支出（実質）,2005-03,,true
seasonallyAdjusted,1,,消費支出（名目）,2005-04,99.9,false
seasonallyAdjusted,2,,食料（名目）,2005-04,23.4,false
seasonallyAdjusted,3,,住居（名目）,2005-04,7.3,false
seasonallyAdjusted,4,,光熱・水道（名目）,2005-04,6.7,false
seasonallyAdjusted,5,,家具・家事用品（名目）,2005-04,3.4,false
seasonallyAdjusted,6,,被服及び履物（名目）,2005-04,4.8,false
seasonallyAdjusted,7,,保健医療（名目）,2005-04,4.2,false
seasonallyAdjusted,8,,交通・通信（名目）,2005-04,15.2,false
seasonallyAdjusted,9,,教育（名目）,2005-04,3.7,false
seasonallyAdjusted,10,,教養娯楽（名目）,2005-04,10.7,false
seasonallyAdjusted,11,,その他の消費支出（名目）,2005-04,,true
seasonallyAdjusted,12,,消費支出（実質）,2005-04,121.1,false
seasonallyAdjusted,13,,食料（実質）,2005-04,34.1,false
seasonallyAdjusted,14,,住居（実質）,2005-04,8.6,false
seasonallyAdjusted,15,,光熱・水道（実質）,2005-04,9.5,false
seasonallyAdjusted,16,,家具・家事用品（実質）,2005-04,3.6,false
seasonallyAdjusted,17,,被服及び履物（実質）,2005-04,5.8,false
seasonallyAdjusted,18,,保健医療（実質）,2005-04,4.5,false
seasonallyAdjusted,19,,交通・通信（実質）,2005-04,15.2,false
seasonallyAdjusted,20,,教育（実質）,2005-04,3.2,false
seasonallyAdjusted,21,,教養娯楽（実質）,2005-04,11.6,false
seasonallyAdjusted,22,,その他の消費支出（実質）,2005-04,,true
seasonallyAdjusted,1,,消費支出（名目）,2005-05,100.3,false
seasonallyAdjusted,2,,食料（名目）,2005-05,23.4,false
seasonallyAdjusted,3,,住居（名目）,2005-05,7.7,false
seasonallyAdjusted,4,,光熱・水道（名目）,2005-05,6.6,false
seasonallyAdjusted,5,,家具・家事用品（名目）,2005-05,3.5,false
seasonallyAdjusted,6,,被服及び履物（名目）,2005-05,4.6,false
seasonallyAdjusted,7,,保健医療（名目）,2005-05,4,false
seasonallyAdjusted,8,,交通・通信（名目）,2005-05,15.5,false
seasonallyAdjusted,9,,教育（名目）,2005-05,3.7,false
seasonallyAdjusted,10,,教養娯楽（名目）,2005-05,10.7,false
seasonallyAdjusted,11,,その他の消費支出（名目）,2005-05,,true
seasonallyAdjusted,12,,消費支出（実質）,2005-05,121.7,false
seasonallyAdjusted,13,,食料（実質）,2005-05,34.2,false
seasonallyAdjusted,14,,住居（実質）,2005-05,9.1,false
seasonallyAdjusted,15,,光熱・水道（実質）,2005-05,9.5,false
seasonallyAdjusted,16,,家具・家事用品（実質）,2005-05,3.7,false
seasonallyAdjusted,17,,被服及び履物（実質）,2005-05,5.6,false
seasonallyAdjusted,18,,保健医療（実質）,2005-05,4.3,false
seasonallyAdjusted,19,,交通・通信（実質）,2005-05,15.7,false
seasonallyAdjusted,20,,教育（実質）,2005-05,3.2,false
seasonallyAdjusted,21,,教養娯楽（実質）,2005-05,11.6,false
seasonallyAdjusted,22,,その他の消費支出（実質）,2005-05,,true
seasonallyAdjusted,1,,消費支出（名目）,2005-06,99.7,false
seasonallyAdjusted,2,,食料（名目）,2005-06,23.3,false
seasonallyAdjusted,3,,住居（名目）,2005-06,7.4,false
seasonallyAdjusted,4,,光熱・水道（名目）,2005-06,6.7,false
seasonallyAdjusted,5,,家具・家事用品（名目）,2005-06,3.6,false
seasonallyAdjusted,6,,被服及び履物（名目）,2005-06,4.9,false
seasonallyAdjusted,7,,保健医療（名目）,2005-06,4,false
seasonallyAdjusted,8,,交通・通信（名目）,2005-06,15.5,false
seasonallyAdjusted,9,,教育（名目）,2005-06,3.7,false
seasonallyAdjusted,10,,教養娯楽（名目）,2005-06,10.9,false
seasonallyAdjusted,11,,その他の消費支出（名目）,2005-06,,true
seasonallyAdjusted,12,,消費支出（実質）,2005-06,121.4,false
seasonallyAdjusted,13,,食料（実質）,2005-06,34.4,false
seasonallyAdjusted,14,,住居（実質）,2005-06,8.8,false
seasonallyAdjusted,15,,光熱・水道（実質）,2005-06,9.5,false
seasonallyAdjusted,16,,家具・家事用品（実質）,2005-06,3.8,false
seasonallyAdjusted,17,,被服及び履物（実質）,2005-06,5.9,false
seasonallyAdjusted,18,,保健医療（実質）,2005-06,4.3,false
seasonallyAdjusted,19,,交通・通信（実質）,2005-06,15.6,false
seasonallyAdjusted,20,,教育（実質）,2005-06,3.2,false
seasonallyAdjusted,21,,教養娯楽（実質）,2005-06,11.9,false
seasonallyAdjusted,22,,その他の消費支出（実質）,2005-06,,true
seasonallyAdjusted,1,,消費支出（名目）,2005-07,98.5,false
seasonallyAdjusted,2,,食料（名目）,2005-07,23.4,false
seasonallyAdjusted,3,,住居（名目）,2005-07,7.5,false
seasonallyAdjusted,4,,光熱・水道（名目）,2005-07,6.6,false
seasonallyAdjusted,5,,家具・家事用品（名目）,2005-07,3.5,false
seasonallyAdjusted,6,,被服及び履物（名目）,2005-07,4.6,false
seasonallyAdjusted,7,,保健医療（名目）,2005-07,4.1,false
seasonallyAdjusted,8,,交通・通信（名目）,2005-07,13.7,false
seasonallyAdjusted,9,,教育（名目）,2005-07,3.8,false
seasonallyAdjusted,10,,教養娯楽（名目）,2005-07,11,false
seasonallyAdjusted,11,,その他の消費支出（名目）,2005-07,,true
seasonallyAdjusted,12,,消費支出（実質）,2005-07,120.1,false
seasonallyAdjusted,13,,食料（実質）,2005-07,34.3,false
seasonallyAdjusted,14,,住居（実質）,2005-07,8.9,false
seasonallyAdjusted,15,,光熱・水道（実質）,2005-07,9.4,false
seasonallyAdjusted,16,,家具・家事用品（実質）,2005-07,3.7,false
seasonallyAdjusted,17,,被服及び履物（実質）,2005-07,5.6,false
seasonallyAdjusted,18,,保健医療（実質）,2005-07,4.4,false
seasonallyAdjusted,19,,交通・通信（実質）,2005-07,13.9,false
seasonallyAdjusted,20,,教育（実質）,2005-07,3.3,false
seasonallyAdjusted,21,,教養娯楽（実質）,2005-07,12,false
seasonallyAdjusted,22,,その他の消費支出（実質）,2005-07,,true
seasonallyAdjusted,1,,消費支出（名目）,2005-08,100.3,false
seasonallyAdjusted,2,,食料（名目）,2005-08,23.3,false
seasonallyAdjusted,3,,住居（名目）,2005-08,7.2,false
seasonallyAdjusted,4,,光熱・水道（名目）,2005-08,6.6,false
seasonallyAdjusted,5,,家具・家事用品（名目）,2005-08,3.5,false
seasonallyAdjusted,6,,被服及び履物（名目）,2005-08,4.8,false
seasonallyAdjusted,7,,保健医療（名目）,2005-08,4.3,false
seasonallyAdjusted,8,,交通・通信（名目）,2005-08,15.5,false
seasonallyAdjusted,9,,教育（名目）,2005-08,4,false
seasonallyAdjusted,10,,教養娯楽（名目）,2005-08,11,false
seasonallyAdjusted,11,,その他の消費支出（名目）,2005-08,,true
seasonallyAdjusted,12,,消費支出（実質）,2005-08,122.3,false
seasonallyAdjusted,13,,食料（実質）,2005-08,34.3,false
seasonallyAdjusted,14,,住居（実質）,2005-08,8.4,false
seasonallyAdjusted,15,,光熱・水道（実質）,2005-08,9.4,false
seasonallyAdjusted,16,,家具・家事用品（実質）,2005-08,3.7,false
seasonallyAdjusted,17,,被服及び履物（実質）,2005-08,5.8,false
seasonallyAdjusted,18,,保健医療（実質）,2005-08,4.7,false
seasonallyAdjusted,19,,交通・通信（実質）,2005-08,15.7,false
seasonallyAdjusted,20,,教育（実質）,2005-08,3.5,false
seasonallyAdjusted,21,,教養娯楽（実質）,2005-08,12.1,false
seasonallyAdjusted,22,,その他の消費支出（実質）,2005-08,,true
seasonallyAdjusted,1,,消費支出（名目）,2005-09,100.8,false
seasonallyAdjusted,2,,食料（名目）,2005-09,23.4,false
seasonallyAdjusted,3,,住居（名目）,2005-09,7.4,false
seasonallyAdjusted,4,,光熱・水道（名目）,2005-09,6.7,false
seasonallyAdjusted,5,,家具・家事用品（名目）,2005-09,3.6,false
seasonallyAdjusted,6,,被服及び履物（名目）,2005-09,4.4,false
seasonallyAdjusted,7,,保健医療（名目）,2005-09,4.1,false
seasonallyAdjusted,8,,交通・通信（名目）,2005-09,16.3,false
seasonallyAdjusted,9,,教育（名目）,2005-09,3.7,false
seasonallyAdjusted,10,,教養娯楽（名目）,2005-09,11.1,false
seasonallyAdjusted,11,,その他の消費支出（名目）,2005-09,,true
seasonallyAdjusted,12,,消費支出（実質）,2005-09,122.6,false
seasonallyAdjusted,13,,食料（実質）,2005-09,34.4,false
seasonallyAdjusted,14,,住居（実質）,2005-09,8.7,false
seasonallyAdjusted,15,,光熱・水道（実質）,2005-09,9.5,false
seasonallyAdjusted,16,,家具・家事用品（実質）,2005-09,3.8,false
seasonallyAdjusted,17,,被服及び履物（実質）,2005-09,5.3,false
seasonallyAdjusted,18,,保健医療（実質）,2005-09,4.3,false
seasonallyAdjusted,19,,交通・通信（実質）,2005-09,16.4,false
seasonallyAdjusted,20,,教育（実質）,2005-09,3.2,false
seasonallyAdjusted,21,,教養娯楽（実質）,2005-09,12.3,false
seasonallyAdjusted,22,,その他の消費支出（実質）,2005-09,,true
seasonallyAdjusted,1,,消費支出（名目）,2005-10,100.9,false
seasonallyAdjusted,2,,食料（名目）,2005-10,23.3,false
seasonallyAdjusted,3,,住居（名目）,2005-10,7.2,false
seasonallyAdjusted,4,,光熱・水道（名目）,2005-10,6.7,false
seasonallyAdjusted,5,,家具・家事用品（名目）,2005-10,3.9,false
seasonallyAdjusted,6,,被服及び履物（名目）,2005-10,4.6,false
seasonallyAdjusted,7,,保健医療（名目）,2005-10,4.1,false
seasonallyAdjusted,8,,交通・通信（名目）,2005-10,16.1,false
seasonallyAdjusted,9,,教育（名目）,2005-10,3.8,false
seasonallyAdjusted,10,,教養娯楽（名目）,2005-10,11.1,false
seasonallyAdjusted,11,,その他の消費支出（名目）,2005-10,,true
seasonallyAdjusted,12,,消費支出（実質）,2005-10,122.9,false
seasonallyAdjusted,13,,食料（実質）,2005-10,34.4,false
seasonallyAdjusted,14,,住居（実質）,2005-10,8.4,false
seasonallyAdjusted,15,,光熱・水道（実質）,2005-10,9.4,false
seasonallyAdjusted,16,,家具・家事用品（実質）,2005-10,4.2,false
seasonallyAdjusted,17,,被服及び履物（実質）,2005-10,5.5,false
seasonallyAdjusted,18,,保健医療（実質）,2005-10,4.4,false
seasonallyAdjusted,19,,交通・通信（実質）,2005-10,16.1,false
seasonallyAdjusted,20,,教育（実質）,2005-10,3.3,false
seasonallyAdjusted,21,,教養娯楽（実質）,2005-10,12.2,false
seasonallyAdjusted,22,,その他の消費支出（実質）,2005-10,,true
seasonallyAdjusted,1,,消費支出（名目）,2005-11,98.5,false
seasonallyAdjusted,2,,食料（名目）,2005-11,23,false
seasonallyAdjusted,3,,住居（名目）,2005-11,7.5,false
seasonallyAdjusted,4,,光熱・水道（名目）,2005-11,6.7,false
seasonallyAdjusted,5,,家具・家事用品（名目）,2005-11,3.5,false
seasonallyAdjusted,6,,被服及び履物（名目）,2005-11,4.7,false
seasonallyAdjusted,7,,保健医療（名目）,2005-11,4.2,false
seasonallyAdjusted,8,,交通・通信（名目）,2005-11,15,false
seasonallyAdjusted,9,,教育（名目）,2005-11,3.7,false
seasonallyAdjusted,10,,教養娯楽（名目）,2005-11,10.7,false
seasonallyAdjusted,11,,その他の消費支出（名目）,2005-11,,true
seasonallyAdjusted,12,,消費支出（実質）,2005-11,120.3,false
seasonallyAdjusted,13,,食料（実質）,2005-11,34,false
seasonallyAdjusted,14,,住居（実質）,2005-11,8.8,false
seasonallyAdjusted,15,,光熱・水道（実質）,2005-11,9.4,false
seasonallyAdjusted,16,,家具・家事用品（実質）,2005-11,3.7,false
seasonallyAdjusted,17,,被服及び履物（実質）,2005-11,5.6,false
seasonallyAdjusted,18,,保健医療（実質）,2005-11,4.5,false
seasonallyAdjusted,19,,交通・通信（実質）,2005-11,15,false
seasonallyAdjusted,20,,教育（実質）,2005-11,3.2,false
seasonallyAdjusted,21,,教養娯楽（実質）,2005-11,11.8,false
seasonallyAdjusted,22,,その他の消費支出（実質）,2005-11,,true
seasonallyAdjusted,1,,消費支出（名目）,2005-12,99.5,false
seasonallyAdjusted,2,,食料（名目）,2005-12,23.1,false
seasonallyAdjusted,3,,住居（名目）,2005-12,6.9,false
seasonallyAdjusted,4,,光熱・水道（名目）,2005-12,7.1,false
seasonallyAdjusted,5,,家具・家事用品（名目）,2005-12,3.5,false
seasonallyAdjusted,6,,被服及び履物（名目）,2005-12,4.8,false
seasonallyAdjusted,7,,保健医療（名目）,2005-12,4.2,false
seasonallyAdjusted,8,,交通・通信（名目）,2005-12,15,false
seasonallyAdjusted,9,,教育（名目）,2005-12,3.9,false
seasonallyAdjusted,10,,教養娯楽（名目）,2005-12,10.6,false
seasonallyAdjusted,11,,その他の消費支出（名目）,2005-12,,true
seasonallyAdjusted,12,,消費支出（実質）,2005-12,121.1,false
seasonallyAdjusted,13,,食料（実質）,2005-12,34,false
seasonallyAdjusted,14,,住居（実質）,2005-12,8.1,false
seasonallyAdjusted,15,,光熱・水道（実質）,2005-12,9.8,false
seasonallyAdjusted,16,,家具・家事用品（実質）,2005-12,3.8,false
seasonallyAdjusted,17,,被服及び履物（実質）,2005-12,5.7,false
seasonallyAdjusted,18,,保健医療（実質）,2005-12,4.6,false
seasonallyAdjusted,19,,交通・通信（実質）,2005-12,15.2,false
seasonallyAdjusted,20,,教育（実質）,2005-12,3.3,false
seasonallyAdjusted,21,,教養娯楽（実質）,2005-12,11.7,false
seasonallyAdjusted,22,,その他の消費支出（実質）,2005-12,,true
seasonallyAdjusted,1,,消費支出（名目）,2006-01,99,false
seasonallyAdjusted,2,,食料（名目）,2006-01,22.8,false
seasonallyAdjusted,3,,住居（名目）,2006-01,7.3,false
seasonallyAdjusted,4,,光熱・水道（名目）,2006-01,7.2,false
seasonallyAdjusted,5,,家具・家事用品（名目）,2006-01,3.5,false
seasonallyAdjusted,6,,被服及び履物（名目）,2006-01,4.4,false
seasonallyAdjusted,7,,保健医療（名目）,2006-01,4,false
seasonallyAdjusted,8,,交通・通信（名目）,2006-01,14.9,false
seasonallyAdjusted,9,,教育（名目）,2006-01,3.8,false
seasonallyAdjusted,10,,教養娯楽（名目）,2006-01,10.7,false
seasonallyAdjusted,11,,その他の消費支出（名目）,2006-01,,true
seasonallyAdjusted,12,,消費支出（実質）,2006-01,120,false
seasonallyAdjusted,13,,食料（実質）,2006-01,33.1,false
seasonallyAdjusted,14,,住居（実質）,2006-01,8.6,false
seasonallyAdjusted,15,,光熱・水道（実質）,2006-01,10,false
seasonallyAdjusted,16,,家具・家事用品（実質）,2006-01,3.7,false
seasonallyAdjusted,17,,被服及び履物（実質）,2006-01,5.3,false
seasonallyAdjusted,18,,保健医療（実質）,2006-01,4.3,false
seasonallyAdjusted,19,,交通・通信（実質）,2006-01,15,false
seasonallyAdjusted,20,,教育（実質）,2006-01,3.3,false
seasonallyAdjusted,21,,教養娯楽（実質）,2006-01,11.9,false
seasonallyAdjusted,22,,その他の消費支出（実質）,2006-01,,true
seasonallyAdjusted,1,,消費支出（名目）,2006-02,99.2,false
seasonallyAdjusted,2,,食料（名目）,2006-02,23.1,false
seasonallyAdjusted,3,,住居（名目）,2006-02,7.2,false
seasonallyAdjusted,4,,光熱・水道（名目）,2006-02,7.1,false
seasonallyAdjusted,5,,家具・家事用品（名目）,2006-02,3.6,false
seasonallyAdjusted,6,,被服及び履物（名目）,2006-02,4.4,false
seasonallyAdjusted,7,,保健医療（名目）,2006-02,4,false
seasonallyAdjusted,8,,交通・通信（名目）,2006-02,14.9,false
seasonallyAdjusted,9,,教育（名目）,2006-02,3.8,false
seasonallyAdjusted,10,,教養娯楽（名目）,2006-02,10.7,false
seasonallyAdjusted,11,,その他の消費支出（名目）,2006-02,,true
seasonallyAdjusted,12,,消費支出（実質）,2006-02,120.6,false
seasonallyAdjusted,13,,食料（実質）,2006-02,33.8,false
seasonallyAdjusted,14,,住居（実質）,2006-02,8.5,false
seasonallyAdjusted,15,,光熱・水道（実質）,2006-02,9.7,false
seasonallyAdjusted,16,,家具・家事用品（実質）,2006-02,3.9,false
seasonallyAdjusted,17,,被服及び履物（実質）,2006-02,5.2,false
seasonallyAdjusted,18,,保健医療（実質）,2006-02,4.3,false
seasonallyAdjusted,19,,交通・通信（実質）,2006-02,14.9,false
seasonallyAdjusted,20,,教育（実質）,2006-02,3.3,false
seasonallyAdjusted,21,,教養娯楽（実質）,2006-02,11.8,false
seasonallyAdjusted,22,,その他の消費支出（実質）,2006-02,,true
seasonallyAdjusted,1,,消費支出（名目）,2006-03,99.8,false
seasonallyAdjusted,2,,食料（名目）,2006-03,23.1,false
seasonallyAdjusted,3,,住居（名目）,2006-03,7.8,false
seasonallyAdjusted,4,,光熱・水道（名目）,2006-03,6.8,false
seasonallyAdjusted,5,,家具・家事用品（名目）,2006-03,3.4,false
seasonallyAdjusted,6,,被服及び履物（名目）,2006-03,4.4,false
seasonallyAdjusted,7,,保健医療（名目）,2006-03,4,false
seasonallyAdjusted,8,,交通・通信（名目）,2006-03,15,false
seasonallyAdjusted,9,,教育（名目）,2006-03,3.6,false
seasonallyAdjusted,10,,教養娯楽（名目）,2006-03,10.8,false
seasonallyAdjusted,11,,その他の消費支出（名目）,2006-03,,true
seasonallyAdjusted,12,,消費支出（実質）,2006-03,121.2,false
seasonallyAdjusted,13,,食料（実質）,2006-03,33.9,false
seasonallyAdjusted,14,,住居（実質）,2006-03,9.2,false
seasonallyAdjusted,15,,光熱・水道（実質）,2006-03,9.4,false
seasonallyAdjusted,16,,家具・家事用品（実質）,2006-03,3.7,false
seasonallyAdjusted,17,,被服及び履物（実質）,2006-03,5.3,false
seasonallyAdjusted,18,,保健医療（実質）,2006-03,4.3,false
seasonallyAdjusted,19,,交通・通信（実質）,2006-03,15.1,false
seasonallyAdjusted,20,,教育（実質）,2006-03,3.1,false
seasonallyAdjusted,21,,教養娯楽（実質）,2006-03,12,false
seasonallyAdjusted,22,,その他の消費支出（実質）,2006-03,,true
seasonallyAdjusted,1,,消費支出（名目）,2006-04,100.2,false
seasonallyAdjusted,2,,食料（名目）,2006-04,23.2,false
seasonallyAdjusted,3,,住居（名目）,2006-04,7.2,false
seasonallyAdjusted,4,,光熱・水道（名目）,2006-04,7,false
seasonallyAdjusted,5,,家具・家事用品（名目）,2006-04,3.4,false
seasonallyAdjusted,6,,被服及び履物（名目）,2006-04,4.4,false
seasonallyAdjusted,7,,保健医療（名目）,2006-04,3.9,false
seasonallyAdjusted,8,,交通・通信（名目）,2006-04,16.2,false
seasonallyAdjusted,9,,教育（名目）,2006-04,3.9,false
seasonallyAdjusted,10,,教養娯楽（名目）,2006-04,10.9,false
seasonallyAdjusted,11,,その他の消費支出（名目）,2006-04,,true
seasonallyAdjusted,12,,消費支出（実質）,2006-04,121.7,false
seasonallyAdjusted,13,,食料（実質）,2006-04,34,false
seasonallyAdjusted,14,,住居（実質）,2006-04,8.5,false
seasonallyAdjusted,15,,光熱・水道（実質）,2006-04,9.6,false
seasonallyAdjusted,16,,家具・家事用品（実質）,2006-04,3.7,false
seasonallyAdjusted,17,,被服及び履物（実質）,2006-04,5.2,false
seasonallyAdjusted,18,,保健医療（実質）,2006-04,4.3,false
seasonallyAdjusted,19,,交通・通信（実質）,2006-04,16.1,false
seasonallyAdjusted,20,,教育（実質）,2006-04,3.3,false
seasonallyAdjusted,21,,教養娯楽（実質）,2006-04,12,false
seasonallyAdjusted,22,,その他の消費支出（実質）,2006-04,,true
seasonallyAdjusted,1,,消費支出（名目）,2006-05,99.9,false
seasonallyAdjusted,2,,食料（名目）,2006-05,23.1,false
seasonallyAdjusted,3,,住居（名目）,2006-05,6.8,false
seasonallyAdjusted,4,,光熱・水道（名目）,2006-05,6.9,false
seasonallyAdjusted,5,,家具・家事用品（名目）,2006-05,3.5,false
seasonallyAdjusted,6,,被服及び履物（名目）,2006-05,4.6,false
seasonallyAdjusted,7,,保健医療（名目）,2006-05,4.1,false
seasonallyAdjusted,8,,交通・通信（名目）,2006-05,15.8,false
seasonallyAdjusted,9,,教育（名目）,2006-05,3.9,false
seasonallyAdjusted,10,,教養娯楽（名目）,2006-05,11.3,false
seasonallyAdjusted,11,,その他の消費支出（名目）,2006-05,,true
seasonallyAdjusted,12,,消費支出（実質）,2006-05,121,false
seasonallyAdjusted,13,,食料（実質）,2006-05,33.7,false
seasonallyAdjusted,14,,住居（実質）,2006-05,8,false
seasonallyAdjusted,15,,光熱・水道（実質）,2006-05,9.4,false
seasonallyAdjusted,16,,家具・家事用品（実質）,2006-05,3.7,false
seasonallyAdjusted,17,,被服及び履物（実質）,2006-05,5.5,false
seasonallyAdjusted,18,,保健医療（実質）,2006-05,4.4,false
seasonallyAdjusted,19,,交通・通信（実質）,2006-05,15.9,false
seasonallyAdjusted,20,,教育（実質）,2006-05,3.3,false
seasonallyAdjusted,21,,教養娯楽（実質）,2006-05,12.4,false
seasonallyAdjusted,22,,その他の消費支出（実質）,2006-05,,true
seasonallyAdjusted,1,,消費支出（名目）,2006-06,99.7,false
seasonallyAdjusted,2,,食料（名目）,2006-06,23.1,false
seasonallyAdjusted,3,,住居（名目）,2006-06,6.9,false
seasonallyAdjusted,4,,光熱・水道（名目）,2006-06,6.9,false
seasonallyAdjusted,5,,家具・家事用品（名目）,2006-06,3.4,false
seasonallyAdjusted,6,,被服及び履物（名目）,2006-06,4.6,false
seasonallyAdjusted,7,,保健医療（名目）,2006-06,4.1,false
seasonallyAdjusted,8,,交通・通信（名目）,2006-06,15.6,false
seasonallyAdjusted,9,,教育（名目）,2006-06,4,false
seasonallyAdjusted,10,,教養娯楽（名目）,2006-06,10.8,false
seasonallyAdjusted,11,,その他の消費支出（名目）,2006-06,,true
seasonallyAdjusted,12,,消費支出（実質）,2006-06,120.6,false
seasonallyAdjusted,13,,食料（実質）,2006-06,33.7,false
seasonallyAdjusted,14,,住居（実質）,2006-06,8.2,false
seasonallyAdjusted,15,,光熱・水道（実質）,2006-06,9.4,false
seasonallyAdjusted,16,,家具・家事用品（実質）,2006-06,3.6,false
seasonallyAdjusted,17,,被服及び履物（実質）,2006-06,5.4,false
seasonallyAdjusted,18,,保健医療（実質）,2006-06,4.5,false
seasonallyAdjusted,19,,交通・通信（実質）,2006-06,15.6,false
seasonallyAdjusted,20,,教育（実質）,2006-06,3.4,false
seasonallyAdjusted,21,,教養娯楽（実質）,2006-06,11.8,false
seasonallyAdjusted,22,,その他の消費支出（実質）,2006-06,,true
seasonallyAdjusted,1,,消費支出（名目）,2006-07,98.3,false
seasonallyAdjusted,2,,食料（名目）,2006-07,23,false
seasonallyAdjusted,3,,住居（名目）,2006-07,7.2,false
seasonallyAdjusted,4,,光熱・水道（名目）,2006-07,6.8,false
seasonallyAdjusted,5,,家具・家事用品（名目）,2006-07,3.4,false
seasonallyAdjusted,6,,被服及び履物（名目）,2006-07,4.6,false
seasonallyAdjusted,7,,保健医療（名目）,2006-07,3.8,false
seasonallyAdjusted,8,,交通・通信（名目）,2006-07,15.7,false
seasonallyAdjusted,9,,教育（名目）,2006-07,3.9,false
seasonallyAdjusted,10,,教養娯楽（名目）,2006-07,10.7,false
seasonallyAdjusted,11,,その他の消費支出（名目）,2006-07,,true
seasonallyAdjusted,12,,消費支出（実質）,2006-07,119.3,false
seasonallyAdjusted,13,,食料（実質）,2006-07,33.5,false
seasonallyAdjusted,14,,住居（実質）,2006-07,8.4,false
seasonallyAdjusted,15,,光熱・水道（実質）,2006-07,9.3,false
seasonallyAdjusted,16,,家具・家事用品（実質）,2006-07,3.7,false
seasonallyAdjusted,17,,被服及び履物（実質）,2006-07,5.5,false
seasonallyAdjusted,18,,保健医療（実質）,2006-07,4.2,false
seasonallyAdjusted,19,,交通・通信（実質）,2006-07,15.8,false
seasonallyAdjusted,20,,教育（実質）,2006-07,3.3,false
seasonallyAdjusted,21,,教養娯楽（実質）,2006-07,11.9,false
seasonallyAdjusted,22,,その他の消費支出（実質）,2006-07,,true
seasonallyAdjusted,1,,消費支出（名目）,2006-08,99.3,false
seasonallyAdjusted,2,,食料（名目）,2006-08,23.2,false
seasonallyAdjusted,3,,住居（名目）,2006-08,7.2,false
seasonallyAdjusted,4,,光熱・水道（名目）,2006-08,6.8,false
seasonallyAdjusted,5,,家具・家事用品（名目）,2006-08,3.4,false
seasonallyAdjusted,6,,被服及び履物（名目）,2006-08,4.6,false
seasonallyAdjusted,7,,保健医療（名目）,2006-08,4.1,false
seasonallyAdjusted,8,,交通・通信（名目）,2006-08,15.8,false
seasonallyAdjusted,9,,教育（名目）,2006-08,3.9,false
seasonallyAdjusted,10,,教養娯楽（名目）,2006-08,10.5,false
seasonallyAdjusted,11,,その他の消費支出（名目）,2006-08,,true
seasonallyAdjusted,12,,消費支出（実質）,2006-08,119.9,false
seasonallyAdjusted,13,,食料（実質）,2006-08,33.5,false
seasonallyAdjusted,14,,住居（実質）,2006-08,8.5,false
seasonallyAdjusted,15,,光熱・水道（実質）,2006-08,9.3,false
seasonallyAdjusted,16,,家具・家事用品（実質）,2006-08,3.7,false
seasonallyAdjusted,17,,被服及び履物（実質）,2006-08,5.5,false
seasonallyAdjusted,18,,保健医療（実質）,2006-08,4.5,false
seasonallyAdjusted,19,,交通・通信（実質）,2006-08,15.8,false
seasonallyAdjusted,20,,教育（実質）,2006-08,3.3,false
seasonallyAdjusted,21,,教養娯楽（実質）,2006-08,11.7,false
seasonallyAdjusted,22,,その他の消費支出（実質）,2006-08,,true
seasonallyAdjusted,1,,消費支出（名目）,2006-09,98,false
seasonallyAdjusted,2,,食料（名目）,2006-09,23,false
seasonallyAdjusted,3,,住居（名目）,2006-09,7.3,false
seasonallyAdjusted,4,,光熱・水道（名目）,2006-09,6.9,false
seasonallyAdjusted,5,,家具・家事用品（名目）,2006-09,3.3,false
seasonallyAdjusted,6,,被服及び履物（名目）,2006-09,4.6,false
seasonallyAdjusted,7,,保健医療（名目）,2006-09,4.2,false
seasonallyAdjusted,8,,交通・通信（名目）,2006-09,15,false
seasonallyAdjusted,9,,教育（名目）,2006-09,3.8,false
seasonallyAdjusted,10,,教養娯楽（名目）,2006-09,10.7,false
seasonallyAdjusted,11,,その他の消費支出（名目）,2006-09,,true
seasonallyAdjusted,12,,消費支出（実質）,2006-09,118.6,false
seasonallyAdjusted,13,,食料（実質）,2006-09,33.3,false
seasonallyAdjusted,14,,住居（実質）,2006-09,8.6,false
seasonallyAdjusted,15,,光熱・水道（実質）,2006-09,9.4,false
seasonallyAdjusted,16,,家具・家事用品（実質）,2006-09,3.6,false
seasonallyAdjusted,17,,被服及び履物（実質）,2006-09,5.5,false
seasonallyAdjusted,18,,保健医療（実質）,2006-09,4.6,false
seasonallyAdjusted,19,,交通・通信（実質）,2006-09,15.1,false
seasonallyAdjusted,20,,教育（実質）,2006-09,3.2,false
seasonallyAdjusted,21,,教養娯楽（実質）,2006-09,11.9,false
seasonallyAdjusted,22,,その他の消費支出（実質）,2006-09,,true
seasonallyAdjusted,1,,消費支出（名目）,2006-10,98.3,false
seasonallyAdjusted,2,,食料（名目）,2006-10,23.1,false
seasonallyAdjusted,3,,住居（名目）,2006-10,7.2,false
seasonallyAdjusted,4,,光熱・水道（名目）,2006-10,6.8,false
seasonallyAdjusted,5,,家具・家事用品（名目）,2006-10,3.5,false
seasonallyAdjusted,6,,被服及び履物（名目）,2006-10,4.6,false
seasonallyAdjusted,7,,保健医療（名目）,2006-10,4.2,false
seasonallyAdjusted,8,,交通・通信（名目）,2006-10,14.7,false
seasonallyAdjusted,9,,教育（名目）,2006-10,3.8,false
seasonallyAdjusted,10,,教養娯楽（名目）,2006-10,11.5,false
seasonallyAdjusted,11,,その他の消費支出（名目）,2006-10,,true
seasonallyAdjusted,12,,消費支出（実質）,2006-10,119.2,false
seasonallyAdjusted,13,,食料（実質）,2006-10,33.7,false
seasonallyAdjusted,14,,住居（実質）,2006-10,8.5,false
seasonallyAdjusted,15,,光熱・水道（実質）,2006-10,9.2,false
seasonallyAdjusted,16,,家具・家事用品（実質）,2006-10,3.8,false
seasonallyAdjusted,17,,被服及び履物（実質）,2006-10,5.4,false
seasonallyAdjusted,18,,保健医療（実質）,2006-10,4.5,false
seasonallyAdjusted,19,,交通・通信（実質）,2006-10,14.7,false
seasonallyAdjusted,20,,教育（実質）,2006-10,3.2,false
seasonallyAdjusted,21,,教養娯楽（実質）,2006-10,12.8,false
seasonallyAdjusted,22,,その他の消費支出（実質）,2006-10,,true
seasonallyAdjusted,1,,消費支出（名目）,2006-11,99.5,false
seasonallyAdjusted,2,,食料（名目）,2006-11,23.1,false
seasonallyAdjusted,3,,住居（名目）,2006-11,7,false
seasonallyAdjusted,4,,光熱・水道（名目）,2006-11,6.8,false
seasonallyAdjusted,5,,家具・家事用品（名目）,2006-11,3.6,false
seasonallyAdjusted,6,,被服及び履物（名目）,2006-11,4.6,false
seasonallyAdjusted,7,,保健医療（名目）,2006-11,4.1,false
seasonallyAdjusted,8,,交通・通信（名目）,2006-11,16.3,false
seasonallyAdjusted,9,,教育（名目）,2006-11,3.8,false
seasonallyAdjusted,10,,教養娯楽（名目）,2006-11,11.3,false
seasonallyAdjusted,11,,その他の消費支出（名目）,2006-11,,true
seasonallyAdjusted,12,,消費支出（実質）,2006-11,120.8,false
seasonallyAdjusted,13,,食料（実質）,2006-11,33.8,false
seasonallyAdjusted,14,,住居（実質）,2006-11,8.3,false
seasonallyAdjusted,15,,光熱・水道（実質）,2006-11,9.4,false
seasonallyAdjusted,16,,家具・家事用品（実質）,2006-11,3.8,false
seasonallyAdjusted,17,,被服及び履物（実質）,2006-11,5.5,false
seasonallyAdjusted,18,,保健医療（実質）,2006-11,4.4,false
seasonallyAdjusted,19,,交通・通信（実質）,2006-11,16.3,false
seasonallyAdjusted,20,,教育（実質）,2006-11,3.2,false
seasonallyAdjusted,21,,教養娯楽（実質）,2006-11,12.6,false
seasonallyAdjusted,22,,その他の消費支出（実質）,2006-11,,true
seasonallyAdjusted,1,,消費支出（名目）,2006-12,99,false
seasonallyAdjusted,2,,食料（名目）,2006-12,23.1,false
seasonallyAdjusted,3,,住居（名目）,2006-12,7.6,false
seasonallyAdjusted,4,,光熱・水道（名目）,2006-12,7,false
seasonallyAdjusted,5,,家具・家事用品（名目）,2006-12,3.5,false
seasonallyAdjusted,6,,被服及び履物（名目）,2006-12,4.7,false
seasonallyAdjusted,7,,保健医療（名目）,2006-12,4.3,false
seasonallyAdjusted,8,,交通・通信（名目）,2006-12,15.8,false
seasonallyAdjusted,9,,教育（名目）,2006-12,3.7,false
seasonallyAdjusted,10,,教養娯楽（名目）,2006-12,10.9,false
seasonallyAdjusted,11,,その他の消費支出（名目）,2006-12,,true
seasonallyAdjusted,12,,消費支出（実質）,2006-12,120.2,false
seasonallyAdjusted,13,,食料（実質）,2006-12,33.7,false
seasonallyAdjusted,14,,住居（実質）,2006-12,9,false
seasonallyAdjusted,15,,光熱・水道（実質）,2006-12,9.5,false
seasonallyAdjusted,16,,家具・家事用品（実質）,2006-12,3.8,false
seasonallyAdjusted,17,,被服及び履物（実質）,2006-12,5.6,false
seasonallyAdjusted,18,,保健医療（実質）,2006-12,4.6,false
seasonallyAdjusted,19,,交通・通信（実質）,2006-12,15.8,false
seasonallyAdjusted,20,,教育（実質）,2006-12,3.1,false
seasonallyAdjusted,21,,教養娯楽（実質）,2006-12,12.2,false
seasonallyAdjusted,22,,その他の消費支出（実質）,2006-12,,true
seasonallyAdjusted,1,,消費支出（名目）,2007-01,100.3,false
seasonallyAdjusted,2,,食料（名目）,2007-01,23.8,false
seasonallyAdjusted,3,,住居（名目）,2007-01,7,false
seasonallyAdjusted,4,,光熱・水道（名目）,2007-01,6.7,false
seasonallyAdjusted,5,,家具・家事用品（名目）,2007-01,3.6,false
seasonallyAdjusted,6,,被服及び履物（名目）,2007-01,4.7,false
seasonallyAdjusted,7,,保健医療（名目）,2007-01,4.1,false
seasonallyAdjusted,8,,交通・通信（名目）,2007-01,15.9,false
seasonallyAdjusted,9,,教育（名目）,2007-01,3.7,false
seasonallyAdjusted,10,,教養娯楽（名目）,2007-01,11.1,false
seasonallyAdjusted,11,,その他の消費支出（名目）,2007-01,,true
seasonallyAdjusted,12,,消費支出（実質）,2007-01,121.6,false
seasonallyAdjusted,13,,食料（実質）,2007-01,34.6,false
seasonallyAdjusted,14,,住居（実質）,2007-01,8.2,false
seasonallyAdjusted,15,,光熱・水道（実質）,2007-01,9.2,false
seasonallyAdjusted,16,,家具・家事用品（実質）,2007-01,3.8,false
seasonallyAdjusted,17,,被服及び履物（実質）,2007-01,5.6,false
seasonallyAdjusted,18,,保健医療（実質）,2007-01,4.4,false
seasonallyAdjusted,19,,交通・通信（実質）,2007-01,16,false
seasonallyAdjusted,20,,教育（実質）,2007-01,3.1,false
seasonallyAdjusted,21,,教養娯楽（実質）,2007-01,12.5,false
seasonallyAdjusted,22,,その他の消費支出（実質）,2007-01,,true
seasonallyAdjusted,1,,消費支出（名目）,2007-02,100.7,false
seasonallyAdjusted,2,,食料（名目）,2007-02,23.3,false
seasonallyAdjusted,3,,住居（名目）,2007-02,7.1,false
seasonallyAdjusted,4,,光熱・水道（名目）,2007-02,6.5,false
seasonallyAdjusted,5,,家具・家事用品（名目）,2007-02,3.4,false
seasonallyAdjusted,6,,被服及び履物（名目）,2007-02,4.7,false
seasonallyAdjusted,7,,保健医療（名目）,2007-02,4.2,false
seasonallyAdjusted,8,,交通・通信（名目）,2007-02,15.8,false
seasonallyAdjusted,9,,教育（名目）,2007-02,3.7,false
seasonallyAdjusted,10,,教養娯楽（名目）,2007-02,11.4,false
seasonallyAdjusted,11,,その他の消費支出（名目）,2007-02,,true
seasonallyAdjusted,12,,消費支出（実質）,2007-02,122.5,false
seasonallyAdjusted,13,,食料（実質）,2007-02,34.1,false
seasonallyAdjusted,14,,住居（実質）,2007-02,8.4,false
seasonallyAdjusted,15,,光熱・水道（実質）,2007-02,8.9,false
seasonallyAdjusted,16,,家具・家事用品（実質）,2007-02,3.7,false
seasonallyAdjusted,17,,被服及び履物（実質）,2007-02,5.6,false
seasonallyAdjusted,18,,保健医療（実質）,2007-02,4.5,false
seasonallyAdjusted,19,,交通・通信（実質）,2007-02,15.9,false
seasonallyAdjusted,20,,教育（実質）,2007-02,3.2,false
seasonallyAdjusted,21,,教養娯楽（実質）,2007-02,12.7,false
seasonallyAdjusted,22,,その他の消費支出（実質）,2007-02,,true
seasonallyAdjusted,1,,消費支出（名目）,2007-03,98.5,false
seasonallyAdjusted,2,,食料（名目）,2007-03,23.4,false
seasonallyAdjusted,3,,住居（名目）,2007-03,7.4,false
seasonallyAdjusted,4,,光熱・水道（名目）,2007-03,6.6,false
seasonallyAdjusted,5,,家具・家事用品（名目）,2007-03,3.3,false
seasonallyAdjusted,6,,被服及び履物（名目）,2007-03,4.5,false
seasonallyAdjusted,7,,保健医療（名目）,2007-03,4.1,false
seasonallyAdjusted,8,,交通・通信（名目）,2007-03,15.4,false
seasonallyAdjusted,9,,教育（名目）,2007-03,3.7,false
seasonallyAdjusted,10,,教養娯楽（名目）,2007-03,11,false
seasonallyAdjusted,11,,その他の消費支出（名目）,2007-03,,true
seasonallyAdjusted,12,,消費支出（実質）,2007-03,119.6,false
seasonallyAdjusted,13,,食料（実質）,2007-03,34,false
seasonallyAdjusted,14,,住居（実質）,2007-03,8.7,false
seasonallyAdjusted,15,,光熱・水道（実質）,2007-03,9,false
seasonallyAdjusted,16,,家具・家事用品（実質）,2007-03,3.7,false
seasonallyAdjusted,17,,被服及び履物（実質）,2007-03,5.3,false
seasonallyAdjusted,18,,保健医療（実質）,2007-03,4.4,false
seasonallyAdjusted,19,,交通・通信（実質）,2007-03,15.6,false
seasonallyAdjusted,20,,教育（実質）,2007-03,3.1,false
seasonallyAdjusted,21,,教養娯楽（実質）,2007-03,12.4,false
seasonallyAdjusted,22,,その他の消費支出（実質）,2007-03,,true
seasonallyAdjusted,1,,消費支出（名目）,2007-04,99.6,false
seasonallyAdjusted,2,,食料（名目）,2007-04,23.4,false
seasonallyAdjusted,3,,住居（名目）,2007-04,7.1,false
seasonallyAdjusted,4,,光熱・水道（名目）,2007-04,6.6,false
seasonallyAdjusted,5,,家具・家事用品（名目）,2007-04,3.6,false
seasonallyAdjusted,6,,被服及び履物（名目）,2007-04,4.5,false
seasonallyAdjusted,7,,保健医療（名目）,2007-04,4.3,false
seasonallyAdjusted,8,,交通・通信（名目）,2007-04,15.1,false
seasonallyAdjusted,9,,教育（名目）,2007-04,4,false
seasonallyAdjusted,10,,教養娯楽（名目）,2007-04,11.2,false
seasonallyAdjusted,11,,その他の消費支出（名目）,2007-04,,true
seasonallyAdjusted,12,,消費支出（実質）,2007-04,120.6,false
seasonallyAdjusted,13,,食料（実質）,2007-04,34.1,false
seasonallyAdjusted,14,,住居（実質）,2007-04,8.3,false
seasonallyAdjusted,15,,光熱・水道（実質）,2007-04,9,false
seasonallyAdjusted,16,,家具・家事用品（実質）,2007-04,3.9,false
seasonallyAdjusted,17,,被服及び履物（実質）,2007-04,5.4,false
seasonallyAdjusted,18,,保健医療（実質）,2007-04,4.6,false
seasonallyAdjusted,19,,交通・通信（実質）,2007-04,15.1,false
seasonallyAdjusted,20,,教育（実質）,2007-04,3.4,false
seasonallyAdjusted,21,,教養娯楽（実質）,2007-04,12.5,false
seasonallyAdjusted,22,,その他の消費支出（実質）,2007-04,,true
seasonallyAdjusted,1,,消費支出（名目）,2007-05,98.9,false
seasonallyAdjusted,2,,食料（名目）,2007-05,23.3,false
seasonallyAdjusted,3,,住居（名目）,2007-05,6.7,false
seasonallyAdjusted,4,,光熱・水道（名目）,2007-05,6.9,false
seasonallyAdjusted,5,,家具・家事用品（名目）,2007-05,3.4,false
seasonallyAdjusted,6,,被服及び履物（名目）,2007-05,4.7,false
seasonallyAdjusted,7,,保健医療（名目）,2007-05,4.3,false
seasonallyAdjusted,8,,交通・通信（名目）,2007-05,14.7,false
seasonallyAdjusted,9,,教育（名目）,2007-05,3.8,false
seasonallyAdjusted,10,,教養娯楽（名目）,2007-05,11.3,false
seasonallyAdjusted,11,,その他の消費支出（名目）,2007-05,,true
seasonallyAdjusted,12,,消費支出（実質）,2007-05,119.8,false
seasonallyAdjusted,13,,食料（実質）,2007-05,34,false
seasonallyAdjusted,14,,住居（実質）,2007-05,7.9,false
seasonallyAdjusted,15,,光熱・水道（実質）,2007-05,9.4,false
seasonallyAdjusted,16,,家具・家事用品（実質）,2007-05,3.7,false
seasonallyAdjusted,17,,被服及び履物（実質）,2007-05,5.6,false
seasonallyAdjusted,18,,保健医療（実質）,2007-05,4.6,false
seasonallyAdjusted,19,,交通・通信（実質）,2007-05,14.8,false
seasonallyAdjusted,20,,教育（実質）,2007-05,3.3,false
seasonallyAdjusted,21,,教養娯楽（実質）,2007-05,12.7,false
seasonallyAdjusted,22,,その他の消費支出（実質）,2007-05,,true
seasonallyAdjusted,1,,消費支出（名目）,2007-06,99.7,false
seasonallyAdjusted,2,,食料（名目）,2007-06,23.3,false
seasonallyAdjusted,3,,住居（名目）,2007-06,6.9,false
seasonallyAdjusted,4,,光熱・水道（名目）,2007-06,6.7,false
seasonallyAdjusted,5,,家具・家事用品（名目）,2007-06,3.4,false
seasonallyAdjusted,6,,被服及び履物（名目）,2007-06,4.6,false
seasonallyAdjusted,7,,保健医療（名目）,2007-06,4.3,false
seasonallyAdjusted,8,,交通・通信（名目）,2007-06,15.2,false
seasonallyAdjusted,9,,教育（名目）,2007-06,3.7,false
seasonallyAdjusted,10,,教養娯楽（名目）,2007-06,11,false
seasonallyAdjusted,11,,その他の消費支出（名目）,2007-06,,true
seasonallyAdjusted,12,,消費支出（実質）,2007-06,121,false
seasonallyAdjusted,13,,食料（実質）,2007-06,34,false
seasonallyAdjusted,14,,住居（実質）,2007-06,8.2,false
seasonallyAdjusted,15,,光熱・水道（実質）,2007-06,9.2,false
seasonallyAdjusted,16,,家具・家事用品（実質）,2007-06,3.8,false
seasonallyAdjusted,17,,被服及び履物（実質）,2007-06,5.5,false
seasonallyAdjusted,18,,保健医療（実質）,2007-06,4.6,false
seasonallyAdjusted,19,,交通・通信（実質）,2007-06,15.3,false
seasonallyAdjusted,20,,教育（実質）,2007-06,3.1,false
seasonallyAdjusted,21,,教養娯楽（実質）,2007-06,12.4,false
seasonallyAdjusted,22,,その他の消費支出（実質）,2007-06,,true
seasonallyAdjusted,1,,消費支出（名目）,2007-07,97.4,false
seasonallyAdjusted,2,,食料（名目）,2007-07,23,false
seasonallyAdjusted,3,,住居（名目）,2007-07,6.5,false
seasonallyAdjusted,4,,光熱・水道（名目）,2007-07,6.8,false
seasonallyAdjusted,5,,家具・家事用品（名目）,2007-07,3.2,false
seasonallyAdjusted,6,,被服及び履物（名目）,2007-07,4.5,false
seasonallyAdjusted,7,,保健医療（名目）,2007-07,4.2,false
seasonallyAdjusted,8,,交通・通信（名目）,2007-07,14.7,false
seasonallyAdjusted,9,,教育（名目）,2007-07,3.7,false
seasonallyAdjusted,10,,教養娯楽（名目）,2007-07,11.2,false
seasonallyAdjusted,11,,その他の消費支出（名目）,2007-07,,true
seasonallyAdjusted,12,,消費支出（実質）,2007-07,118.3,false
seasonallyAdjusted,13,,食料（実質）,2007-07,33.4,false
seasonallyAdjusted,14,,住居（実質）,2007-07,7.6,false
seasonallyAdjusted,15,,光熱・水道（実質）,2007-07,9.3,false
seasonallyAdjusted,16,,家具・家事用品（実質）,2007-07,3.5,false
seasonallyAdjusted,17,,被服及び履物（実質）,2007-07,5.3,false
seasonallyAdjusted,18,,保健医療（実質）,2007-07,4.5,false
seasonallyAdjusted,19,,交通・通信（実質）,2007-07,14.9,false
seasonallyAdjusted,20,,教育（実質）,2007-07,3.1,false
seasonallyAdjusted,21,,教養娯楽（実質）,2007-07,12.6,false
seasonallyAdjusted,22,,その他の消費支出（実質）,2007-07,,true
seasonallyAdjusted,1,,消費支出（名目）,2007-08,99.2,false
seasonallyAdjusted,2,,食料（名目）,2007-08,23.6,false
seasonallyAdjusted,3,,住居（名目）,2007-08,6.6,false
seasonallyAdjusted,4,,光熱・水道（名目）,2007-08,6.6,false
seasonallyAdjusted,5,,家具・家事用品（名目）,2007-08,3.5,false
seasonallyAdjusted,6,,被服及び履物（名目）,2007-08,4.6,false
seasonallyAdjusted,7,,保健医療（名目）,2007-08,4.2,false
seasonallyAdjusted,8,,交通・通信（名目）,2007-08,15.1,false
seasonallyAdjusted,9,,教育（名目）,2007-08,3.8,false
seasonallyAdjusted,10,,教養娯楽（名目）,2007-08,11.1,false
seasonallyAdjusted,11,,その他の消費支出（名目）,2007-08,,true
seasonallyAdjusted,12,,消費支出（実質）,2007-08,120.2,false
seasonallyAdjusted,13,,食料（実質）,2007-08,34.1,false
seasonallyAdjusted,14,,住居（実質）,2007-08,7.8,false
seasonallyAdjusted,15,,光熱・水道（実質）,2007-08,9,false
seasonallyAdjusted,16,,家具・家事用品（実質）,2007-08,3.9,false
seasonallyAdjusted,17,,被服及び履物（実質）,2007-08,5.5,false
seasonallyAdjusted,18,,保健医療（実質）,2007-08,4.5,false
seasonallyAdjusted,19,,交通・通信（実質）,2007-08,15.2,false
seasonallyAdjusted,20,,教育（実質）,2007-08,3.3,false
seasonallyAdjusted,21,,教養娯楽（実質）,2007-08,12.6,false
seasonallyAdjusted,22,,その他の消費支出（実質）,2007-08,,true
seasonallyAdjusted,1,,消費支出（名目）,2007-09,98.9,false
seasonallyAdjusted,2,,食料（名目）,2007-09,23.4,false
seasonallyAdjusted,3,,住居（名目）,2007-09,6.6,false
seasonallyAdjusted,4,,光熱・水道（名目）,2007-09,6.9,false
seasonallyAdjusted,5,,家具・家事用品（名目）,2007-09,3.4,false
seasonallyAdjusted,6,,被服及び履物（名目）,2007-09,4.3,false
seasonallyAdjusted,7,,保健医療（名目）,2007-09,4.3,false
seasonallyAdjusted,8,,交通・通信（名目）,2007-09,15.5,false
seasonallyAdjusted,9,,教育（名目）,2007-09,3.8,false
seasonallyAdjusted,10,,教養娯楽（名目）,2007-09,11,false
seasonallyAdjusted,11,,その他の消費支出（名目）,2007-09,,true
seasonallyAdjusted,12,,消費支出（実質）,2007-09,119.8,false
seasonallyAdjusted,13,,食料（実質）,2007-09,33.9,false
seasonallyAdjusted,14,,住居（実質）,2007-09,7.8,false
seasonallyAdjusted,15,,光熱・水道（実質）,2007-09,9.5,false
seasonallyAdjusted,16,,家具・家事用品（実質）,2007-09,3.8,false
seasonallyAdjusted,17,,被服及び履物（実質）,2007-09,5.1,false
seasonallyAdjusted,18,,保健医療（実質）,2007-09,4.6,false
seasonallyAdjusted,19,,交通・通信（実質）,2007-09,15.6,false
seasonallyAdjusted,20,,教育（実質）,2007-09,3.2,false
seasonallyAdjusted,21,,教養娯楽（実質）,2007-09,12.4,false
seasonallyAdjusted,22,,その他の消費支出（実質）,2007-09,,true
seasonallyAdjusted,1,,消費支出（名目）,2007-10,99.2,false
seasonallyAdjusted,2,,食料（名目）,2007-10,23.1,false
seasonallyAdjusted,3,,住居（名目）,2007-10,6.5,false
seasonallyAdjusted,4,,光熱・水道（名目）,2007-10,7,false
seasonallyAdjusted,5,,家具・家事用品（名目）,2007-10,3.4,false
seasonallyAdjusted,6,,被服及び履物（名目）,2007-10,4.6,false
seasonallyAdjusted,7,,保健医療（名目）,2007-10,4.1,false
seasonallyAdjusted,8,,交通・通信（名目）,2007-10,15.5,false
seasonallyAdjusted,9,,教育（名目）,2007-10,3.8,false
seasonallyAdjusted,10,,教養娯楽（名目）,2007-10,11,false
seasonallyAdjusted,11,,その他の消費支出（名目）,2007-10,,true
seasonallyAdjusted,12,,消費支出（実質）,2007-10,119.9,false
seasonallyAdjusted,13,,食料（実質）,2007-10,33.4,false
seasonallyAdjusted,14,,住居（実質）,2007-10,7.7,false
seasonallyAdjusted,15,,光熱・水道（実質）,2007-10,9.5,false
seasonallyAdjusted,16,,家具・家事用品（実質）,2007-10,3.7,false
seasonallyAdjusted,17,,被服及び履物（実質）,2007-10,5.4,false
seasonallyAdjusted,18,,保健医療（実質）,2007-10,4.4,false
seasonallyAdjusted,19,,交通・通信（実質）,2007-10,15.6,false
seasonallyAdjusted,20,,教育（実質）,2007-10,3.2,false
seasonallyAdjusted,21,,教養娯楽（実質）,2007-10,12.4,false
seasonallyAdjusted,22,,その他の消費支出（実質）,2007-10,,true
seasonallyAdjusted,1,,消費支出（名目）,2007-11,99.5,false
seasonallyAdjusted,2,,食料（名目）,2007-11,23.3,false
seasonallyAdjusted,3,,住居（名目）,2007-11,6.4,false
seasonallyAdjusted,4,,光熱・水道（名目）,2007-11,7,false
seasonallyAdjusted,5,,家具・家事用品（名目）,2007-11,3.5,false
seasonallyAdjusted,6,,被服及び履物（名目）,2007-11,4.5,false
seasonallyAdjusted,7,,保健医療（名目）,2007-11,4.2,false
seasonallyAdjusted,8,,交通・通信（名目）,2007-11,15.4,false
seasonallyAdjusted,9,,教育（名目）,2007-11,3.9,false
seasonallyAdjusted,10,,教養娯楽（名目）,2007-11,11.1,false
seasonallyAdjusted,11,,その他の消費支出（名目）,2007-11,,true
seasonallyAdjusted,12,,消費支出（実質）,2007-11,120,false
seasonallyAdjusted,13,,食料（実質）,2007-11,33.7,false
seasonallyAdjusted,14,,住居（実質）,2007-11,7.6,false
seasonallyAdjusted,15,,光熱・水道（実質）,2007-11,9.4,false
seasonallyAdjusted,16,,家具・家事用品（実質）,2007-11,3.8,false
seasonallyAdjusted,17,,被服及び履物（実質）,2007-11,5.3,false
seasonallyAdjusted,18,,保健医療（実質）,2007-11,4.6,false
seasonallyAdjusted,19,,交通・通信（実質）,2007-11,15,false
seasonallyAdjusted,20,,教育（実質）,2007-11,3.3,false
seasonallyAdjusted,21,,教養娯楽（実質）,2007-11,12.4,false
seasonallyAdjusted,22,,その他の消費支出（実質）,2007-11,,true
seasonallyAdjusted,1,,消費支出（名目）,2007-12,100,false
seasonallyAdjusted,2,,食料（名目）,2007-12,23.3,false
seasonallyAdjusted,3,,住居（名目）,2007-12,6.9,false
seasonallyAdjusted,4,,光熱・水道（名目）,2007-12,7.1,false
seasonallyAdjusted,5,,家具・家事用品（名目）,2007-12,3.6,false
seasonallyAdjusted,6,,被服及び履物（名目）,2007-12,4.4,false
seasonallyAdjusted,7,,保健医療（名目）,2007-12,4.1,false
seasonallyAdjusted,8,,交通・通信（名目）,2007-12,15.4,false
seasonallyAdjusted,9,,教育（名目）,2007-12,3.9,false
seasonallyAdjusted,10,,教養娯楽（名目）,2007-12,11.5,false
seasonallyAdjusted,11,,その他の消費支出（名目）,2007-12,,true
seasonallyAdjusted,12,,消費支出（実質）,2007-12,119.9,false
seasonallyAdjusted,13,,食料（実質）,2007-12,33.6,false
seasonallyAdjusted,14,,住居（実質）,2007-12,8.1,false
seasonallyAdjusted,15,,光熱・水道（実質）,2007-12,9.3,false
seasonallyAdjusted,16,,家具・家事用品（実質）,2007-12,4,false
seasonallyAdjusted,17,,被服及び履物（実質）,2007-12,5.2,false
seasonallyAdjusted,18,,保健医療（実質）,2007-12,4.4,false
seasonallyAdjusted,19,,交通・通信（実質）,2007-12,15,false
seasonallyAdjusted,20,,教育（実質）,2007-12,3.3,false
seasonallyAdjusted,21,,教養娯楽（実質）,2007-12,12.9,false
seasonallyAdjusted,22,,その他の消費支出（実質）,2007-12,,true
seasonallyAdjusted,1,,消費支出（名目）,2008-01,103.3,false
seasonallyAdjusted,2,,食料（名目）,2008-01,23.2,false
seasonallyAdjusted,3,,住居（名目）,2008-01,7.3,false
seasonallyAdjusted,4,,光熱・水道（名目）,2008-01,7.1,false
seasonallyAdjusted,5,,家具・家事用品（名目）,2008-01,3.4,false
seasonallyAdjusted,6,,被服及び履物（名目）,2008-01,4.5,false
seasonallyAdjusted,7,,保健医療（名目）,2008-01,4.1,false
seasonallyAdjusted,8,,交通・通信（名目）,2008-01,17.3,false
seasonallyAdjusted,9,,教育（名目）,2008-01,3.9,false
seasonallyAdjusted,10,,教養娯楽（名目）,2008-01,11.3,false
seasonallyAdjusted,11,,その他の消費支出（名目）,2008-01,,true
seasonallyAdjusted,12,,消費支出（実質）,2008-01,124.1,false
seasonallyAdjusted,13,,食料（実質）,2008-01,33.7,false
seasonallyAdjusted,14,,住居（実質）,2008-01,8.6,false
seasonallyAdjusted,15,,光熱・水道（実質）,2008-01,9.4,false
seasonallyAdjusted,16,,家具・家事用品（実質）,2008-01,3.8,false
seasonallyAdjusted,17,,被服及び履物（実質）,2008-01,5.3,false
seasonallyAdjusted,18,,保健医療（実質）,2008-01,4.4,false
seasonallyAdjusted,19,,交通・通信（実質）,2008-01,17,false
seasonallyAdjusted,20,,教育（実質）,2008-01,3.3,false
seasonallyAdjusted,21,,教養娯楽（実質）,2008-01,12.7,false
seasonallyAdjusted,22,,その他の消費支出（実質）,2008-01,,true
seasonallyAdjusted,1,,消費支出（名目）,2008-02,99.2,false
seasonallyAdjusted,2,,食料（名目）,2008-02,23.2,false
seasonallyAdjusted,3,,住居（名目）,2008-02,6.6,false
seasonallyAdjusted,4,,光熱・水道（名目）,2008-02,7.4,false
seasonallyAdjusted,5,,家具・家事用品（名目）,2008-02,3.7,false
seasonallyAdjusted,6,,被服及び履物（名目）,2008-02,4.6,false
seasonallyAdjusted,7,,保健医療（名目）,2008-02,4.1,false
seasonallyAdjusted,8,,交通・通信（名目）,2008-02,15,false
seasonallyAdjusted,9,,教育（名目）,2008-02,3.9,false
seasonallyAdjusted,10,,教養娯楽（名目）,2008-02,11.3,false
seasonallyAdjusted,11,,その他の消費支出（名目）,2008-02,,true
seasonallyAdjusted,12,,消費支出（実質）,2008-02,119.1,false
seasonallyAdjusted,13,,食料（実質）,2008-02,33.5,false
seasonallyAdjusted,14,,住居（実質）,2008-02,7.8,false
seasonallyAdjusted,15,,光熱・水道（実質）,2008-02,9.8,false
seasonallyAdjusted,16,,家具・家事用品（実質）,2008-02,4.2,false
seasonallyAdjusted,17,,被服及び履物（実質）,2008-02,5.4,false
seasonallyAdjusted,18,,保健医療（実質）,2008-02,4.4,false
seasonallyAdjusted,19,,交通・通信（実質）,2008-02,14.7,false
seasonallyAdjusted,20,,教育（実質）,2008-02,3.3,false
seasonallyAdjusted,21,,教養娯楽（実質）,2008-02,12.8,false
seasonallyAdjusted,22,,その他の消費支出（実質）,2008-02,,true
seasonallyAdjusted,1,,消費支出（名目）,2008-03,99,false
seasonallyAdjusted,2,,食料（名目）,2008-03,23.4,false
seasonallyAdjusted,3,,住居（名目）,2008-03,6.5,false
seasonallyAdjusted,4,,光熱・水道（名目）,2008-03,7.2,false
seasonallyAdjusted,5,,家具・家事用品（名目）,2008-03,3.5,false
seasonallyAdjusted,6,,被服及び履物（名目）,2008-03,4.6,false
seasonallyAdjusted,7,,保健医療（名目）,2008-03,4.2,false
seasonallyAdjusted,8,,交通・通信（名目）,2008-03,15,false
seasonallyAdjusted,9,,教育（名目）,2008-03,4.1,false
seasonallyAdjusted,10,,教養娯楽（名目）,2008-03,11.2,false
seasonallyAdjusted,11,,その他の消費支出（名目）,2008-03,,true
seasonallyAdjusted,12,,消費支出（実質）,2008-03,118.7,false
seasonallyAdjusted,13,,食料（実質）,2008-03,33.5,false
seasonallyAdjusted,14,,住居（実質）,2008-03,7.7,false
seasonallyAdjusted,15,,光熱・水道（実質）,2008-03,9.4,false
seasonallyAdjusted,16,,家具・家事用品（実質）,2008-03,3.9,false
seasonallyAdjusted,17,,被服及び履物（実質）,2008-03,5.4,false
seasonallyAdjusted,18,,保健医療（実質）,2008-03,4.5,false
seasonallyAdjusted,19,,交通・通信（実質）,2008-03,14.7,false
seasonallyAdjusted,20,,教育（実質）,2008-03,3.4,false
seasonallyAdjusted,21,,教養娯楽（実質）,2008-03,12.7,false
seasonallyAdjusted,22,,その他の消費支出（実質）,2008-03,,true
seasonallyAdjusted,1,,消費支出（名目）,2008-04,98.9,false
seasonallyAdjusted,2,,食料（名目）,2008-04,23.3,false
seasonallyAdjusted,3,,住居（名目）,2008-04,6.6,false
seasonallyAdjusted,4,,光熱・水道（名目）,2008-04,6.9,false
seasonallyAdjusted,5,,家具・家事用品（名目）,2008-04,3.5,false
seasonallyAdjusted,6,,被服及び履物（名目）,2008-04,4.4,false
seasonallyAdjusted,7,,保健医療（名目）,2008-04,4.1,false
seasonallyAdjusted,8,,交通・通信（名目）,2008-04,15.7,false
seasonallyAdjusted,9,,教育（名目）,2008-04,3.9,false
seasonallyAdjusted,10,,教養娯楽（名目）,2008-04,11.1,false
seasonallyAdjusted,11,,その他の消費支出（名目）,2008-04,,true
seasonallyAdjusted,12,,消費支出（実質）,2008-04,118.8,false
seasonallyAdjusted,13,,食料（実質）,2008-04,33.3,false
seasonallyAdjusted,14,,住居（実質）,2008-04,7.7,false
seasonallyAdjusted,15,,光熱・水道（実質）,2008-04,8.9,false
seasonallyAdjusted,16,,家具・家事用品（実質）,2008-04,3.9,false
seasonallyAdjusted,17,,被服及び履物（実質）,2008-04,5.3,false
seasonallyAdjusted,18,,保健医療（実質）,2008-04,4.4,false
seasonallyAdjusted,19,,交通・通信（実質）,2008-04,15.8,false
seasonallyAdjusted,20,,教育（実質）,2008-04,3.3,false
seasonallyAdjusted,21,,教養娯楽（実質）,2008-04,12.5,false
seasonallyAdjusted,22,,その他の消費支出（実質）,2008-04,,true
seasonallyAdjusted,1,,消費支出（名目）,2008-05,99.3,false
seasonallyAdjusted,2,,食料（名目）,2008-05,23.3,false
seasonallyAdjusted,3,,住居（名目）,2008-05,6.9,false
seasonallyAdjusted,4,,光熱・水道（名目）,2008-05,6.9,false
seasonallyAdjusted,5,,家具・家事用品（名目）,2008-05,3.4,false
seasonallyAdjusted,6,,被服及び履物（名目）,2008-05,4.4,false
seasonallyAdjusted,7,,保健医療（名目）,2008-05,4,false
seasonallyAdjusted,8,,交通・通信（名目）,2008-05,15.6,false
seasonallyAdjusted,9,,教育（名目）,2008-05,4.1,false
seasonallyAdjusted,10,,教養娯楽（名目）,2008-05,10.9,false
seasonallyAdjusted,11,,その他の消費支出（名目）,2008-05,,true
seasonallyAdjusted,12,,消費支出（実質）,2008-05,118.5,false
seasonallyAdjusted,13,,食料（実質）,2008-05,33.1,false
seasonallyAdjusted,14,,住居（実質）,2008-05,8.2,false
seasonallyAdjusted,15,,光熱・水道（実質）,2008-05,8.9,false
seasonallyAdjusted,16,,家具・家事用品（実質）,2008-05,3.8,false
seasonallyAdjusted,17,,被服及び履物（実質）,2008-05,5.2,false
seasonallyAdjusted,18,,保健医療（実質）,2008-05,4.3,false
seasonallyAdjusted,19,,交通・通信（実質）,2008-05,15.3,false
seasonallyAdjusted,20,,教育（実質）,2008-05,3.4,false
seasonallyAdjusted,21,,教養娯楽（実質）,2008-05,12.4,false
seasonallyAdjusted,22,,その他の消費支出（実質）,2008-05,,true
seasonallyAdjusted,1,,消費支出（名目）,2008-06,98.6,false
seasonallyAdjusted,2,,食料（名目）,2008-06,23.3,false
seasonallyAdjusted,3,,住居（名目）,2008-06,7,false
seasonallyAdjusted,4,,光熱・水道（名目）,2008-06,7,false
seasonallyAdjusted,5,,家具・家事用品（名目）,2008-06,3.6,false
seasonallyAdjusted,6,,被服及び履物（名目）,2008-06,4.1,false
seasonallyAdjusted,7,,保健医療（名目）,2008-06,4,false
seasonallyAdjusted,8,,交通・通信（名目）,2008-06,15.1,false
seasonallyAdjusted,9,,教育（名目）,2008-06,4.1,false
seasonallyAdjusted,10,,教養娯楽（名目）,2008-06,11.2,false
seasonallyAdjusted,11,,その他の消費支出（名目）,2008-06,,true
seasonallyAdjusted,12,,消費支出（実質）,2008-06,116.9,false
seasonallyAdjusted,13,,食料（実質）,2008-06,32.8,false
seasonallyAdjusted,14,,住居（実質）,2008-06,8.2,false
seasonallyAdjusted,15,,光熱・水道（実質）,2008-06,9,false
seasonallyAdjusted,16,,家具・家事用品（実質）,2008-06,4,false
seasonallyAdjusted,17,,被服及び履物（実質）,2008-06,4.9,false
seasonallyAdjusted,18,,保健医療（実質）,2008-06,4.3,false
seasonallyAdjusted,19,,交通・通信（実質）,2008-06,14.7,false
seasonallyAdjusted,20,,教育（実質）,2008-06,3.5,false
seasonallyAdjusted,21,,教養娯楽（実質）,2008-06,12.7,false
seasonallyAdjusted,22,,その他の消費支出（実質）,2008-06,,true
seasonallyAdjusted,1,,消費支出（名目）,2008-07,100.1,false
seasonallyAdjusted,2,,食料（名目）,2008-07,23.4,false
seasonallyAdjusted,3,,住居（名目）,2008-07,7.5,false
seasonallyAdjusted,4,,光熱・水道（名目）,2008-07,7.1,false
seasonallyAdjusted,5,,家具・家事用品（名目）,2008-07,3.7,false
seasonallyAdjusted,6,,被服及び履物（名目）,2008-07,4.7,false
seasonallyAdjusted,7,,保健医療（名目）,2008-07,4.2,false
seasonallyAdjusted,8,,交通・通信（名目）,2008-07,15.6,false
seasonallyAdjusted,9,,教育（名目）,2008-07,4,false
seasonallyAdjusted,10,,教養娯楽（名目）,2008-07,11.1,false
seasonallyAdjusted,11,,その他の消費支出（名目）,2008-07,,true
seasonallyAdjusted,12,,消費支出（実質）,2008-07,118.3,false
seasonallyAdjusted,13,,食料（実質）,2008-07,32.9,false
seasonallyAdjusted,14,,住居（実質）,2008-07,8.8,false
seasonallyAdjusted,15,,光熱・水道（実質）,2008-07,8.8,false
seasonallyAdjusted,16,,家具・家事用品（実質）,2008-07,4.1,false
seasonallyAdjusted,17,,被服及び履物（実質）,2008-07,5.5,false
seasonallyAdjusted,18,,保健医療（実質）,2008-07,4.6,false
seasonallyAdjusted,19,,交通・通信（実質）,2008-07,15,false
seasonallyAdjusted,20,,教育（実質）,2008-07,3.4,false
seasonallyAdjusted,21,,教養娯楽（実質）,2008-07,12.5,false
seasonallyAdjusted,22,,その他の消費支出（実質）,2008-07,,true
seasonallyAdjusted,1,,消費支出（名目）,2008-08,98.5,false
seasonallyAdjusted,2,,食料（名目）,2008-08,23.3,false
seasonallyAdjusted,3,,住居（名目）,2008-08,6.8,false
seasonallyAdjusted,4,,光熱・水道（名目）,2008-08,7.1,false
seasonallyAdjusted,5,,家具・家事用品（名目）,2008-08,3.4,false
seasonallyAdjusted,6,,被服及び履物（名目）,2008-08,4.4,false
seasonallyAdjusted,7,,保健医療（名目）,2008-08,4.1,false
seasonallyAdjusted,8,,交通・通信（名目）,2008-08,15.5,false
seasonallyAdjusted,9,,教育（名目）,2008-08,3.9,false
seasonallyAdjusted,10,,教養娯楽（名目）,2008-08,10.9,false
seasonallyAdjusted,11,,その他の消費支出（名目）,2008-08,,true
seasonallyAdjusted,12,,消費支出（実質）,2008-08,116.7,false
seasonallyAdjusted,13,,食料（実質）,2008-08,32.7,false
seasonallyAdjusted,14,,住居（実質）,2008-08,8,false
seasonallyAdjusted,15,,光熱・水道（実質）,2008-08,8.9,false
seasonallyAdjusted,16,,家具・家事用品（実質）,2008-08,3.7,false
seasonallyAdjusted,17,,被服及び履物（実質）,2008-08,5.2,false
seasonallyAdjusted,18,,保健医療（実質）,2008-08,4.4,false
seasonallyAdjusted,19,,交通・通信（実質）,2008-08,14.9,false
seasonallyAdjusted,20,,教育（実質）,2008-08,3.3,false
seasonallyAdjusted,21,,教養娯楽（実質）,2008-08,12.4,false
seasonallyAdjusted,22,,その他の消費支出（実質）,2008-08,,true
seasonallyAdjusted,1,,消費支出（名目）,2008-09,98.6,false
seasonallyAdjusted,2,,食料（名目）,2008-09,23.4,false
seasonallyAdjusted,3,,住居（名目）,2008-09,6.9,false
seasonallyAdjusted,4,,光熱・水道（名目）,2008-09,7,false
seasonallyAdjusted,5,,家具・家事用品（名目）,2008-09,3.6,false
seasonallyAdjusted,6,,被服及び履物（名目）,2008-09,4.5,false
seasonallyAdjusted,7,,保健医療（名目）,2008-09,4.1,false
seasonallyAdjusted,8,,交通・通信（名目）,2008-09,15.1,false
seasonallyAdjusted,9,,教育（名目）,2008-09,3.9,false
seasonallyAdjusted,10,,教養娯楽（名目）,2008-09,11.2,false
seasonallyAdjusted,11,,その他の消費支出（名目）,2008-09,,true
seasonallyAdjusted,12,,消費支出（実質）,2008-09,116.5,false
seasonallyAdjusted,13,,食料（実質）,2008-09,32.9,false
seasonallyAdjusted,14,,住居（実質）,2008-09,8.1,false
seasonallyAdjusted,15,,光熱・水道（実質）,2008-09,8.7,false
seasonallyAdjusted,16,,家具・家事用品（実質）,2008-09,3.9,false
seasonallyAdjusted,17,,被服及び履物（実質）,2008-09,5.3,false
seasonallyAdjusted,18,,保健医療（実質）,2008-09,4.4,false
seasonallyAdjusted,19,,交通・通信（実質）,2008-09,14.7,false
seasonallyAdjusted,20,,教育（実質）,2008-09,3.3,false
seasonallyAdjusted,21,,教養娯楽（実質）,2008-09,12.7,false
seasonallyAdjusted,22,,その他の消費支出（実質）,2008-09,,true
seasonallyAdjusted,1,,消費支出（名目）,2008-10,97.6,false
seasonallyAdjusted,2,,食料（名目）,2008-10,23.5,false
seasonallyAdjusted,3,,住居（名目）,2008-10,7.2,false
seasonallyAdjusted,4,,光熱・水道（名目）,2008-10,7,false
seasonallyAdjusted,5,,家具・家事用品（名目）,2008-10,3.4,false
seasonallyAdjusted,6,,被服及び履物（名目）,2008-10,4.3,false
seasonallyAdjusted,7,,保健医療（名目）,2008-10,4,false
seasonallyAdjusted,8,,交通・通信（名目）,2008-10,14.7,false
seasonallyAdjusted,9,,教育（名目）,2008-10,3.9,false
seasonallyAdjusted,10,,教養娯楽（名目）,2008-10,10.9,false
seasonallyAdjusted,11,,その他の消費支出（名目）,2008-10,,true
seasonallyAdjusted,12,,消費支出（実質）,2008-10,115.4,false
seasonallyAdjusted,13,,食料（実質）,2008-10,32.9,false
seasonallyAdjusted,14,,住居（実質）,2008-10,8.4,false
seasonallyAdjusted,15,,光熱・水道（実質）,2008-10,8.8,false
seasonallyAdjusted,16,,家具・家事用品（実質）,2008-10,3.8,false
seasonallyAdjusted,17,,被服及び履物（実質）,2008-10,5,false
seasonallyAdjusted,18,,保健医療（実質）,2008-10,4.4,false
seasonallyAdjusted,19,,交通・通信（実質）,2008-10,14.5,false
seasonallyAdjusted,20,,教育（実質）,2008-10,3.3,false
seasonallyAdjusted,21,,教養娯楽（実質）,2008-10,12.4,false
seasonallyAdjusted,22,,その他の消費支出（実質）,2008-10,,true
seasonallyAdjusted,1,,消費支出（名目）,2008-11,98,false
seasonallyAdjusted,2,,食料（名目）,2008-11,23.6,false
seasonallyAdjusted,3,,住居（名目）,2008-11,7.2,false
seasonallyAdjusted,4,,光熱・水道（名目）,2008-11,7.1,false
seasonallyAdjusted,5,,家具・家事用品（名目）,2008-11,3.5,false
seasonallyAdjusted,6,,被服及び履物（名目）,2008-11,4.4,false
seasonallyAdjusted,7,,保健医療（名目）,2008-11,4.2,false
seasonallyAdjusted,8,,交通・通信（名目）,2008-11,14.8,false
seasonallyAdjusted,9,,教育（名目）,2008-11,3.9,false
seasonallyAdjusted,10,,教養娯楽（名目）,2008-11,11.3,false
seasonallyAdjusted,11,,その他の消費支出（名目）,2008-11,,true
seasonallyAdjusted,12,,消費支出（実質）,2008-11,116.7,false
seasonallyAdjusted,13,,食料（実質）,2008-11,32.9,false
seasonallyAdjusted,14,,住居（実質）,2008-11,8.4,false
seasonallyAdjusted,15,,光熱・水道（実質）,2008-11,9.1,false
seasonallyAdjusted,16,,家具・家事用品（実質）,2008-11,3.8,false
seasonallyAdjusted,17,,被服及び履物（実質）,2008-11,5.1,false
seasonallyAdjusted,18,,保健医療（実質）,2008-11,4.6,false
seasonallyAdjusted,19,,交通・通信（実質）,2008-11,14.8,false
seasonallyAdjusted,20,,教育（実質）,2008-11,3.3,false
seasonallyAdjusted,21,,教養娯楽（実質）,2008-11,12.6,false
seasonallyAdjusted,22,,その他の消費支出（実質）,2008-11,,true
seasonallyAdjusted,1,,消費支出（名目）,2008-12,97,false
seasonallyAdjusted,2,,食料（名目）,2008-12,23.5,false
seasonallyAdjusted,3,,住居（名目）,2008-12,6.8,false
seasonallyAdjusted,4,,光熱・水道（名目）,2008-12,6.9,false
seasonallyAdjusted,5,,家具・家事用品（名目）,2008-12,3.4,false
seasonallyAdjusted,6,,被服及び履物（名目）,2008-12,4.1,false
seasonallyAdjusted,7,,保健医療（名目）,2008-12,4,false
seasonallyAdjusted,8,,交通・通信（名目）,2008-12,14.1,false
seasonallyAdjusted,9,,教育（名目）,2008-12,3.9,false
seasonallyAdjusted,10,,教養娯楽（名目）,2008-12,11.2,false
seasonallyAdjusted,11,,その他の消費支出（名目）,2008-12,,true
seasonallyAdjusted,12,,消費支出（実質）,2008-12,115.9,false
seasonallyAdjusted,13,,食料（実質）,2008-12,32.8,false
seasonallyAdjusted,14,,住居（実質）,2008-12,7.9,false
seasonallyAdjusted,15,,光熱・水道（実質）,2008-12,9,false
seasonallyAdjusted,16,,家具・家事用品（実質）,2008-12,3.8,false
seasonallyAdjusted,17,,被服及び履物（実質）,2008-12,4.9,false
seasonallyAdjusted,18,,保健医療（実質）,2008-12,4.4,false
seasonallyAdjusted,19,,交通・通信（実質）,2008-12,14.5,false
seasonallyAdjusted,20,,教育（実質）,2008-12,3.3,false
seasonallyAdjusted,21,,教養娯楽（実質）,2008-12,12.6,false
seasonallyAdjusted,22,,その他の消費支出（実質）,2008-12,,true
seasonallyAdjusted,1,,消費支出（名目）,2009-01,96.4,false
seasonallyAdjusted,2,,食料（名目）,2009-01,23.2,false
seasonallyAdjusted,3,,住居（名目）,2009-01,7,false
seasonallyAdjusted,4,,光熱・水道（名目）,2009-01,6.9,false
seasonallyAdjusted,5,,家具・家事用品（名目）,2009-01,3.5,false
seasonallyAdjusted,6,,被服及び履物（名目）,2009-01,4.3,false
seasonallyAdjusted,7,,保健医療（名目）,2009-01,4.1,false
seasonallyAdjusted,8,,交通・通信（名目）,2009-01,13.7,false
seasonallyAdjusted,9,,教育（名目）,2009-01,3.9,false
seasonallyAdjusted,10,,教養娯楽（名目）,2009-01,11,false
seasonallyAdjusted,11,,その他の消費支出（名目）,2009-01,,true
seasonallyAdjusted,12,,消費支出（実質）,2009-01,115.7,false
seasonallyAdjusted,13,,食料（実質）,2009-01,32.6,false
seasonallyAdjusted,14,,住居（実質）,2009-01,8.2,false
seasonallyAdjusted,15,,光熱・水道（実質）,2009-01,8.9,false
seasonallyAdjusted,16,,家具・家事用品（実質）,2009-01,3.8,false
seasonallyAdjusted,17,,被服及び履物（実質）,2009-01,5.1,false
seasonallyAdjusted,18,,保健医療（実質）,2009-01,4.4,false
seasonallyAdjusted,19,,交通・通信（実質）,2009-01,14.3,false
seasonallyAdjusted,20,,教育（実質）,2009-01,3.3,false
seasonallyAdjusted,21,,教養娯楽（実質）,2009-01,12.6,false
seasonallyAdjusted,22,,その他の消費支出（実質）,2009-01,,true
seasonallyAdjusted,1,,消費支出（名目）,2009-02,96.9,false
seasonallyAdjusted,2,,食料（名目）,2009-02,23.1,false
seasonallyAdjusted,3,,住居（名目）,2009-02,7.1,false
seasonallyAdjusted,4,,光熱・水道（名目）,2009-02,6.8,false
seasonallyAdjusted,5,,家具・家事用品（名目）,2009-02,3.2,false
seasonallyAdjusted,6,,被服及び履物（名目）,2009-02,4.1,false
seasonallyAdjusted,7,,保健医療（名目）,2009-02,4.1,false
seasonallyAdjusted,8,,交通・通信（名目）,2009-02,14.8,false
seasonallyAdjusted,9,,教育（名目）,2009-02,3.9,false
seasonallyAdjusted,10,,教養娯楽（名目）,2009-02,10.8,false
seasonallyAdjusted,11,,その他の消費支出（名目）,2009-02,,true
seasonallyAdjusted,12,,消費支出（実質）,2009-02,116.7,false
seasonallyAdjusted,13,,食料（実質）,2009-02,32.5,false
seasonallyAdjusted,14,,住居（実質）,2009-02,8.3,false
seasonallyAdjusted,15,,光熱・水道（実質）,2009-02,8.8,false
seasonallyAdjusted,16,,家具・家事用品（実質）,2009-02,3.5,false
seasonallyAdjusted,17,,被服及び履物（実質）,2009-02,4.9,false
seasonallyAdjusted,18,,保健医療（実質）,2009-02,4.4,false
seasonallyAdjusted,19,,交通・通信（実質）,2009-02,15.3,false
seasonallyAdjusted,20,,教育（実質）,2009-02,3.3,false
seasonallyAdjusted,21,,教養娯楽（実質）,2009-02,12.4,false
seasonallyAdjusted,22,,その他の消費支出（実質）,2009-02,,true
seasonallyAdjusted,1,,消費支出（名目）,2009-03,96.5,false
seasonallyAdjusted,2,,食料（名目）,2009-03,23.1,false
seasonallyAdjusted,3,,住居（名目）,2009-03,6.9,false
seasonallyAdjusted,4,,光熱・水道（名目）,2009-03,6.9,false
seasonallyAdjusted,5,,家具・家事用品（名目）,2009-03,3.5,false
seasonallyAdjusted,6,,被服及び履物（名目）,2009-03,4.2,false
seasonallyAdjusted,7,,保健医療（名目）,2009-03,4.2,false
seasonallyAdjusted,8,,交通・通信（名目）,2009-03,14.3,false
seasonallyAdjusted,9,,教育（名目）,2009-03,3.8,false
seasonallyAdjusted,10,,教養娯楽（名目）,2009-03,11.1,false
seasonallyAdjusted,11,,その他の消費支出（名目）,2009-03,,true
seasonallyAdjusted,12,,消費支出（実質）,2009-03,116.2,false
seasonallyAdjusted,13,,食料（実質）,2009-03,32.5,false
seasonallyAdjusted,14,,住居（実質）,2009-03,8,false
seasonallyAdjusted,15,,光熱・水道（実質）,2009-03,8.9,false
seasonallyAdjusted,16,,家具・家事用品（実質）,2009-03,3.9,false
seasonallyAdjusted,17,,被服及び履物（実質）,2009-03,5,false
seasonallyAdjusted,18,,保健医療（実質）,2009-03,4.5,false
seasonallyAdjusted,19,,交通・通信（実質）,2009-03,14.8,false
seasonallyAdjusted,20,,教育（実質）,2009-03,3.2,false
seasonallyAdjusted,21,,教養娯楽（実質）,2009-03,12.7,false
seasonallyAdjusted,22,,その他の消費支出（実質）,2009-03,,true
seasonallyAdjusted,1,,消費支出（名目）,2009-04,97.5,false
seasonallyAdjusted,2,,食料（名目）,2009-04,23.2,false
seasonallyAdjusted,3,,住居（名目）,2009-04,6.9,false
seasonallyAdjusted,4,,光熱・水道（名目）,2009-04,6.9,false
seasonallyAdjusted,5,,家具・家事用品（名目）,2009-04,3.5,false
seasonallyAdjusted,6,,被服及び履物（名目）,2009-04,4.3,false
seasonallyAdjusted,7,,保健医療（名目）,2009-04,4.1,false
seasonallyAdjusted,8,,交通・通信（名目）,2009-04,14.4,false
seasonallyAdjusted,9,,教育（名目）,2009-04,4,false
seasonallyAdjusted,10,,教養娯楽（名目）,2009-04,11.1,false
seasonallyAdjusted,11,,その他の消費支出（名目）,2009-04,,true
seasonallyAdjusted,12,,消費支出（実質）,2009-04,117.1,false
seasonallyAdjusted,13,,食料（実質）,2009-04,32.7,false
seasonallyAdjusted,14,,住居（実質）,2009-04,8.1,false
seasonallyAdjusted,15,,光熱・水道（実質）,2009-04,9,false
seasonallyAdjusted,16,,家具・家事用品（実質）,2009-04,4,false
seasonallyAdjusted,17,,被服及び履物（実質）,2009-04,5.1,false
seasonallyAdjusted,18,,保健医療（実質）,2009-04,4.4,false
seasonallyAdjusted,19,,交通・通信（実質）,2009-04,14.8,false
seasonallyAdjusted,20,,教育（実質）,2009-04,3.3,false
seasonallyAdjusted,21,,教養娯楽（実質）,2009-04,12.9,false
seasonallyAdjusted,22,,その他の消費支出（実質）,2009-04,,true
seasonallyAdjusted,1,,消費支出（名目）,2009-05,97.7,false
seasonallyAdjusted,2,,食料（名目）,2009-05,23.4,false
seasonallyAdjusted,3,,住居（名目）,2009-05,7,false
seasonallyAdjusted,4,,光熱・水道（名目）,2009-05,6.8,false
seasonallyAdjusted,5,,家具・家事用品（名目）,2009-05,3.6,false
seasonallyAdjusted,6,,被服及び履物（名目）,2009-05,4.2,false
seasonallyAdjusted,7,,保健医療（名目）,2009-05,4.2,false
seasonallyAdjusted,8,,交通・通信（名目）,2009-05,14.6,false
seasonallyAdjusted,9,,教育（名目）,2009-05,3.8,false
seasonallyAdjusted,10,,教養娯楽（名目）,2009-05,11,false
seasonallyAdjusted,11,,その他の消費支出（名目）,2009-05,,true
seasonallyAdjusted,12,,消費支出（実質）,2009-05,118.1,false
seasonallyAdjusted,13,,食料（実質）,2009-05,33,false
seasonallyAdjusted,14,,住居（実質）,2009-05,8.2,false
seasonallyAdjusted,15,,光熱・水道（実質）,2009-05,9,false
seasonallyAdjusted,16,,家具・家事用品（実質）,2009-05,4,false
seasonallyAdjusted,17,,被服及び履物（実質）,2009-05,4.9,false
seasonallyAdjusted,18,,保健医療（実質）,2009-05,4.5,false
seasonallyAdjusted,19,,交通・通信（実質）,2009-05,15.2,false
seasonallyAdjusted,20,,教育（実質）,2009-05,3.2,false
seasonallyAdjusted,21,,教養娯楽（実質）,2009-05,12.8,false
seasonallyAdjusted,22,,その他の消費支出（実質）,2009-05,,true
seasonallyAdjusted,1,,消費支出（名目）,2009-06,97.5,false
seasonallyAdjusted,2,,食料（名目）,2009-06,23.4,false
seasonallyAdjusted,3,,住居（名目）,2009-06,6.7,false
seasonallyAdjusted,4,,光熱・水道（名目）,2009-06,6.8,false
seasonallyAdjusted,5,,家具・家事用品（名目）,2009-06,3.5,false
seasonallyAdjusted,6,,被服及び履物（名目）,2009-06,4.2,false
seasonallyAdjusted,7,,保健医療（名目）,2009-06,4.3,false
seasonallyAdjusted,8,,交通・通信（名目）,2009-06,15.4,false
seasonallyAdjusted,9,,教育（名目）,2009-06,3.7,false
seasonallyAdjusted,10,,教養娯楽（名目）,2009-06,11.1,false
seasonallyAdjusted,11,,その他の消費支出（名目）,2009-06,,true
seasonallyAdjusted,12,,消費支出（実質）,2009-06,118,false
seasonallyAdjusted,13,,食料（実質）,2009-06,33,false
seasonallyAdjusted,14,,住居（実質）,2009-06,7.9,false
seasonallyAdjusted,15,,光熱・水道（実質）,2009-06,9.1,false
seasonallyAdjusted,16,,家具・家事用品（実質）,2009-06,3.9,false
seasonallyAdjusted,17,,被服及び履物（実質）,2009-06,5,false
seasonallyAdjusted,18,,保健医療（実質）,2009-06,4.6,false
seasonallyAdjusted,19,,交通・通信（実質）,2009-06,15.9,false
seasonallyAdjusted,20,,教育（実質）,2009-06,3.1,false
seasonallyAdjusted,21,,教養娯楽（実質）,2009-06,12.9,false
seasonallyAdjusted,22,,その他の消費支出（実質）,2009-06,,true
seasonallyAdjusted,1,,消費支出（名目）,2009-07,97.6,false
seasonallyAdjusted,2,,食料（名目）,2009-07,23,false
seasonallyAdjusted,3,,住居（名目）,2009-07,7,false
seasonallyAdjusted,4,,光熱・水道（名目）,2009-07,6.7,false
seasonallyAdjusted,5,,家具・家事用品（名目）,2009-07,3.5,false
seasonallyAdjusted,6,,被服及び履物（名目）,2009-07,4.1,false
seasonallyAdjusted,7,,保健医療（名目）,2009-07,4.2,false
seasonallyAdjusted,8,,交通・通信（名目）,2009-07,15.5,false
seasonallyAdjusted,9,,教育（名目）,2009-07,3.9,false
seasonallyAdjusted,10,,教養娯楽（名目）,2009-07,11.2,false
seasonallyAdjusted,11,,その他の消費支出（名目）,2009-07,,true
seasonallyAdjusted,12,,消費支出（実質）,2009-07,118.3,false
seasonallyAdjusted,13,,食料（実質）,2009-07,32.6,false
seasonallyAdjusted,14,,住居（実質）,2009-07,8.2,false
seasonallyAdjusted,15,,光熱・水道（実質）,2009-07,9.1,false
seasonallyAdjusted,16,,家具・家事用品（実質）,2009-07,3.9,false
seasonallyAdjusted,17,,被服及び履物（実質）,2009-07,4.9,false
seasonallyAdjusted,18,,保健医療（実質）,2009-07,4.5,false
seasonallyAdjusted,19,,交通・通信（実質）,2009-07,16.1,false
seasonallyAdjusted,20,,教育（実質）,2009-07,3.3,false
seasonallyAdjusted,21,,教養娯楽（実質）,2009-07,13,false
seasonallyAdjusted,22,,その他の消費支出（実質）,2009-07,,true
seasonallyAdjusted,1,,消費支出（名目）,2009-08,97.2,false
seasonallyAdjusted,2,,食料（名目）,2009-08,23.1,false
seasonallyAdjusted,3,,住居（名目）,2009-08,6.8,false
seasonallyAdjusted,4,,光熱・水道（名目）,2009-08,6.7,false
seasonallyAdjusted,5,,家具・家事用品（名目）,2009-08,3.6,false
seasonallyAdjusted,6,,被服及び履物（名目）,2009-08,4,false
seasonallyAdjusted,7,,保健医療（名目）,2009-08,4.4,false
seasonallyAdjusted,8,,交通・通信（名目）,2009-08,15.2,false
seasonallyAdjusted,9,,教育（名目）,2009-08,3.7,false
seasonallyAdjusted,10,,教養娯楽（名目）,2009-08,11.3,false
seasonallyAdjusted,11,,その他の消費支出（名目）,2009-08,,true
seasonallyAdjusted,12,,消費支出（実質）,2009-08,118.1,false
seasonallyAdjusted,13,,食料（実質）,2009-08,32.5,false
seasonallyAdjusted,14,,住居（実質）,2009-08,8,false
seasonallyAdjusted,15,,光熱・水道（実質）,2009-08,9.2,false
seasonallyAdjusted,16,,家具・家事用品（実質）,2009-08,4,false
seasonallyAdjusted,17,,被服及び履物（実質）,2009-08,4.8,false
seasonallyAdjusted,18,,保健医療（実質）,2009-08,4.8,false
seasonallyAdjusted,19,,交通・通信（実質）,2009-08,15.8,false
seasonallyAdjusted,20,,教育（実質）,2009-08,3.1,false
seasonallyAdjusted,21,,教養娯楽（実質）,2009-08,13.2,false
seasonallyAdjusted,22,,その他の消費支出（実質）,2009-08,,true
seasonallyAdjusted,1,,消費支出（名目）,2009-09,98.8,false
seasonallyAdjusted,2,,食料（名目）,2009-09,23.3,false
seasonallyAdjusted,3,,住居（名目）,2009-09,7.1,false
seasonallyAdjusted,4,,光熱・水道（名目）,2009-09,6.4,false
seasonallyAdjusted,5,,家具・家事用品（名目）,2009-09,3.6,false
seasonallyAdjusted,6,,被服及び履物（名目）,2009-09,4.4,false
seasonallyAdjusted,7,,保健医療（名目）,2009-09,4.4,false
seasonallyAdjusted,8,,交通・通信（名目）,2009-09,15.3,false
seasonallyAdjusted,9,,教育（名目）,2009-09,3.8,false
seasonallyAdjusted,10,,教養娯楽（名目）,2009-09,11.8,false
seasonallyAdjusted,11,,その他の消費支出（名目）,2009-09,,true
seasonallyAdjusted,12,,消費支出（実質）,2009-09,119.8,false
seasonallyAdjusted,13,,食料（実質）,2009-09,32.9,false
seasonallyAdjusted,14,,住居（実質）,2009-09,8.3,false
seasonallyAdjusted,15,,光熱・水道（実質）,2009-09,8.8,false
seasonallyAdjusted,16,,家具・家事用品（実質）,2009-09,4,false
seasonallyAdjusted,17,,被服及び履物（実質）,2009-09,5.2,false
seasonallyAdjusted,18,,保健医療（実質）,2009-09,4.7,false
seasonallyAdjusted,19,,交通・通信（実質）,2009-09,15.8,false
seasonallyAdjusted,20,,教育（実質）,2009-09,3.2,false
seasonallyAdjusted,21,,教養娯楽（実質）,2009-09,13.7,false
seasonallyAdjusted,22,,その他の消費支出（実質）,2009-09,,true
seasonallyAdjusted,1,,消費支出（名目）,2009-10,98.4,false
seasonallyAdjusted,2,,食料（名目）,2009-10,23.1,false
seasonallyAdjusted,3,,住居（名目）,2009-10,6.8,false
seasonallyAdjusted,4,,光熱・水道（名目）,2009-10,6.5,false
seasonallyAdjusted,5,,家具・家事用品（名目）,2009-10,3.4,false
seasonallyAdjusted,6,,被服及び履物（名目）,2009-10,4.1,false
seasonallyAdjusted,7,,保健医療（名目）,2009-10,4.3,false
seasonallyAdjusted,8,,交通・通信（名目）,2009-10,15.7,false
seasonallyAdjusted,9,,教育（名目）,2009-10,3.8,false
seasonallyAdjusted,10,,教養娯楽（名目）,2009-10,11.1,false
seasonallyAdjusted,11,,その他の消費支出（名目）,2009-10,,true
seasonallyAdjusted,12,,消費支出（実質）,2009-10,119.8,false
seasonallyAdjusted,13,,食料（実質）,2009-10,32.9,false
seasonallyAdjusted,14,,住居（実質）,2009-10,8,false
seasonallyAdjusted,15,,光熱・水道（実質）,2009-10,9,false
seasonallyAdjusted,16,,家具・家事用品（実質）,2009-10,3.9,false
seasonallyAdjusted,17,,被服及び履物（実質）,2009-10,4.8,false
seasonallyAdjusted,18,,保健医療（実質）,2009-10,4.7,false
seasonallyAdjusted,19,,交通・通信（実質）,2009-10,16.3,false
seasonallyAdjusted,20,,教育（実質）,2009-10,3.2,false
seasonallyAdjusted,21,,教養娯楽（実質）,2009-10,13,false
seasonallyAdjusted,22,,その他の消費支出（実質）,2009-10,,true
seasonallyAdjusted,1,,消費支出（名目）,2009-11,97.2,false
seasonallyAdjusted,2,,食料（名目）,2009-11,23.1,false
seasonallyAdjusted,3,,住居（名目）,2009-11,6.7,false
seasonallyAdjusted,4,,光熱・水道（名目）,2009-11,6.7,false
seasonallyAdjusted,5,,家具・家事用品（名目）,2009-11,3.6,false
seasonallyAdjusted,6,,被服及び履物（名目）,2009-11,4.2,false
seasonallyAdjusted,7,,保健医療（名目）,2009-11,4.2,false
seasonallyAdjusted,8,,交通・通信（名目）,2009-11,15.6,false
seasonallyAdjusted,9,,教育（名目）,2009-11,3.7,false
seasonallyAdjusted,10,,教養娯楽（名目）,2009-11,11.5,false
seasonallyAdjusted,11,,その他の消費支出（名目）,2009-11,,true
seasonallyAdjusted,12,,消費支出（実質）,2009-11,118,false
seasonallyAdjusted,13,,食料（実質）,2009-11,33,false
seasonallyAdjusted,14,,住居（実質）,2009-11,7.8,false
seasonallyAdjusted,15,,光熱・水道（実質）,2009-11,9.1,false
seasonallyAdjusted,16,,家具・家事用品（実質）,2009-11,4.1,false
seasonallyAdjusted,17,,被服及び履物（実質）,2009-11,5,false
seasonallyAdjusted,18,,保健医療（実質）,2009-11,4.6,false
seasonallyAdjusted,19,,交通・通信（実質）,2009-11,16,false
seasonallyAdjusted,20,,教育（実質）,2009-11,3.1,false
seasonallyAdjusted,21,,教養娯楽（実質）,2009-11,13.3,false
seasonallyAdjusted,22,,その他の消費支出（実質）,2009-11,,true
seasonallyAdjusted,1,,消費支出（名目）,2009-12,98.8,false
seasonallyAdjusted,2,,食料（名目）,2009-12,23,false
seasonallyAdjusted,3,,住居（名目）,2009-12,6.5,false
seasonallyAdjusted,4,,光熱・水道（名目）,2009-12,6.6,false
seasonallyAdjusted,5,,家具・家事用品（名目）,2009-12,3.5,false
seasonallyAdjusted,6,,被服及び履物（名目）,2009-12,4.4,false
seasonallyAdjusted,7,,保健医療（名目）,2009-12,4.1,false
seasonallyAdjusted,8,,交通・通信（名目）,2009-12,16.3,false
seasonallyAdjusted,9,,教育（名目）,2009-12,3.9,false
seasonallyAdjusted,10,,教養娯楽（名目）,2009-12,11.7,false
seasonallyAdjusted,11,,その他の消費支出（名目）,2009-12,,true
seasonallyAdjusted,12,,消費支出（実質）,2009-12,120.2,false
seasonallyAdjusted,13,,食料（実質）,2009-12,32.8,false
seasonallyAdjusted,14,,住居（実質）,2009-12,7.7,false
seasonallyAdjusted,15,,光熱・水道（実質）,2009-12,9,false
seasonallyAdjusted,16,,家具・家事用品（実質）,2009-12,4.1,false
seasonallyAdjusted,17,,被服及び履物（実質）,2009-12,5.2,false
seasonallyAdjusted,18,,保健医療（実質）,2009-12,4.5,false
seasonallyAdjusted,19,,交通・通信（実質）,2009-12,16.6,false
seasonallyAdjusted,20,,教育（実質）,2009-12,3.2,false
seasonallyAdjusted,21,,教養娯楽（実質）,2009-12,13.6,false
seasonallyAdjusted,22,,その他の消費支出（実質）,2009-12,,true
seasonallyAdjusted,1,,消費支出（名目）,2010-01,98,false
seasonallyAdjusted,2,,食料（名目）,2010-01,23.1,false
seasonallyAdjusted,3,,住居（名目）,2010-01,6.9,false
seasonallyAdjusted,4,,光熱・水道（名目）,2010-01,6.6,false
seasonallyAdjusted,5,,家具・家事用品（名目）,2010-01,3.6,false
seasonallyAdjusted,6,,被服及び履物（名目）,2010-01,4,false
seasonallyAdjusted,7,,保健医療（名目）,2010-01,4.3,false
seasonallyAdjusted,8,,交通・通信（名目）,2010-01,15.8,false
seasonallyAdjusted,9,,教育（名目）,2010-01,3.7,false
seasonallyAdjusted,10,,教養娯楽（名目）,2010-01,11.5,false
seasonallyAdjusted,11,,その他の消費支出（名目）,2010-01,,true
seasonallyAdjusted,12,,消費支出（実質）,2010-01,119,false
seasonallyAdjusted,13,,食料（実質）,2010-01,32.8,false
seasonallyAdjusted,14,,住居（実質）,2010-01,8.2,false
seasonallyAdjusted,15,,光熱・水道（実質）,2010-01,9,false
seasonallyAdjusted,16,,家具・家事用品（実質）,2010-01,4.2,false
seasonallyAdjusted,17,,被服及び履物（実質）,2010-01,4.8,false
seasonallyAdjusted,18,,保健医療（実質）,2010-01,4.6,false
seasonallyAdjusted,19,,交通・通信（実質）,2010-01,16.1,false
seasonallyAdjusted,20,,教育（実質）,2010-01,3.2,false
seasonallyAdjusted,21,,教養娯楽（実質）,2010-01,13.3,false
seasonallyAdjusted,22,,その他の消費支出（実質）,2010-01,,true
seasonallyAdjusted,1,,消費支出（名目）,2010-02,96.3,false
seasonallyAdjusted,2,,食料（名目）,2010-02,22.9,false
seasonallyAdjusted,3,,住居（名目）,2010-02,6.5,false
seasonallyAdjusted,4,,光熱・水道（名目）,2010-02,6.4,false
seasonallyAdjusted,5,,家具・家事用品（名目）,2010-02,3.5,false
seasonallyAdjusted,6,,被服及び履物（名目）,2010-02,4.2,false
seasonallyAdjusted,7,,保健医療（名目）,2010-02,4.1,false
seasonallyAdjusted,8,,交通・通信（名目）,2010-02,15.4,false
seasonallyAdjusted,9,,教育（名目）,2010-02,3.4,false
seasonallyAdjusted,10,,教養娯楽（名目）,2010-02,11.3,false
seasonallyAdjusted,11,,その他の消費支出（名目）,2010-02,,true
seasonallyAdjusted,12,,消費支出（実質）,2010-02,117.2,false
seasonallyAdjusted,13,,食料（実質）,2010-02,32.6,false
seasonallyAdjusted,14,,住居（実質）,2010-02,7.6,false
seasonallyAdjusted,15,,光熱・水道（実質）,2010-02,8.7,false
seasonallyAdjusted,16,,家具・家事用品（実質）,2010-02,4,false
seasonallyAdjusted,17,,被服及び履物（実質）,2010-02,5,false
seasonallyAdjusted,18,,保健医療（実質）,2010-02,4.5,false
seasonallyAdjusted,19,,交通・通信（実質）,2010-02,15.7,false
seasonallyAdjusted,20,,教育（実質）,2010-02,2.9,false
seasonallyAdjusted,21,,教養娯楽（実質）,2010-02,13.2,false
seasonallyAdjusted,22,,その他の消費支出（実質）,2010-02,,true
seasonallyAdjusted,1,,消費支出（名目）,2010-03,99.2,false
seasonallyAdjusted,2,,食料（名目）,2010-03,22.9,false
seasonallyAdjusted,3,,住居（名目）,2010-03,6.9,false
seasonallyAdjusted,4,,光熱・水道（名目）,2010-03,6.6,false
seasonallyAdjusted,5,,家具・家事用品（名目）,2010-03,3.7,false
seasonallyAdjusted,6,,被服及び履物（名目）,2010-03,4.2,false
seasonallyAdjusted,7,,保健医療（名目）,2010-03,4,false
seasonallyAdjusted,8,,交通・通信（名目）,2010-03,16.1,false
seasonallyAdjusted,9,,教育（名目）,2010-03,4.1,false
seasonallyAdjusted,10,,教養娯楽（名目）,2010-03,12.6,false
seasonallyAdjusted,11,,その他の消費支出（名目）,2010-03,,true
seasonallyAdjusted,12,,消費支出（実質）,2010-03,120.7,false
seasonallyAdjusted,13,,食料（実質）,2010-03,32.6,false
seasonallyAdjusted,14,,住居（実質）,2010-03,8.1,false
seasonallyAdjusted,15,,光熱・水道（実質）,2010-03,9,false
seasonallyAdjusted,16,,家具・家事用品（実質）,2010-03,4.3,false
seasonallyAdjusted,17,,被服及び履物（実質）,2010-03,4.9,false
seasonallyAdjusted,18,,保健医療（実質）,2010-03,4.4,false
seasonallyAdjusted,19,,交通・通信（実質）,2010-03,16.4,false
seasonallyAdjusted,20,,教育（実質）,2010-03,3.6,false
seasonallyAdjusted,21,,教養娯楽（実質）,2010-03,14.7,false
seasonallyAdjusted,22,,その他の消費支出（実質）,2010-03,,true
seasonallyAdjusted,1,,消費支出（名目）,2010-04,96.3,false
seasonallyAdjusted,2,,食料（名目）,2010-04,22.8,false
seasonallyAdjusted,3,,住居（名目）,2010-04,6.7,false
seasonallyAdjusted,4,,光熱・水道（名目）,2010-04,6.8,false
seasonallyAdjusted,5,,家具・家事用品（名目）,2010-04,3.5,false
seasonallyAdjusted,6,,被服及び履物（名目）,2010-04,3.7,false
seasonallyAdjusted,7,,保健医療（名目）,2010-04,4.4,false
seasonallyAdjusted,8,,交通・通信（名目）,2010-04,15,false
seasonallyAdjusted,9,,教育（名目）,2010-04,3.6,false
seasonallyAdjusted,10,,教養娯楽（名目）,2010-04,10.9,false
seasonallyAdjusted,11,,その他の消費支出（名目）,2010-04,,true
seasonallyAdjusted,12,,消費支出（実質）,2010-04,116.9,false
seasonallyAdjusted,13,,食料（実質）,2010-04,32.2,false
seasonallyAdjusted,14,,住居（実質）,2010-04,7.9,false
seasonallyAdjusted,15,,光熱・水道（実質）,2010-04,9.2,false
seasonallyAdjusted,16,,家具・家事用品（実質）,2010-04,4.1,false
seasonallyAdjusted,17,,被服及び履物（実質）,2010-04,4.4,false
seasonallyAdjusted,18,,保健医療（実質）,2010-04,4.7,false
seasonallyAdjusted,19,,交通・通信（実質）,2010-04,15.2,false
seasonallyAdjusted,20,,教育（実質）,2010-04,3.4,false
seasonallyAdjusted,21,,教養娯楽（実質）,2010-04,12.8,false
seasonallyAdjusted,22,,その他の消費支出（実質）,2010-04,,true
seasonallyAdjusted,1,,消費支出（名目）,2010-05,95.8,false
seasonallyAdjusted,2,,食料（名目）,2010-05,22.8,false
seasonallyAdjusted,3,,住居（名目）,2010-05,6.6,false
seasonallyAdjusted,4,,光熱・水道（名目）,2010-05,7,false
seasonallyAdjusted,5,,家具・家事用品（名目）,2010-05,3.3,false
seasonallyAdjusted,6,,被服及び履物（名目）,2010-05,4,false
seasonallyAdjusted,7,,保健医療（名目）,2010-05,4.1,false
seasonallyAdjusted,8,,交通・通信（名目）,2010-05,15.7,false
seasonallyAdjusted,9,,教育（名目）,2010-05,3.4,false
seasonallyAdjusted,10,,教養娯楽（名目）,2010-05,11,false
seasonallyAdjusted,11,,その他の消費支出（名目）,2010-05,,true
seasonallyAdjusted,12,,消費支出（実質）,2010-05,116.4,false
seasonallyAdjusted,13,,食料（実質）,2010-05,32.4,false
seasonallyAdjusted,14,,住居（実質）,2010-05,7.8,false
seasonallyAdjusted,15,,光熱・水道（実質）,2010-05,9.4,false
seasonallyAdjusted,16,,家具・家事用品（実質）,2010-05,3.8,false
seasonallyAdjusted,17,,被服及び履物（実質）,2010-05,4.8,false
seasonallyAdjusted,18,,保健医療（実質）,2010-05,4.5,false
seasonallyAdjusted,19,,交通・通信（実質）,2010-05,15.9,false
seasonallyAdjusted,20,,教育（実質）,2010-05,3.2,false
seasonallyAdjusted,21,,教養娯楽（実質）,2010-05,12.9,false
seasonallyAdjusted,22,,その他の消費支出（実質）,2010-05,,true
seasonallyAdjusted,1,,消費支出（名目）,2010-06,96.9,false
seasonallyAdjusted,2,,食料（名目）,2010-06,22.8,false
seasonallyAdjusted,3,,住居（名目）,2010-06,6.6,false
seasonallyAdjusted,4,,光熱・水道（名目）,2010-06,6.9,false
seasonallyAdjusted,5,,家具・家事用品（名目）,2010-06,3.5,false
seasonallyAdjusted,6,,被服及び履物（名目）,2010-06,4,false
seasonallyAdjusted,7,,保健医療（名目）,2010-06,4.1,false
seasonallyAdjusted,8,,交通・通信（名目）,2010-06,15.7,false
seasonallyAdjusted,9,,教育（名目）,2010-06,3.5,false
seasonallyAdjusted,10,,教養娯楽（名目）,2010-06,11.1,false
seasonallyAdjusted,11,,その他の消費支出（名目）,2010-06,,true
seasonallyAdjusted,12,,消費支出（実質）,2010-06,118.2,false
seasonallyAdjusted,13,,食料（実質）,2010-06,32.4,false
seasonallyAdjusted,14,,住居（実質）,2010-06,7.8,false
seasonallyAdjusted,15,,光熱・水道（実質）,2010-06,9.3,false
seasonallyAdjusted,16,,家具・家事用品（実質）,2010-06,4.1,false
seasonallyAdjusted,17,,被服及び履物（実質）,2010-06,4.9,false
seasonallyAdjusted,18,,保健医療（実質）,2010-06,4.5,false
seasonallyAdjusted,19,,交通・通信（実質）,2010-06,16,false
seasonallyAdjusted,20,,教育（実質）,2010-06,3.3,false
seasonallyAdjusted,21,,教養娯楽（実質）,2010-06,13,false
seasonallyAdjusted,22,,その他の消費支出（実質）,2010-06,,true
seasonallyAdjusted,1,,消費支出（名目）,2010-07,97.6,false
seasonallyAdjusted,2,,食料（名目）,2010-07,22.8,false
seasonallyAdjusted,3,,住居（名目）,2010-07,6.5,false
seasonallyAdjusted,4,,光熱・水道（名目）,2010-07,6.9,false
seasonallyAdjusted,5,,家具・家事用品（名目）,2010-07,3.7,false
seasonallyAdjusted,6,,被服及び履物（名目）,2010-07,4,false
seasonallyAdjusted,7,,保健医療（名目）,2010-07,4.2,false
seasonallyAdjusted,8,,交通・通信（名目）,2010-07,16.3,false
seasonallyAdjusted,9,,教育（名目）,2010-07,3.5,false
seasonallyAdjusted,10,,教養娯楽（名目）,2010-07,11.1,false
seasonallyAdjusted,11,,その他の消費支出（名目）,2010-07,,true
seasonallyAdjusted,12,,消費支出（実質）,2010-07,119.5,false
seasonallyAdjusted,13,,食料（実質）,2010-07,32.5,false
seasonallyAdjusted,14,,住居（実質）,2010-07,7.6,false
seasonallyAdjusted,15,,光熱・水道（実質）,2010-07,9.2,false
seasonallyAdjusted,16,,家具・家事用品（実質）,2010-07,4.3,false
seasonallyAdjusted,17,,被服及び履物（実質）,2010-07,4.9,false
seasonallyAdjusted,18,,保健医療（実質）,2010-07,4.6,false
seasonallyAdjusted,19,,交通・通信（実質）,2010-07,16.7,false
seasonallyAdjusted,20,,教育（実質）,2010-07,3.3,false
seasonallyAdjusted,21,,教養娯楽（実質）,2010-07,13.1,false
seasonallyAdjusted,22,,その他の消費支出（実質）,2010-07,,true
seasonallyAdjusted,1,,消費支出（名目）,2010-08,98.8,false
seasonallyAdjusted,2,,食料（名目）,2010-08,22.9,false
seasonallyAdjusted,3,,住居（名目）,2010-08,6.6,false
seasonallyAdjusted,4,,光熱・水道（名目）,2010-08,7,false
seasonallyAdjusted,5,,家具・家事用品（名目）,2010-08,3.8,false
seasonallyAdjusted,6,,被服及び履物（名目）,2010-08,4,false
seasonallyAdjusted,7,,保健医療（名目）,2010-08,4,false
seasonallyAdjusted,8,,交通・通信（名目）,2010-08,17.2,false
seasonallyAdjusted,9,,教育（名目）,2010-08,3.8,false
seasonallyAdjusted,10,,教養娯楽（名目）,2010-08,11.1,false
seasonallyAdjusted,11,,その他の消費支出（名目）,2010-08,,true
seasonallyAdjusted,12,,消費支出（実質）,2010-08,121.4,false
seasonallyAdjusted,13,,食料（実質）,2010-08,32.5,false
seasonallyAdjusted,14,,住居（実質）,2010-08,7.8,false
seasonallyAdjusted,15,,光熱・水道（実質）,2010-08,9.3,false
seasonallyAdjusted,16,,家具・家事用品（実質）,2010-08,4.5,false
seasonallyAdjusted,17,,被服及び履物（実質）,2010-08,4.8,false
seasonallyAdjusted,18,,保健医療（実質）,2010-08,4.4,false
seasonallyAdjusted,19,,交通・通信（実質）,2010-08,17.8,false
seasonallyAdjusted,20,,教育（実質）,2010-08,3.6,false
seasonallyAdjusted,21,,教養娯楽（実質）,2010-08,13.2,false
seasonallyAdjusted,22,,その他の消費支出（実質）,2010-08,,true
seasonallyAdjusted,1,,消費支出（名目）,2010-09,97.3,false
seasonallyAdjusted,2,,食料（名目）,2010-09,22.9,false
seasonallyAdjusted,3,,住居（名目）,2010-09,6.7,false
seasonallyAdjusted,4,,光熱・水道（名目）,2010-09,7.4,false
seasonallyAdjusted,5,,家具・家事用品（名目）,2010-09,3.6,false
seasonallyAdjusted,6,,被服及び履物（名目）,2010-09,4,false
seasonallyAdjusted,7,,保健医療（名目）,2010-09,4.1,false
seasonallyAdjusted,8,,交通・通信（名目）,2010-09,16,false
seasonallyAdjusted,9,,教育（名目）,2010-09,3.6,false
seasonallyAdjusted,10,,教養娯楽（名目）,2010-09,11.1,false
seasonallyAdjusted,11,,その他の消費支出（名目）,2010-09,,true
seasonallyAdjusted,12,,消費支出（実質）,2010-09,119,false
seasonallyAdjusted,13,,食料（実質）,2010-09,32.4,false
seasonallyAdjusted,14,,住居（実質）,2010-09,7.9,false
seasonallyAdjusted,15,,光熱・水道（実質）,2010-09,9.8,false
seasonallyAdjusted,16,,家具・家事用品（実質）,2010-09,4.3,false
seasonallyAdjusted,17,,被服及び履物（実質）,2010-09,4.8,false
seasonallyAdjusted,18,,保健医療（実質）,2010-09,4.5,false
seasonallyAdjusted,19,,交通・通信（実質）,2010-09,16.5,false
seasonallyAdjusted,20,,教育（実質）,2010-09,3.4,false
seasonallyAdjusted,21,,教養娯楽（実質）,2010-09,13.3,false
seasonallyAdjusted,22,,その他の消費支出（実質）,2010-09,,true
seasonallyAdjusted,1,,消費支出（名目）,2010-10,97.2,false
seasonallyAdjusted,2,,食料（名目）,2010-10,22.9,false
seasonallyAdjusted,3,,住居（名目）,2010-10,6.4,false
seasonallyAdjusted,4,,光熱・水道（名目）,2010-10,7.1,false
seasonallyAdjusted,5,,家具・家事用品（名目）,2010-10,3.7,false
seasonallyAdjusted,6,,被服及び履物（名目）,2010-10,4.1,false
seasonallyAdjusted,7,,保健医療（名目）,2010-10,4.1,false
seasonallyAdjusted,8,,交通・通信（名目）,2010-10,14.1,false
seasonallyAdjusted,9,,教育（名目）,2010-10,3.7,false
seasonallyAdjusted,10,,教養娯楽（名目）,2010-10,12.2,false
seasonallyAdjusted,11,,その他の消費支出（名目）,2010-10,,true
seasonallyAdjusted,12,,消費支出（実質）,2010-10,118.6,false
seasonallyAdjusted,13,,食料（実質）,2010-10,32.4,false
seasonallyAdjusted,14,,住居（実質）,2010-10,7.6,false
seasonallyAdjusted,15,,光熱・水道（実質）,2010-10,9.4,false
seasonallyAdjusted,16,,家具・家事用品（実質）,2010-10,4.4,false
seasonallyAdjusted,17,,被服及び履物（実質）,2010-10,5,false
seasonallyAdjusted,18,,保健医療（実質）,2010-10,4.5,false
seasonallyAdjusted,19,,交通・通信（実質）,2010-10,14.6,false
seasonallyAdjusted,20,,教育（実質）,2010-10,3.5,false
seasonallyAdjusted,21,,教養娯楽（実質）,2010-10,14.6,false
seasonallyAdjusted,22,,その他の消費支出（実質）,2010-10,,true
seasonallyAdjusted,1,,消費支出（名目）,2010-11,97.9,false
seasonallyAdjusted,2,,食料（名目）,2010-11,22.9,false
seasonallyAdjusted,3,,住居（名目）,2010-11,6.8,false
seasonallyAdjusted,4,,光熱・水道（名目）,2010-11,6.9,false
seasonallyAdjusted,5,,家具・家事用品（名目）,2010-11,4.2,false
seasonallyAdjusted,6,,被服及び履物（名目）,2010-11,3.9,false
seasonallyAdjusted,7,,保健医療（名目）,2010-11,4.2,false
seasonallyAdjusted,8,,交通・通信（名目）,2010-11,13.7,false
seasonallyAdjusted,9,,教育（名目）,2010-11,3.5,false
seasonallyAdjusted,10,,教養娯楽（名目）,2010-11,14.2,false
seasonallyAdjusted,11,,その他の消費支出（名目）,2010-11,,true
seasonallyAdjusted,12,,消費支出（実質）,2010-11,119.1,false
seasonallyAdjusted,13,,食料（実質）,2010-11,32.2,false
seasonallyAdjusted,14,,住居（実質）,2010-11,8.1,false
seasonallyAdjusted,15,,光熱・水道（実質）,2010-11,9.2,false
seasonallyAdjusted,16,,家具・家事用品（実質）,2010-11,5.1,false
seasonallyAdjusted,17,,被服及び履物（実質）,2010-11,4.7,false
seasonallyAdjusted,18,,保健医療（実質）,2010-11,4.5,false
seasonallyAdjusted,19,,交通・通信（実質）,2010-11,14,false
seasonallyAdjusted,20,,教育（実質）,2010-11,3.3,false
seasonallyAdjusted,21,,教養娯楽（実質）,2010-11,17,false
seasonallyAdjusted,22,,その他の消費支出（実質）,2010-11,,true
seasonallyAdjusted,1,,消費支出（名目）,2010-12,95.3,false
seasonallyAdjusted,2,,食料（名目）,2010-12,22.9,false
seasonallyAdjusted,3,,住居（名目）,2010-12,6.9,false
seasonallyAdjusted,4,,光熱・水道（名目）,2010-12,6.7,false
seasonallyAdjusted,5,,家具・家事用品（名目）,2010-12,3.4,false
seasonallyAdjusted,6,,被服及び履物（名目）,2010-12,3.9,false
seasonallyAdjusted,7,,保健医療（名目）,2010-12,4.2,false
seasonallyAdjusted,8,,交通・通信（名目）,2010-12,14,false
seasonallyAdjusted,9,,教育（名目）,2010-12,3.5,false
seasonallyAdjusted,10,,教養娯楽（名目）,2010-12,11,false
seasonallyAdjusted,11,,その他の消費支出（名目）,2010-12,,true
seasonallyAdjusted,12,,消費支出（実質）,2010-12,116.3,false
seasonallyAdjusted,13,,食料（実質）,2010-12,32.5,false
seasonallyAdjusted,14,,住居（実質）,2010-12,8.1,false
seasonallyAdjusted,15,,光熱・水道（実質）,2010-12,8.9,false
seasonallyAdjusted,16,,家具・家事用品（実質）,2010-12,4.2,false
seasonallyAdjusted,17,,被服及び履物（実質）,2010-12,4.7,false
seasonallyAdjusted,18,,保健医療（実質）,2010-12,4.6,false
seasonallyAdjusted,19,,交通・通信（実質）,2010-12,14.3,false
seasonallyAdjusted,20,,教育（実質）,2010-12,3.3,false
seasonallyAdjusted,21,,教養娯楽（実質）,2010-12,13.2,false
seasonallyAdjusted,22,,その他の消費支出（実質）,2010-12,,true
seasonallyAdjusted,1,,消費支出（名目）,2011-01,95,false
seasonallyAdjusted,2,,食料（名目）,2011-01,22.6,false
seasonallyAdjusted,3,,住居（名目）,2011-01,6.9,false
seasonallyAdjusted,4,,光熱・水道（名目）,2011-01,6.8,false
seasonallyAdjusted,5,,家具・家事用品（名目）,2011-01,3.5,false
seasonallyAdjusted,6,,被服及び履物（名目）,2011-01,3.9,false
seasonallyAdjusted,7,,保健医療（名目）,2011-01,4.3,false
seasonallyAdjusted,8,,交通・通信（名目）,2011-01,14.2,false
seasonallyAdjusted,9,,教育（名目）,2011-01,3.7,false
seasonallyAdjusted,10,,教養娯楽（名目）,2011-01,10.8,false
seasonallyAdjusted,11,,その他の消費支出（名目）,2011-01,,true
seasonallyAdjusted,12,,消費支出（実質）,2011-01,116,false
seasonallyAdjusted,13,,食料（実質）,2011-01,32.2,false
seasonallyAdjusted,14,,住居（実質）,2011-01,8.1,false
seasonallyAdjusted,15,,光熱・水道（実質）,2011-01,9.1,false
seasonallyAdjusted,16,,家具・家事用品（実質）,2011-01,4.3,false
seasonallyAdjusted,17,,被服及び履物（実質）,2011-01,4.8,false
seasonallyAdjusted,18,,保健医療（実質）,2011-01,4.7,false
seasonallyAdjusted,19,,交通・通信（実質）,2011-01,14.4,false
seasonallyAdjusted,20,,教育（実質）,2011-01,3.5,false
seasonallyAdjusted,21,,教養娯楽（実質）,2011-01,13,false
seasonallyAdjusted,22,,その他の消費支出（実質）,2011-01,,true
seasonallyAdjusted,1,,消費支出（名目）,2011-02,94.9,false
seasonallyAdjusted,2,,食料（名目）,2011-02,22.9,false
seasonallyAdjusted,3,,住居（名目）,2011-02,7,false
seasonallyAdjusted,4,,光熱・水道（名目）,2011-02,6.8,false
seasonallyAdjusted,5,,家具・家事用品（名目）,2011-02,3.6,false
seasonallyAdjusted,6,,被服及び履物（名目）,2011-02,4,false
seasonallyAdjusted,7,,保健医療（名目）,2011-02,4.1,false
seasonallyAdjusted,8,,交通・通信（名目）,2011-02,13.8,false
seasonallyAdjusted,9,,教育（名目）,2011-02,3.5,false
seasonallyAdjusted,10,,教養娯楽（名目）,2011-02,10.9,false
seasonallyAdjusted,11,,その他の消費支出（名目）,2011-02,,true
seasonallyAdjusted,12,,消費支出（実質）,2011-02,116.1,false
seasonallyAdjusted,13,,食料（実質）,2011-02,32.5,false
seasonallyAdjusted,14,,住居（実質）,2011-02,8.2,false
seasonallyAdjusted,15,,光熱・水道（実質）,2011-02,9.1,false
seasonallyAdjusted,16,,家具・家事用品（実質）,2011-02,4.4,false
seasonallyAdjusted,17,,被服及び履物（実質）,2011-02,4.8,false
seasonallyAdjusted,18,,保健医療（実質）,2011-02,4.5,false
seasonallyAdjusted,19,,交通・通信（実質）,2011-02,14.2,false
seasonallyAdjusted,20,,教育（実質）,2011-02,3.3,false
seasonallyAdjusted,21,,教養娯楽（実質）,2011-02,13.2,false
seasonallyAdjusted,22,,その他の消費支出（実質）,2011-02,,true
seasonallyAdjusted,1,,消費支出（名目）,2011-03,91.1,false
seasonallyAdjusted,2,,食料（名目）,2011-03,22.2,false
seasonallyAdjusted,3,,住居（名目）,2011-03,6.6,false
seasonallyAdjusted,4,,光熱・水道（名目）,2011-03,6.8,false
seasonallyAdjusted,5,,家具・家事用品（名目）,2011-03,3.5,false
seasonallyAdjusted,6,,被服及び履物（名目）,2011-03,3.5,false
seasonallyAdjusted,7,,保健医療（名目）,2011-03,4.1,false
seasonallyAdjusted,8,,交通・通信（名目）,2011-03,14.1,false
seasonallyAdjusted,9,,教育（名目）,2011-03,3.5,false
seasonallyAdjusted,10,,教養娯楽（名目）,2011-03,9.8,false
seasonallyAdjusted,11,,その他の消費支出（名目）,2011-03,,true
seasonallyAdjusted,12,,消費支出（実質）,2011-03,111.6,false
seasonallyAdjusted,13,,食料（実質）,2011-03,31.6,false
seasonallyAdjusted,14,,住居（実質）,2011-03,7.7,false
seasonallyAdjusted,15,,光熱・水道（実質）,2011-03,8.9,false
seasonallyAdjusted,16,,家具・家事用品（実質）,2011-03,4.2,false
seasonallyAdjusted,17,,被服及び履物（実質）,2011-03,4.2,false
seasonallyAdjusted,18,,保健医療（実質）,2011-03,4.5,false
seasonallyAdjusted,19,,交通・通信（実質）,2011-03,14.1,false
seasonallyAdjusted,20,,教育（実質）,2011-03,3.3,false
seasonallyAdjusted,21,,教養娯楽（実質）,2011-03,11.9,false
seasonallyAdjusted,22,,その他の消費支出（実質）,2011-03,,true
seasonallyAdjusted,1,,消費支出（名目）,2011-04,93.3,false
seasonallyAdjusted,2,,食料（名目）,2011-04,22.3,false
seasonallyAdjusted,3,,住居（名目）,2011-04,7,false
seasonallyAdjusted,4,,光熱・水道（名目）,2011-04,6.8,false
seasonallyAdjusted,5,,家具・家事用品（名目）,2011-04,3.5,false
seasonallyAdjusted,6,,被服及び履物（名目）,2011-04,3.9,false
seasonallyAdjusted,7,,保健医療（名目）,2011-04,4.2,false
seasonallyAdjusted,8,,交通・通信（名目）,2011-04,14.1,false
seasonallyAdjusted,9,,教育（名目）,2011-04,3.5,false
seasonallyAdjusted,10,,教養娯楽（名目）,2011-04,10,false
seasonallyAdjusted,11,,その他の消費支出（名目）,2011-04,,true
seasonallyAdjusted,12,,消費支出（実質）,2011-04,114.2,false
seasonallyAdjusted,13,,食料（実質）,2011-04,31.8,false
seasonallyAdjusted,14,,住居（実質）,2011-04,8.3,false
seasonallyAdjusted,15,,光熱・水道（実質）,2011-04,8.9,false
seasonallyAdjusted,16,,家具・家事用品（実質）,2011-04,4.3,false
seasonallyAdjusted,17,,被服及び履物（実質）,2011-04,4.7,false
seasonallyAdjusted,18,,保健医療（実質）,2011-04,4.6,false
seasonallyAdjusted,19,,交通・通信（実質）,2011-04,14,false
seasonallyAdjusted,20,,教育（実質）,2011-04,3.3,false
seasonallyAdjusted,21,,教養娯楽（実質）,2011-04,12.3,false
seasonallyAdjusted,22,,その他の消費支出（実質）,2011-04,,true
seasonallyAdjusted,1,,消費支出（名目）,2011-05,94.2,false
seasonallyAdjusted,2,,食料（名目）,2011-05,22.3,false
seasonallyAdjusted,3,,住居（名目）,2011-05,6.9,false
seasonallyAdjusted,4,,光熱・水道（名目）,2011-05,6.8,false
seasonallyAdjusted,5,,家具・家事用品（名目）,2011-05,3.6,false
seasonallyAdjusted,6,,被服及び履物（名目）,2011-05,4,false
seasonallyAdjusted,7,,保健医療（名目）,2011-05,4.2,false
seasonallyAdjusted,8,,交通・通信（名目）,2011-05,14.4,false
seasonallyAdjusted,9,,教育（名目）,2011-05,3.9,false
seasonallyAdjusted,10,,教養娯楽（名目）,2011-05,10.3,false
seasonallyAdjusted,11,,その他の消費支出（名目）,2011-05,,true
seasonallyAdjusted,12,,消費支出（実質）,2011-05,115,false
seasonallyAdjusted,13,,食料（実質）,2011-05,31.9,false
seasonallyAdjusted,14,,住居（実質）,2011-05,8.2,false
seasonallyAdjusted,15,,光熱・水道（実質）,2011-05,8.8,false
seasonallyAdjusted,16,,家具・家事用品（実質）,2011-05,4.4,false
seasonallyAdjusted,17,,被服及び履物（実質）,2011-05,4.8,false
seasonallyAdjusted,18,,保健医療（実質）,2011-05,4.6,false
seasonallyAdjusted,19,,交通・通信（実質）,2011-05,14.5,false
seasonallyAdjusted,20,,教育（実質）,2011-05,3.7,false
seasonallyAdjusted,21,,教養娯楽（実質）,2011-05,12.6,false
seasonallyAdjusted,22,,その他の消費支出（実質）,2011-05,,true
seasonallyAdjusted,1,,消費支出（名目）,2011-06,95,false
seasonallyAdjusted,2,,食料（名目）,2011-06,22.5,false
seasonallyAdjusted,3,,住居（名目）,2011-06,7.2,false
seasonallyAdjusted,4,,光熱・水道（名目）,2011-06,6.8,false
seasonallyAdjusted,5,,家具・家事用品（名目）,2011-06,3.8,false
seasonallyAdjusted,6,,被服及び履物（名目）,2011-06,4,false
seasonallyAdjusted,7,,保健医療（名目）,2011-06,4.1,false
seasonallyAdjusted,8,,交通・通信（名目）,2011-06,13.9,false
seasonallyAdjusted,9,,教育（名目）,2011-06,3.8,false
seasonallyAdjusted,10,,教養娯楽（名目）,2011-06,10.9,false
seasonallyAdjusted,11,,その他の消費支出（名目）,2011-06,,true
seasonallyAdjusted,12,,消費支出（実質）,2011-06,116,false
seasonallyAdjusted,13,,食料（実質）,2011-06,32.1,false
seasonallyAdjusted,14,,住居（実質）,2011-06,8.5,false
seasonallyAdjusted,15,,光熱・水道（実質）,2011-06,8.9,false
seasonallyAdjusted,16,,家具・家事用品（実質）,2011-06,4.7,false
seasonallyAdjusted,17,,被服及び履物（実質）,2011-06,4.8,false
seasonallyAdjusted,18,,保健医療（実質）,2011-06,4.4,false
seasonallyAdjusted,19,,交通・通信（実質）,2011-06,14,false
seasonallyAdjusted,20,,教育（実質）,2011-06,3.6,false
seasonallyAdjusted,21,,教養娯楽（実質）,2011-06,13.3,false
seasonallyAdjusted,22,,その他の消費支出（実質）,2011-06,,true
seasonallyAdjusted,1,,消費支出（名目）,2011-07,94.8,false
seasonallyAdjusted,2,,食料（名目）,2011-07,22.8,false
seasonallyAdjusted,3,,住居（名目）,2011-07,7.2,false
seasonallyAdjusted,4,,光熱・水道（名目）,2011-07,6.9,false
seasonallyAdjusted,5,,家具・家事用品（名目）,2011-07,3.5,false
seasonallyAdjusted,6,,被服及び履物（名目）,2011-07,4,false
seasonallyAdjusted,7,,保健医療（名目）,2011-07,4.2,false
seasonallyAdjusted,8,,交通・通信（名目）,2011-07,13.9,false
seasonallyAdjusted,9,,教育（名目）,2011-07,3.6,false
seasonallyAdjusted,10,,教養娯楽（名目）,2011-07,11.3,false
seasonallyAdjusted,11,,その他の消費支出（名目）,2011-07,,true
seasonallyAdjusted,12,,消費支出（実質）,2011-07,115.9,false
seasonallyAdjusted,13,,食料（実質）,2011-07,32.4,false
seasonallyAdjusted,14,,住居（実質）,2011-07,8.5,false
seasonallyAdjusted,15,,光熱・水道（実質）,2011-07,9,false
seasonallyAdjusted,16,,家具・家事用品（実質）,2011-07,4.4,false
seasonallyAdjusted,17,,被服及び履物（実質）,2011-07,4.9,false
seasonallyAdjusted,18,,保健医療（実質）,2011-07,4.6,false
seasonallyAdjusted,19,,交通・通信（実質）,2011-07,14,false
seasonallyAdjusted,20,,教育（実質）,2011-07,3.4,false
seasonallyAdjusted,21,,教養娯楽（実質）,2011-07,13.9,false
seasonallyAdjusted,22,,その他の消費支出（実質）,2011-07,,true
seasonallyAdjusted,1,,消費支出（名目）,2011-08,94,false
seasonallyAdjusted,2,,食料（名目）,2011-08,22.6,false
seasonallyAdjusted,3,,住居（名目）,2011-08,7.4,false
seasonallyAdjusted,4,,光熱・水道（名目）,2011-08,6.7,false
seasonallyAdjusted,5,,家具・家事用品（名目）,2011-08,3.3,false
seasonallyAdjusted,6,,被服及び履物（名目）,2011-08,4.1,false
seasonallyAdjusted,7,,保健医療（名目）,2011-08,4.1,false
seasonallyAdjusted,8,,交通・通信（名目）,2011-08,14.5,false
seasonallyAdjusted,9,,教育（名目）,2011-08,3.5,false
seasonallyAdjusted,10,,教養娯楽（名目）,2011-08,10.2,false
seasonallyAdjusted,11,,その他の消費支出（名目）,2011-08,,true
seasonallyAdjusted,12,,消費支出（実質）,2011-08,115.1,false
seasonallyAdjusted,13,,食料（実質）,2011-08,32.3,false
seasonallyAdjusted,14,,住居（実質）,2011-08,8.8,false
seasonallyAdjusted,15,,光熱・水道（実質）,2011-08,8.7,false
seasonallyAdjusted,16,,家具・家事用品（実質）,2011-08,4.1,false
seasonallyAdjusted,17,,被服及び履物（実質）,2011-08,5,false
seasonallyAdjusted,18,,保健医療（実質）,2011-08,4.5,false
seasonallyAdjusted,19,,交通・通信（実質）,2011-08,14.7,false
seasonallyAdjusted,20,,教育（実質）,2011-08,3.3,false
seasonallyAdjusted,21,,教養娯楽（実質）,2011-08,12.6,false
seasonallyAdjusted,22,,その他の消費支出（実質）,2011-08,,true
seasonallyAdjusted,1,,消費支出（名目）,2011-09,94.5,false
seasonallyAdjusted,2,,食料（名目）,2011-09,22.6,false
seasonallyAdjusted,3,,住居（名目）,2011-09,7,false
seasonallyAdjusted,4,,光熱・水道（名目）,2011-09,6.9,false
seasonallyAdjusted,5,,家具・家事用品（名目）,2011-09,3.6,false
seasonallyAdjusted,6,,被服及び履物（名目）,2011-09,4,false
seasonallyAdjusted,7,,保健医療（名目）,2011-09,4.1,false
seasonallyAdjusted,8,,交通・通信（名目）,2011-09,14.5,false
seasonallyAdjusted,9,,教育（名目）,2011-09,3.9,false
seasonallyAdjusted,10,,教養娯楽（名目）,2011-09,10.1,false
seasonallyAdjusted,11,,その他の消費支出（名目）,2011-09,,true
seasonallyAdjusted,12,,消費支出（実質）,2011-09,115.5,false
seasonallyAdjusted,13,,食料（実質）,2011-09,32.2,false
seasonallyAdjusted,14,,住居（実質）,2011-09,8.2,false
seasonallyAdjusted,15,,光熱・水道（実質）,2011-09,8.9,false
seasonallyAdjusted,16,,家具・家事用品（実質）,2011-09,4.5,false
seasonallyAdjusted,17,,被服及び履物（実質）,2011-09,4.8,false
seasonallyAdjusted,18,,保健医療（実質）,2011-09,4.5,false
seasonallyAdjusted,19,,交通・通信（実質）,2011-09,14.7,false
seasonallyAdjusted,20,,教育（実質）,2011-09,3.7,false
seasonallyAdjusted,21,,教養娯楽（実質）,2011-09,12.4,false
seasonallyAdjusted,22,,その他の消費支出（実質）,2011-09,,true
seasonallyAdjusted,1,,消費支出（名目）,2011-10,94.2,false
seasonallyAdjusted,2,,食料（名目）,2011-10,22.8,false
seasonallyAdjusted,3,,住居（名目）,2011-10,7.2,false
seasonallyAdjusted,4,,光熱・水道（名目）,2011-10,6.9,false
seasonallyAdjusted,5,,家具・家事用品（名目）,2011-10,3.5,false
seasonallyAdjusted,6,,被服及び履物（名目）,2011-10,4.1,false
seasonallyAdjusted,7,,保健医療（名目）,2011-10,4.1,false
seasonallyAdjusted,8,,交通・通信（名目）,2011-10,14.3,false
seasonallyAdjusted,9,,教育（名目）,2011-10,3.7,false
seasonallyAdjusted,10,,教養娯楽（名目）,2011-10,10.2,false
seasonallyAdjusted,11,,その他の消費支出（名目）,2011-10,,true
seasonallyAdjusted,12,,消費支出（実質）,2011-10,115,false
seasonallyAdjusted,13,,食料（実質）,2011-10,32.3,false
seasonallyAdjusted,14,,住居（実質）,2011-10,8.5,false
seasonallyAdjusted,15,,光熱・水道（実質）,2011-10,8.8,false
seasonallyAdjusted,16,,家具・家事用品（実質）,2011-10,4.4,false
seasonallyAdjusted,17,,被服及び履物（実質）,2011-10,4.9,false
seasonallyAdjusted,18,,保健医療（実質）,2011-10,4.5,false
seasonallyAdjusted,19,,交通・通信（実質）,2011-10,14.7,false
seasonallyAdjusted,20,,教育（実質）,2011-10,3.5,false
seasonallyAdjusted,21,,教養娯楽（実質）,2011-10,12.5,false
seasonallyAdjusted,22,,その他の消費支出（実質）,2011-10,,true
seasonallyAdjusted,1,,消費支出（名目）,2011-11,94.5,false
seasonallyAdjusted,2,,食料（名目）,2011-11,22.7,false
seasonallyAdjusted,3,,住居（名目）,2011-11,7.2,false
seasonallyAdjusted,4,,光熱・水道（名目）,2011-11,6.8,false
seasonallyAdjusted,5,,家具・家事用品（名目）,2011-11,3.4,false
seasonallyAdjusted,6,,被服及び履物（名目）,2011-11,4,false
seasonallyAdjusted,7,,保健医療（名目）,2011-11,4.1,false
seasonallyAdjusted,8,,交通・通信（名目）,2011-11,15,false
seasonallyAdjusted,9,,教育（名目）,2011-11,4,false
seasonallyAdjusted,10,,教養娯楽（名目）,2011-11,9.8,false
seasonallyAdjusted,11,,その他の消費支出（名目）,2011-11,,true
seasonallyAdjusted,12,,消費支出（実質）,2011-11,115.8,false
seasonallyAdjusted,13,,食料（実質）,2011-11,32.3,false
seasonallyAdjusted,14,,住居（実質）,2011-11,8.5,false
seasonallyAdjusted,15,,光熱・水道（実質）,2011-11,8.6,false
seasonallyAdjusted,16,,家具・家事用品（実質）,2011-11,4.4,false
seasonallyAdjusted,17,,被服及び履物（実質）,2011-11,4.8,false
seasonallyAdjusted,18,,保健医療（実質）,2011-11,4.5,false
seasonallyAdjusted,19,,交通・通信（実質）,2011-11,15.2,false
seasonallyAdjusted,20,,教育（実質）,2011-11,3.7,false
seasonallyAdjusted,21,,教養娯楽（実質）,2011-11,12.3,false
seasonallyAdjusted,22,,その他の消費支出（実質）,2011-11,,true
seasonallyAdjusted,1,,消費支出（名目）,2011-12,95.3,false
seasonallyAdjusted,2,,食料（名目）,2011-12,22.7,false
seasonallyAdjusted,3,,住居（名目）,2011-12,6.9,false
seasonallyAdjusted,4,,光熱・水道（名目）,2011-12,6.9,false
seasonallyAdjusted,5,,家具・家事用品（名目）,2011-12,3.5,false
seasonallyAdjusted,6,,被服及び履物（名目）,2011-12,4.1,false
seasonallyAdjusted,7,,保健医療（名目）,2011-12,3.9,false
seasonallyAdjusted,8,,交通・通信（名目）,2011-12,14.9,false
seasonallyAdjusted,9,,教育（名目）,2011-12,3.8,false
seasonallyAdjusted,10,,教養娯楽（名目）,2011-12,10,false
seasonallyAdjusted,11,,その他の消費支出（名目）,2011-12,,true
seasonallyAdjusted,12,,消費支出（実質）,2011-12,116.5,false
seasonallyAdjusted,13,,食料（実質）,2011-12,32.2,false
seasonallyAdjusted,14,,住居（実質）,2011-12,8.2,false
seasonallyAdjusted,15,,光熱・水道（実質）,2011-12,8.7,false
seasonallyAdjusted,16,,家具・家事用品（実質）,2011-12,4.6,false
seasonallyAdjusted,17,,被服及び履物（実質）,2011-12,5,false
seasonallyAdjusted,18,,保健医療（実質）,2011-12,4.3,false
seasonallyAdjusted,19,,交通・通信（実質）,2011-12,15,false
seasonallyAdjusted,20,,教育（実質）,2011-12,3.6,false
seasonallyAdjusted,21,,教養娯楽（実質）,2011-12,12.4,false
seasonallyAdjusted,22,,その他の消費支出（実質）,2011-12,,true
seasonallyAdjusted,1,,消費支出（名目）,2012-01,95.2,false
seasonallyAdjusted,2,,食料（名目）,2012-01,22.9,false
seasonallyAdjusted,3,,住居（名目）,2012-01,6.8,false
seasonallyAdjusted,4,,光熱・水道（名目）,2012-01,7,false
seasonallyAdjusted,5,,家具・家事用品（名目）,2012-01,3.5,false
seasonallyAdjusted,6,,被服及び履物（名目）,2012-01,4.2,false
seasonallyAdjusted,7,,保健医療（名目）,2012-01,4,false
seasonallyAdjusted,8,,交通・通信（名目）,2012-01,15.1,false
seasonallyAdjusted,9,,教育（名目）,2012-01,3.7,false
seasonallyAdjusted,10,,教養娯楽（名目）,2012-01,9.9,false
seasonallyAdjusted,11,,その他の消費支出（名目）,2012-01,,true
seasonallyAdjusted,12,,消費支出（実質）,2012-01,116.1,false
seasonallyAdjusted,13,,食料（実質）,2012-01,32.3,false
seasonallyAdjusted,14,,住居（実質）,2012-01,8,false
seasonallyAdjusted,15,,光熱・水道（実質）,2012-01,8.9,false
seasonallyAdjusted,16,,家具・家事用品（実質）,2012-01,4.4,false
seasonallyAdjusted,17,,被服及び履物（実質）,2012-01,5.1,false
seasonallyAdjusted,18,,保健医療（実質）,2012-01,4.4,false
seasonallyAdjusted,19,,交通・通信（実質）,2012-01,15.2,false
seasonallyAdjusted,20,,教育（実質）,2012-01,3.4,false
seasonallyAdjusted,21,,教養娯楽（実質）,2012-01,12.5,false
seasonallyAdjusted,22,,その他の消費支出（実質）,2012-01,,true
seasonallyAdjusted,1,,消費支出（名目）,2012-02,95.1,false
seasonallyAdjusted,2,,食料（名目）,2012-02,22.9,false
seasonallyAdjusted,3,,住居（名目）,2012-02,6.9,false
seasonallyAdjusted,4,,光熱・水道（名目）,2012-02,7.1,false
seasonallyAdjusted,5,,家具・家事用品（名目）,2012-02,3.6,false
seasonallyAdjusted,6,,被服及び履物（名目）,2012-02,3.9,false
seasonallyAdjusted,7,,保健医療（名目）,2012-02,4.2,false
seasonallyAdjusted,8,,交通・通信（名目）,2012-02,15.9,false
seasonallyAdjusted,9,,教育（名目）,2012-02,3.7,false
seasonallyAdjusted,10,,教養娯楽（名目）,2012-02,10.2,false
seasonallyAdjusted,11,,その他の消費支出（名目）,2012-02,,true
seasonallyAdjusted,12,,消費支出（実質）,2012-02,116,false
seasonallyAdjusted,13,,食料（実質）,2012-02,32.2,false
seasonallyAdjusted,14,,住居（実質）,2012-02,8.1,false
seasonallyAdjusted,15,,光熱・水道（実質）,2012-02,9,false
seasonallyAdjusted,16,,家具・家事用品（実質）,2012-02,4.6,false
seasonallyAdjusted,17,,被服及び履物（実質）,2012-02,4.7,false
seasonallyAdjusted,18,,保健医療（実質）,2012-02,4.6,false
seasonallyAdjusted,19,,交通・通信（実質）,2012-02,16.1,false
seasonallyAdjusted,20,,教育（実質）,2012-02,3.5,false
seasonallyAdjusted,21,,教養娯楽（実質）,2012-02,12.6,false
seasonallyAdjusted,22,,その他の消費支出（実質）,2012-02,,true
seasonallyAdjusted,1,,消費支出（名目）,2012-03,96,false
seasonallyAdjusted,2,,食料（名目）,2012-03,22.9,false
seasonallyAdjusted,3,,住居（名目）,2012-03,6.6,false
seasonallyAdjusted,4,,光熱・水道（名目）,2012-03,7.2,false
seasonallyAdjusted,5,,家具・家事用品（名目）,2012-03,3.6,false
seasonallyAdjusted,6,,被服及び履物（名目）,2012-03,3.9,false
seasonallyAdjusted,7,,保健医療（名目）,2012-03,4.2,false
seasonallyAdjusted,8,,交通・通信（名目）,2012-03,16.6,false
seasonallyAdjusted,9,,教育（名目）,2012-03,3.8,false
seasonallyAdjusted,10,,教養娯楽（名目）,2012-03,10.1,false
seasonallyAdjusted,11,,その他の消費支出（名目）,2012-03,,true
seasonallyAdjusted,12,,消費支出（実質）,2012-03,116.8,false
seasonallyAdjusted,13,,食料（実質）,2012-03,32.1,false
seasonallyAdjusted,14,,住居（実質）,2012-03,7.9,false
seasonallyAdjusted,15,,光熱・水道（実質）,2012-03,9.1,false
seasonallyAdjusted,16,,家具・家事用品（実質）,2012-03,4.6,false
seasonallyAdjusted,17,,被服及び履物（実質）,2012-03,4.6,false
seasonallyAdjusted,18,,保健医療（実質）,2012-03,4.6,false
seasonallyAdjusted,19,,交通・通信（実質）,2012-03,16.5,false
seasonallyAdjusted,20,,教育（実質）,2012-03,3.5,false
seasonallyAdjusted,21,,教養娯楽（実質）,2012-03,12.4,false
seasonallyAdjusted,22,,その他の消費支出（実質）,2012-03,,true
seasonallyAdjusted,1,,消費支出（名目）,2012-04,96.6,false
seasonallyAdjusted,2,,食料（名目）,2012-04,22.9,false
seasonallyAdjusted,3,,住居（名目）,2012-04,6.1,false
seasonallyAdjusted,4,,光熱・水道（名目）,2012-04,7.2,false
seasonallyAdjusted,5,,家具・家事用品（名目）,2012-04,3.5,false
seasonallyAdjusted,6,,被服及び履物（名目）,2012-04,4,false
seasonallyAdjusted,7,,保健医療（名目）,2012-04,4.1,false
seasonallyAdjusted,8,,交通・通信（名目）,2012-04,16.7,false
seasonallyAdjusted,9,,教育（名目）,2012-04,3.7,false
seasonallyAdjusted,10,,教養娯楽（名目）,2012-04,10.1,false
seasonallyAdjusted,11,,その他の消費支出（名目）,2012-04,,true
seasonallyAdjusted,12,,消費支出（実質）,2012-04,117.7,false
seasonallyAdjusted,13,,食料（実質）,2012-04,32.4,false
seasonallyAdjusted,14,,住居（実質）,2012-04,7.3,false
seasonallyAdjusted,15,,光熱・水道（実質）,2012-04,9.1,false
seasonallyAdjusted,16,,家具・家事用品（実質）,2012-04,4.5,false
seasonallyAdjusted,17,,被服及び履物（実質）,2012-04,4.9,false
seasonallyAdjusted,18,,保健医療（実質）,2012-04,4.5,false
seasonallyAdjusted,19,,交通・通信（実質）,2012-04,16.6,false
seasonallyAdjusted,20,,教育（実質）,2012-04,3.5,false
seasonallyAdjusted,21,,教養娯楽（実質）,2012-04,12.5,false
seasonallyAdjusted,22,,その他の消費支出（実質）,2012-04,,true
seasonallyAdjusted,1,,消費支出（名目）,2012-05,97,false
seasonallyAdjusted,2,,食料（名目）,2012-05,22.7,false
seasonallyAdjusted,3,,住居（名目）,2012-05,6.8,false
seasonallyAdjusted,4,,光熱・水道（名目）,2012-05,7.2,false
seasonallyAdjusted,5,,家具・家事用品（名目）,2012-05,3.6,false
seasonallyAdjusted,6,,被服及び履物（名目）,2012-05,4,false
seasonallyAdjusted,7,,保健医療（名目）,2012-05,4.2,false
seasonallyAdjusted,8,,交通・通信（名目）,2012-05,16.9,false
seasonallyAdjusted,9,,教育（名目）,2012-05,3.7,false
seasonallyAdjusted,10,,教養娯楽（名目）,2012-05,10.3,false
seasonallyAdjusted,11,,その他の消費支出（名目）,2012-05,,true
seasonallyAdjusted,12,,消費支出（実質）,2012-05,118,false
seasonallyAdjusted,13,,食料（実質）,2012-05,32.2,false
seasonallyAdjusted,14,,住居（実質）,2012-05,8,false
seasonallyAdjusted,15,,光熱・水道（実質）,2012-05,9,false
seasonallyAdjusted,16,,家具・家事用品（実質）,2012-05,4.6,false
seasonallyAdjusted,17,,被服及び履物（実質）,2012-05,4.8,false
seasonallyAdjusted,18,,保健医療（実質）,2012-05,4.7,false
seasonallyAdjusted,19,,交通・通信（実質）,2012-05,16.9,false
seasonallyAdjusted,20,,教育（実質）,2012-05,3.5,false
seasonallyAdjusted,21,,教養娯楽（実質）,2012-05,12.8,false
seasonallyAdjusted,22,,その他の消費支出（実質）,2012-05,,true
seasonallyAdjusted,1,,消費支出（名目）,2012-06,96,false
seasonallyAdjusted,2,,食料（名目）,2012-06,22.6,false
seasonallyAdjusted,3,,住居（名目）,2012-06,6.9,false
seasonallyAdjusted,4,,光熱・水道（名目）,2012-06,7,false
seasonallyAdjusted,5,,家具・家事用品（名目）,2012-06,3.6,false
seasonallyAdjusted,6,,被服及び履物（名目）,2012-06,3.9,false
seasonallyAdjusted,7,,保健医療（名目）,2012-06,4.1,false
seasonallyAdjusted,8,,交通・通信（名目）,2012-06,17.2,false
seasonallyAdjusted,9,,教育（名目）,2012-06,3.5,false
seasonallyAdjusted,10,,教養娯楽（名目）,2012-06,9.9,false
seasonallyAdjusted,11,,その他の消費支出（名目）,2012-06,,true
seasonallyAdjusted,12,,消費支出（実質）,2012-06,117.4,false
seasonallyAdjusted,13,,食料（実質）,2012-06,32.1,false
seasonallyAdjusted,14,,住居（実質）,2012-06,8.2,false
seasonallyAdjusted,15,,光熱・水道（実質）,2012-06,8.8,false
seasonallyAdjusted,16,,家具・家事用品（実質）,2012-06,4.6,false
seasonallyAdjusted,17,,被服及び履物（実質）,2012-06,4.7,false
seasonallyAdjusted,18,,保健医療（実質）,2012-06,4.5,false
seasonallyAdjusted,19,,交通・通信（実質）,2012-06,17.4,false
seasonallyAdjusted,20,,教育（実質）,2012-06,3.3,false
seasonallyAdjusted,21,,教養娯楽（実質）,2012-06,12.2,false
seasonallyAdjusted,22,,その他の消費支出（実質）,2012-06,,true
seasonallyAdjusted,1,,消費支出（名目）,2012-07,94.2,false
seasonallyAdjusted,2,,食料（名目）,2012-07,22.6,false
seasonallyAdjusted,3,,住居（名目）,2012-07,6.6,false
seasonallyAdjusted,4,,光熱・水道（名目）,2012-07,6.9,false
seasonallyAdjusted,5,,家具・家事用品（名目）,2012-07,3.5,false
seasonallyAdjusted,6,,被服及び履物（名目）,2012-07,4.1,false
seasonallyAdjusted,7,,保健医療（名目）,2012-07,4.2,false
seasonallyAdjusted,8,,交通・通信（名目）,2012-07,16.2,false
seasonallyAdjusted,9,,教育（名目）,2012-07,3.6,false
seasonallyAdjusted,10,,教養娯楽（名目）,2012-07,9.7,false
seasonallyAdjusted,11,,その他の消費支出（名目）,2012-07,,true
seasonallyAdjusted,12,,消費支出（実質）,2012-07,115.6,false
seasonallyAdjusted,13,,食料（実質）,2012-07,32.2,false
seasonallyAdjusted,14,,住居（実質）,2012-07,7.8,false
seasonallyAdjusted,15,,光熱・水道（実質）,2012-07,8.6,false
seasonallyAdjusted,16,,家具・家事用品（実質）,2012-07,4.5,false
seasonallyAdjusted,17,,被服及び履物（実質）,2012-07,4.9,false
seasonallyAdjusted,18,,保健医療（実質）,2012-07,4.6,false
seasonallyAdjusted,19,,交通・通信（実質）,2012-07,16.5,false
seasonallyAdjusted,20,,教育（実質）,2012-07,3.4,false
seasonallyAdjusted,21,,教養娯楽（実質）,2012-07,12.2,false
seasonallyAdjusted,22,,その他の消費支出（実質）,2012-07,,true
seasonallyAdjusted,1,,消費支出（名目）,2012-08,95.9,false
seasonallyAdjusted,2,,食料（名目）,2012-08,22.7,false
seasonallyAdjusted,3,,住居（名目）,2012-08,6.8,false
seasonallyAdjusted,4,,光熱・水道（名目）,2012-08,6.9,false
seasonallyAdjusted,5,,家具・家事用品（名目）,2012-08,3.5,false
seasonallyAdjusted,6,,被服及び履物（名目）,2012-08,3.9,false
seasonallyAdjusted,7,,保健医療（名目）,2012-08,4.2,false
seasonallyAdjusted,8,,交通・通信（名目）,2012-08,16.2,false
seasonallyAdjusted,9,,教育（名目）,2012-08,3.6,false
seasonallyAdjusted,10,,教養娯楽（名目）,2012-08,9.9,false
seasonallyAdjusted,11,,その他の消費支出（名目）,2012-08,,true
seasonallyAdjusted,12,,消費支出（実質）,2012-08,117.8,false
seasonallyAdjusted,13,,食料（実質）,2012-08,32.6,false
seasonallyAdjusted,14,,住居（実質）,2012-08,8,false
seasonallyAdjusted,15,,光熱・水道（実質）,2012-08,8.6,false
seasonallyAdjusted,16,,家具・家事用品（実質）,2012-08,4.4,false
seasonallyAdjusted,17,,被服及び履物（実質）,2012-08,4.7,false
seasonallyAdjusted,18,,保健医療（実質）,2012-08,4.7,false
seasonallyAdjusted,19,,交通・通信（実質）,2012-08,16.5,false
seasonallyAdjusted,20,,教育（実質）,2012-08,3.4,false
seasonallyAdjusted,21,,教養娯楽（実質）,2012-08,12.3,false
seasonallyAdjusted,22,,その他の消費支出（実質）,2012-08,,true
seasonallyAdjusted,1,,消費支出（名目）,2012-09,94.1,false
seasonallyAdjusted,2,,食料（名目）,2012-09,22.5,false
seasonallyAdjusted,3,,住居（名目）,2012-09,6.5,false
seasonallyAdjusted,4,,光熱・水道（名目）,2012-09,7,false
seasonallyAdjusted,5,,家具・家事用品（名目）,2012-09,3.6,false
seasonallyAdjusted,6,,被服及び履物（名目）,2012-09,3.7,false
seasonallyAdjusted,7,,保健医療（名目）,2012-09,4.1,false
seasonallyAdjusted,8,,交通・通信（名目）,2012-09,15.8,false
seasonallyAdjusted,9,,教育（名目）,2012-09,3.5,false
seasonallyAdjusted,10,,教養娯楽（名目）,2012-09,9.7,false
seasonallyAdjusted,11,,その他の消費支出（名目）,2012-09,,true
seasonallyAdjusted,12,,消費支出（実質）,2012-09,115.6,false
seasonallyAdjusted,13,,食料（実質）,2012-09,32.4,false
seasonallyAdjusted,14,,住居（実質）,2012-09,7.8,false
seasonallyAdjusted,15,,光熱・水道（実質）,2012-09,8.6,false
seasonallyAdjusted,16,,家具・家事用品（実質）,2012-09,4.7,false
seasonallyAdjusted,17,,被服及び履物（実質）,2012-09,4.5,false
seasonallyAdjusted,18,,保健医療（実質）,2012-09,4.6,false
seasonallyAdjusted,19,,交通・通信（実質）,2012-09,16,false
seasonallyAdjusted,20,,教育（実質）,2012-09,3.3,false
seasonallyAdjusted,21,,教養娯楽（実質）,2012-09,12.2,false
seasonallyAdjusted,22,,その他の消費支出（実質）,2012-09,,true
seasonallyAdjusted,1,,消費支出（名目）,2012-10,95.4,false
seasonallyAdjusted,2,,食料（名目）,2012-10,22.7,false
seasonallyAdjusted,3,,住居（名目）,2012-10,6.9,false
seasonallyAdjusted,4,,光熱・水道（名目）,2012-10,7,false
seasonallyAdjusted,5,,家具・家事用品（名目）,2012-10,3.8,false
seasonallyAdjusted,6,,被服及び履物（名目）,2012-10,4,false
seasonallyAdjusted,7,,保健医療（名目）,2012-10,4.2,false
seasonallyAdjusted,8,,交通・通信（名目）,2012-10,15.9,false
seasonallyAdjusted,9,,教育（名目）,2012-10,3.5,false
seasonallyAdjusted,10,,教養娯楽（名目）,2012-10,10,false
seasonallyAdjusted,11,,その他の消費支出（名目）,2012-10,,true
seasonallyAdjusted,12,,消費支出（実質）,2012-10,117,false
seasonallyAdjusted,13,,食料（実質）,2012-10,32.7,false
seasonallyAdjusted,14,,住居（実質）,2012-10,8.2,false
seasonallyAdjusted,15,,光熱・水道（実質）,2012-10,8.6,false
seasonallyAdjusted,16,,家具・家事用品（実質）,2012-10,4.9,false
seasonallyAdjusted,17,,被服及び履物（実質）,2012-10,4.8,false
seasonallyAdjusted,18,,保健医療（実質）,2012-10,4.6,false
seasonallyAdjusted,19,,交通・通信（実質）,2012-10,16.2,false
seasonallyAdjusted,20,,教育（実質）,2012-10,3.3,false
seasonallyAdjusted,21,,教養娯楽（実質）,2012-10,12.5,false
seasonallyAdjusted,22,,その他の消費支出（実質）,2012-10,,true
seasonallyAdjusted,1,,消費支出（名目）,2012-11,94.4,false
seasonallyAdjusted,2,,食料（名目）,2012-11,22.7,false
seasonallyAdjusted,3,,住居（名目）,2012-11,6.3,false
seasonallyAdjusted,4,,光熱・水道（名目）,2012-11,7.1,false
seasonallyAdjusted,5,,家具・家事用品（名目）,2012-11,3.5,false
seasonallyAdjusted,6,,被服及び履物（名目）,2012-11,4.1,false
seasonallyAdjusted,7,,保健医療（名目）,2012-11,4,false
seasonallyAdjusted,8,,交通・通信（名目）,2012-11,15.6,false
seasonallyAdjusted,9,,教育（名目）,2012-11,3.5,false
seasonallyAdjusted,10,,教養娯楽（名目）,2012-11,9.7,false
seasonallyAdjusted,11,,その他の消費支出（名目）,2012-11,,true
seasonallyAdjusted,12,,消費支出（実質）,2012-11,115.6,false
seasonallyAdjusted,13,,食料（実質）,2012-11,32.4,false
seasonallyAdjusted,14,,住居（実質）,2012-11,7.5,false
seasonallyAdjusted,15,,光熱・水道（実質）,2012-11,8.7,false
seasonallyAdjusted,16,,家具・家事用品（実質）,2012-11,4.6,false
seasonallyAdjusted,17,,被服及び履物（実質）,2012-11,5,false
seasonallyAdjusted,18,,保健医療（実質）,2012-11,4.4,false
seasonallyAdjusted,19,,交通・通信（実質）,2012-11,15.8,false
seasonallyAdjusted,20,,教育（実質）,2012-11,3.3,false
seasonallyAdjusted,21,,教養娯楽（実質）,2012-11,12.3,false
seasonallyAdjusted,22,,その他の消費支出（実質）,2012-11,,true
seasonallyAdjusted,1,,消費支出（名目）,2012-12,94.8,false
seasonallyAdjusted,2,,食料（名目）,2012-12,22.7,false
seasonallyAdjusted,3,,住居（名目）,2012-12,6.4,false
seasonallyAdjusted,4,,光熱・水道（名目）,2012-12,7.3,false
seasonallyAdjusted,5,,家具・家事用品（名目）,2012-12,3.5,false
seasonallyAdjusted,6,,被服及び履物（名目）,2012-12,4,false
seasonallyAdjusted,7,,保健医療（名目）,2012-12,4.1,false
seasonallyAdjusted,8,,交通・通信（名目）,2012-12,15.9,false
seasonallyAdjusted,9,,教育（名目）,2012-12,3.6,false
seasonallyAdjusted,10,,教養娯楽（名目）,2012-12,9.8,false
seasonallyAdjusted,11,,その他の消費支出（名目）,2012-12,,true
seasonallyAdjusted,12,,消費支出（実質）,2012-12,116.2,false
seasonallyAdjusted,13,,食料（実質）,2012-12,32.3,false
seasonallyAdjusted,14,,住居（実質）,2012-12,7.6,false
seasonallyAdjusted,15,,光熱・水道（実質）,2012-12,9,false
seasonallyAdjusted,16,,家具・家事用品（実質）,2012-12,4.6,false
seasonallyAdjusted,17,,被服及び履物（実質）,2012-12,4.8,false
seasonallyAdjusted,18,,保健医療（実質）,2012-12,4.5,false
seasonallyAdjusted,19,,交通・通信（実質）,2012-12,16.1,false
seasonallyAdjusted,20,,教育（実質）,2012-12,3.4,false
seasonallyAdjusted,21,,教養娯楽（実質）,2012-12,12.4,false
seasonallyAdjusted,22,,その他の消費支出（実質）,2012-12,,true
seasonallyAdjusted,1,,消費支出（名目）,2013-01,96.1,false
seasonallyAdjusted,2,,食料（名目）,2013-01,22.9,false
seasonallyAdjusted,3,,住居（名目）,2013-01,6.5,false
seasonallyAdjusted,4,,光熱・水道（名目）,2013-01,7.3,false
seasonallyAdjusted,5,,家具・家事用品（名目）,2013-01,3.5,false
seasonallyAdjusted,6,,被服及び履物（名目）,2013-01,4,false
seasonallyAdjusted,7,,保健医療（名目）,2013-01,4,false
seasonallyAdjusted,8,,交通・通信（名目）,2013-01,15.7,false
seasonallyAdjusted,9,,教育（名目）,2013-01,3.7,false
seasonallyAdjusted,10,,教養娯楽（名目）,2013-01,9.9,false
seasonallyAdjusted,11,,その他の消費支出（名目）,2013-01,,true
seasonallyAdjusted,12,,消費支出（実質）,2013-01,117.5,false
seasonallyAdjusted,13,,食料（実質）,2013-01,32.7,false
seasonallyAdjusted,14,,住居（実質）,2013-01,7.7,false
seasonallyAdjusted,15,,光熱・水道（実質）,2013-01,9,false
seasonallyAdjusted,16,,家具・家事用品（実質）,2013-01,4.7,false
seasonallyAdjusted,17,,被服及び履物（実質）,2013-01,4.8,false
seasonallyAdjusted,18,,保健医療（実質）,2013-01,4.5,false
seasonallyAdjusted,19,,交通・通信（実質）,2013-01,15.8,false
seasonallyAdjusted,20,,教育（実質）,2013-01,3.4,false
seasonallyAdjusted,21,,教養娯楽（実質）,2013-01,12.6,false
seasonallyAdjusted,22,,その他の消費支出（実質）,2013-01,,true
seasonallyAdjusted,1,,消費支出（名目）,2013-02,98.3,false
seasonallyAdjusted,2,,食料（名目）,2013-02,22.9,false
seasonallyAdjusted,3,,住居（名目）,2013-02,6.7,false
seasonallyAdjusted,4,,光熱・水道（名目）,2013-02,7.1,false
seasonallyAdjusted,5,,家具・家事用品（名目）,2013-02,3.4,false
seasonallyAdjusted,6,,被服及び履物（名目）,2013-02,4.2,false
seasonallyAdjusted,7,,保健医療（名目）,2013-02,4,false
seasonallyAdjusted,8,,交通・通信（名目）,2013-02,16.9,false
seasonallyAdjusted,9,,教育（名目）,2013-02,3.6,false
seasonallyAdjusted,10,,教養娯楽（名目）,2013-02,10.3,false
seasonallyAdjusted,11,,その他の消費支出（名目）,2013-02,,true
seasonallyAdjusted,12,,消費支出（実質）,2013-02,120.8,false
seasonallyAdjusted,13,,食料（実質）,2013-02,32.8,false
seasonallyAdjusted,14,,住居（実質）,2013-02,8,false
seasonallyAdjusted,15,,光熱・水道（実質）,2013-02,8.8,false
seasonallyAdjusted,16,,家具・家事用品（実質）,2013-02,4.5,false
seasonallyAdjusted,17,,被服及び履物（実質）,2013-02,5.1,false
seasonallyAdjusted,18,,保健医療（実質）,2013-02,4.5,false
seasonallyAdjusted,19,,交通・通信（実質）,2013-02,17.1,false
seasonallyAdjusted,20,,教育（実質）,2013-02,3.4,false
seasonallyAdjusted,21,,教養娯楽（実質）,2013-02,13,false
seasonallyAdjusted,22,,その他の消費支出（実質）,2013-02,,true
seasonallyAdjusted,1,,消費支出（名目）,2013-03,97.8,false
seasonallyAdjusted,2,,食料（名目）,2013-03,23,false
seasonallyAdjusted,3,,住居（名目）,2013-03,7.1,false
seasonallyAdjusted,4,,光熱・水道（名目）,2013-03,7,false
seasonallyAdjusted,5,,家具・家事用品（名目）,2013-03,3.5,false
seasonallyAdjusted,6,,被服及び履物（名目）,2013-03,4.2,false
seasonallyAdjusted,7,,保健医療（名目）,2013-03,4.2,false
seasonallyAdjusted,8,,交通・通信（名目）,2013-03,17.1,false
seasonallyAdjusted,9,,教育（名目）,2013-03,3.7,false
seasonallyAdjusted,10,,教養娯楽（名目）,2013-03,10.1,false
seasonallyAdjusted,11,,その他の消費支出（名目）,2013-03,,true
seasonallyAdjusted,12,,消費支出（実質）,2013-03,120.4,false
seasonallyAdjusted,13,,食料（実質）,2013-03,33.1,false
seasonallyAdjusted,14,,住居（実質）,2013-03,8.4,false
seasonallyAdjusted,15,,光熱・水道（実質）,2013-03,8.6,false
seasonallyAdjusted,16,,家具・家事用品（実質）,2013-03,4.6,false
seasonallyAdjusted,17,,被服及び履物（実質）,2013-03,5,false
seasonallyAdjusted,18,,保健医療（実質）,2013-03,4.6,false
seasonallyAdjusted,19,,交通・通信（実質）,2013-03,16.9,false
seasonallyAdjusted,20,,教育（実質）,2013-03,3.5,false
seasonallyAdjusted,21,,教養娯楽（実質）,2013-03,12.8,false
seasonallyAdjusted,22,,その他の消費支出（実質）,2013-03,,true
seasonallyAdjusted,1,,消費支出（名目）,2013-04,97.9,false
seasonallyAdjusted,2,,食料（名目）,2013-04,23.2,false
seasonallyAdjusted,3,,住居（名目）,2013-04,7,false
seasonallyAdjusted,4,,光熱・水道（名目）,2013-04,6.8,false
seasonallyAdjusted,5,,家具・家事用品（名目）,2013-04,3.8,false
seasonallyAdjusted,6,,被服及び履物（名目）,2013-04,4.1,false
seasonallyAdjusted,7,,保健医療（名目）,2013-04,4.1,false
seasonallyAdjusted,8,,交通・通信（名目）,2013-04,16.4,false
seasonallyAdjusted,9,,教育（名目）,2013-04,3.8,false
seasonallyAdjusted,10,,教養娯楽（名目）,2013-04,10.2,false
seasonallyAdjusted,11,,その他の消費支出（名目）,2013-04,,true
seasonallyAdjusted,12,,消費支出（実質）,2013-04,120.1,false
seasonallyAdjusted,13,,食料（実質）,2013-04,33.3,false
seasonallyAdjusted,14,,住居（実質）,2013-04,8.3,false
seasonallyAdjusted,15,,光熱・水道（実質）,2013-04,8.3,false
seasonallyAdjusted,16,,家具・家事用品（実質）,2013-04,5,false
seasonallyAdjusted,17,,被服及び履物（実質）,2013-04,5,false
seasonallyAdjusted,18,,保健医療（実質）,2013-04,4.6,false
seasonallyAdjusted,19,,交通・通信（実質）,2013-04,16.3,false
seasonallyAdjusted,20,,教育（実質）,2013-04,3.6,false
seasonallyAdjusted,21,,教養娯楽（実質）,2013-04,12.9,false
seasonallyAdjusted,22,,その他の消費支出（実質）,2013-04,,true
seasonallyAdjusted,1,,消費支出（名目）,2013-05,96.3,false
seasonallyAdjusted,2,,食料（名目）,2013-05,23.1,false
seasonallyAdjusted,3,,住居（名目）,2013-05,7.1,false
seasonallyAdjusted,4,,光熱・水道（名目）,2013-05,7.1,false
seasonallyAdjusted,5,,家具・家事用品（名目）,2013-05,3.7,false
seasonallyAdjusted,6,,被服及び履物（名目）,2013-05,4.2,false
seasonallyAdjusted,7,,保健医療（名目）,2013-05,4.2,false
seasonallyAdjusted,8,,交通・通信（名目）,2013-05,15.6,false
seasonallyAdjusted,9,,教育（名目）,2013-05,3.6,false
seasonallyAdjusted,10,,教養娯楽（名目）,2013-05,10,false
seasonallyAdjusted,11,,その他の消費支出（名目）,2013-05,,true
seasonallyAdjusted,12,,消費支出（実質）,2013-05,117.5,false
seasonallyAdjusted,13,,食料（実質）,2013-05,33.3,false
seasonallyAdjusted,14,,住居（実質）,2013-05,8.4,false
seasonallyAdjusted,15,,光熱・水道（実質）,2013-05,8.5,false
seasonallyAdjusted,16,,家具・家事用品（実質）,2013-05,4.8,false
seasonallyAdjusted,17,,被服及び履物（実質）,2013-05,5.1,false
seasonallyAdjusted,18,,保健医療（実質）,2013-05,4.7,false
seasonallyAdjusted,19,,交通・通信（実質）,2013-05,15.5,false
seasonallyAdjusted,20,,教育（実質）,2013-05,3.4,false
seasonallyAdjusted,21,,教養娯楽（実質）,2013-05,12.6,false
seasonallyAdjusted,22,,その他の消費支出（実質）,2013-05,,true
seasonallyAdjusted,1,,消費支出（名目）,2013-06,95.9,false
seasonallyAdjusted,2,,食料（名目）,2013-06,23.2,false
seasonallyAdjusted,3,,住居（名目）,2013-06,6.8,false
seasonallyAdjusted,4,,光熱・水道（名目）,2013-06,7.1,false
seasonallyAdjusted,5,,家具・家事用品（名目）,2013-06,3.8,false
seasonallyAdjusted,6,,被服及び履物（名目）,2013-06,4.1,false
seasonallyAdjusted,7,,保健医療（名目）,2013-06,4.2,false
seasonallyAdjusted,8,,交通・通信（名目）,2013-06,16.1,false
seasonallyAdjusted,9,,教育（名目）,2013-06,3.6,false
seasonallyAdjusted,10,,教養娯楽（名目）,2013-06,10.1,false
seasonallyAdjusted,11,,その他の消費支出（名目）,2013-06,,true
seasonallyAdjusted,12,,消費支出（実質）,2013-06,117,false
seasonallyAdjusted,13,,食料（実質）,2013-06,33.3,false
seasonallyAdjusted,14,,住居（実質）,2013-06,8.1,false
seasonallyAdjusted,15,,光熱・水道（実質）,2013-06,8.5,false
seasonallyAdjusted,16,,家具・家事用品（実質）,2013-06,4.9,false
seasonallyAdjusted,17,,被服及び履物（実質）,2013-06,5,false
seasonallyAdjusted,18,,保健医療（実質）,2013-06,4.7,false
seasonallyAdjusted,19,,交通・通信（実質）,2013-06,16,false
seasonallyAdjusted,20,,教育（実質）,2013-06,3.4,false
seasonallyAdjusted,21,,教養娯楽（実質）,2013-06,12.7,false
seasonallyAdjusted,22,,その他の消費支出（実質）,2013-06,,true
seasonallyAdjusted,1,,消費支出（名目）,2013-07,96.6,false
seasonallyAdjusted,2,,食料（名目）,2013-07,23.4,false
seasonallyAdjusted,3,,住居（名目）,2013-07,7,false
seasonallyAdjusted,4,,光熱・水道（名目）,2013-07,7.3,false
seasonallyAdjusted,5,,家具・家事用品（名目）,2013-07,3.8,false
seasonallyAdjusted,6,,被服及び履物（名目）,2013-07,4.1,false
seasonallyAdjusted,7,,保健医療（名目）,2013-07,4.1,false
seasonallyAdjusted,8,,交通・通信（名目）,2013-07,15.9,false
seasonallyAdjusted,9,,教育（名目）,2013-07,3.6,false
seasonallyAdjusted,10,,教養娯楽（名目）,2013-07,10.1,false
seasonallyAdjusted,11,,その他の消費支出（名目）,2013-07,,true
seasonallyAdjusted,12,,消費支出（実質）,2013-07,117.6,false
seasonallyAdjusted,13,,食料（実質）,2013-07,33.3,false
seasonallyAdjusted,14,,住居（実質）,2013-07,8.3,false
seasonallyAdjusted,15,,光熱・水道（実質）,2013-07,8.6,false
seasonallyAdjusted,16,,家具・家事用品（実質）,2013-07,5,false
seasonallyAdjusted,17,,被服及び履物（実質）,2013-07,5,false
seasonallyAdjusted,18,,保健医療（実質）,2013-07,4.5,false
seasonallyAdjusted,19,,交通・通信（実質）,2013-07,15.8,false
seasonallyAdjusted,20,,教育（実質）,2013-07,3.4,false
seasonallyAdjusted,21,,教養娯楽（実質）,2013-07,12.7,false
seasonallyAdjusted,22,,その他の消費支出（実質）,2013-07,,true
seasonallyAdjusted,1,,消費支出（名目）,2013-08,96.5,false
seasonallyAdjusted,2,,食料（名目）,2013-08,23.3,false
seasonallyAdjusted,3,,住居（名目）,2013-08,6.9,false
seasonallyAdjusted,4,,光熱・水道（名目）,2013-08,7.4,false
seasonallyAdjusted,5,,家具・家事用品（名目）,2013-08,3.8,false
seasonallyAdjusted,6,,被服及び履物（名目）,2013-08,4.1,false
seasonallyAdjusted,7,,保健医療（名目）,2013-08,4.1,false
seasonallyAdjusted,8,,交通・通信（名目）,2013-08,16.1,false
seasonallyAdjusted,9,,教育（名目）,2013-08,3.6,false
seasonallyAdjusted,10,,教養娯楽（名目）,2013-08,10.1,false
seasonallyAdjusted,11,,その他の消費支出（名目）,2013-08,,true
seasonallyAdjusted,12,,消費支出（実質）,2013-08,117,false
seasonallyAdjusted,13,,食料（実質）,2013-08,33.1,false
seasonallyAdjusted,14,,住居（実質）,2013-08,8.2,false
seasonallyAdjusted,15,,光熱・水道（実質）,2013-08,8.7,false
seasonallyAdjusted,16,,家具・家事用品（実質）,2013-08,5,false
seasonallyAdjusted,17,,被服及び履物（実質）,2013-08,4.9,false
seasonallyAdjusted,18,,保健医療（実質）,2013-08,4.6,false
seasonallyAdjusted,19,,交通・通信（実質）,2013-08,15.9,false
seasonallyAdjusted,20,,教育（実質）,2013-08,3.4,false
seasonallyAdjusted,21,,教養娯楽（実質）,2013-08,12.7,false
seasonallyAdjusted,22,,その他の消費支出（実質）,2013-08,,true
seasonallyAdjusted,1,,消費支出（名目）,2013-09,97.5,false
seasonallyAdjusted,2,,食料（名目）,2013-09,23.3,false
seasonallyAdjusted,3,,住居（名目）,2013-09,7.1,false
seasonallyAdjusted,4,,光熱・水道（名目）,2013-09,7.5,false
seasonallyAdjusted,5,,家具・家事用品（名目）,2013-09,3.7,false
seasonallyAdjusted,6,,被服及び履物（名目）,2013-09,4.1,false
seasonallyAdjusted,7,,保健医療（名目）,2013-09,4.4,false
seasonallyAdjusted,8,,交通・通信（名目）,2013-09,16.7,false
seasonallyAdjusted,9,,教育（名目）,2013-09,3.9,false
seasonallyAdjusted,10,,教養娯楽（名目）,2013-09,10.1,false
seasonallyAdjusted,11,,その他の消費支出（名目）,2013-09,,true
seasonallyAdjusted,12,,消費支出（実質）,2013-09,117.9,false
seasonallyAdjusted,13,,食料（実質）,2013-09,33,false
seasonallyAdjusted,14,,住居（実質）,2013-09,8.4,false
seasonallyAdjusted,15,,光熱・水道（実質）,2013-09,8.8,false
seasonallyAdjusted,16,,家具・家事用品（実質）,2013-09,4.8,false
seasonallyAdjusted,17,,被服及び履物（実質）,2013-09,4.9,false
seasonallyAdjusted,18,,保健医療（実質）,2013-09,4.9,false
seasonallyAdjusted,19,,交通・通信（実質）,2013-09,16.6,false
seasonallyAdjusted,20,,教育（実質）,2013-09,3.6,false
seasonallyAdjusted,21,,教養娯楽（実質）,2013-09,12.7,false
seasonallyAdjusted,22,,その他の消費支出（実質）,2013-09,,true
seasonallyAdjusted,1,,消費支出（名目）,2013-10,98,false
seasonallyAdjusted,2,,食料（名目）,2013-10,23,false
seasonallyAdjusted,3,,住居（名目）,2013-10,6.8,false
seasonallyAdjusted,4,,光熱・水道（名目）,2013-10,7.1,false
seasonallyAdjusted,5,,家具・家事用品（名目）,2013-10,3.7,false
seasonallyAdjusted,6,,被服及び履物（名目）,2013-10,4.1,false
seasonallyAdjusted,7,,保健医療（名目）,2013-10,4,false
seasonallyAdjusted,8,,交通・通信（名目）,2013-10,17.3,false
seasonallyAdjusted,9,,教育（名目）,2013-10,3.8,false
seasonallyAdjusted,10,,教養娯楽（名目）,2013-10,10.2,false
seasonallyAdjusted,11,,その他の消費支出（名目）,2013-10,,true
seasonallyAdjusted,12,,消費支出（実質）,2013-10,118.4,false
seasonallyAdjusted,13,,食料（実質）,2013-10,32.7,false
seasonallyAdjusted,14,,住居（実質）,2013-10,8.1,false
seasonallyAdjusted,15,,光熱・水道（実質）,2013-10,8.3,false
seasonallyAdjusted,16,,家具・家事用品（実質）,2013-10,4.9,false
seasonallyAdjusted,17,,被服及び履物（実質）,2013-10,4.9,false
seasonallyAdjusted,18,,保健医療（実質）,2013-10,4.5,false
seasonallyAdjusted,19,,交通・通信（実質）,2013-10,17.2,false
seasonallyAdjusted,20,,教育（実質）,2013-10,3.6,false
seasonallyAdjusted,21,,教養娯楽（実質）,2013-10,12.7,false
seasonallyAdjusted,22,,その他の消費支出（実質）,2013-10,,true
seasonallyAdjusted,1,,消費支出（名目）,2013-11,98.3,false
seasonallyAdjusted,2,,食料（名目）,2013-11,23.4,false
seasonallyAdjusted,3,,住居（名目）,2013-11,7.2,false
seasonallyAdjusted,4,,光熱・水道（名目）,2013-11,7.5,false
seasonallyAdjusted,5,,家具・家事用品（名目）,2013-11,3.8,false
seasonallyAdjusted,6,,被服及び履物（名目）,2013-11,4.2,false
seasonallyAdjusted,7,,保健医療（名目）,2013-11,4.1,false
seasonallyAdjusted,8,,交通・通信（名目）,2013-11,16.7,false
seasonallyAdjusted,9,,教育（名目）,2013-11,3.5,false
seasonallyAdjusted,10,,教養娯楽（名目）,2013-11,10,false
seasonallyAdjusted,11,,その他の消費支出（名目）,2013-11,,true
seasonallyAdjusted,12,,消費支出（実質）,2013-11,118.5,false
seasonallyAdjusted,13,,食料（実質）,2013-11,32.9,false
seasonallyAdjusted,14,,住居（実質）,2013-11,8.6,false
seasonallyAdjusted,15,,光熱・水道（実質）,2013-11,8.8,false
seasonallyAdjusted,16,,家具・家事用品（実質）,2013-11,5,false
seasonallyAdjusted,17,,被服及び履物（実質）,2013-11,5,false
seasonallyAdjusted,18,,保健医療（実質）,2013-11,4.6,false
seasonallyAdjusted,19,,交通・通信（実質）,2013-11,16.4,false
seasonallyAdjusted,20,,教育（実質）,2013-11,3.3,false
seasonallyAdjusted,21,,教養娯楽（実質）,2013-11,12.6,false
seasonallyAdjusted,22,,その他の消費支出（実質）,2013-11,,true
seasonallyAdjusted,1,,消費支出（名目）,2013-12,98.5,false
seasonallyAdjusted,2,,食料（名目）,2013-12,23.5,false
seasonallyAdjusted,3,,住居（名目）,2013-12,7,false
seasonallyAdjusted,4,,光熱・水道（名目）,2013-12,7.4,false
seasonallyAdjusted,5,,家具・家事用品（名目）,2013-12,3.8,false
seasonallyAdjusted,6,,被服及び履物（名目）,2013-12,4.1,false
seasonallyAdjusted,7,,保健医療（名目）,2013-12,4.3,false
seasonallyAdjusted,8,,交通・通信（名目）,2013-12,17.7,false
seasonallyAdjusted,9,,教育（名目）,2013-12,3.5,false
seasonallyAdjusted,10,,教養娯楽（名目）,2013-12,10.1,false
seasonallyAdjusted,11,,その他の消費支出（名目）,2013-12,,true
seasonallyAdjusted,12,,消費支出（実質）,2013-12,118.4,false
seasonallyAdjusted,13,,食料（実質）,2013-12,32.8,false
seasonallyAdjusted,14,,住居（実質）,2013-12,8.3,false
seasonallyAdjusted,15,,光熱・水道（実質）,2013-12,8.7,false
seasonallyAdjusted,16,,家具・家事用品（実質）,2013-12,4.9,false
seasonallyAdjusted,17,,被服及び履物（実質）,2013-12,4.9,false
seasonallyAdjusted,18,,保健医療（実質）,2013-12,4.7,false
seasonallyAdjusted,19,,交通・通信（実質）,2013-12,17.5,false
seasonallyAdjusted,20,,教育（実質）,2013-12,3.2,false
seasonallyAdjusted,21,,教養娯楽（実質）,2013-12,12.6,false
seasonallyAdjusted,22,,その他の消費支出（実質）,2013-12,,true
seasonallyAdjusted,1,,消費支出（名目）,2014-01,99,false
seasonallyAdjusted,2,,食料（名目）,2014-01,23.6,false
seasonallyAdjusted,3,,住居（名目）,2014-01,7.6,false
seasonallyAdjusted,4,,光熱・水道（名目）,2014-01,7.4,false
seasonallyAdjusted,5,,家具・家事用品（名目）,2014-01,3.8,false
seasonallyAdjusted,6,,被服及び履物（名目）,2014-01,4.6,false
seasonallyAdjusted,7,,保健医療（名目）,2014-01,4.1,false
seasonallyAdjusted,8,,交通・通信（名目）,2014-01,16.8,false
seasonallyAdjusted,9,,教育（名目）,2014-01,3.3,false
seasonallyAdjusted,10,,教養娯楽（名目）,2014-01,10.3,false
seasonallyAdjusted,11,,その他の消費支出（名目）,2014-01,,true
seasonallyAdjusted,12,,消費支出（実質）,2014-01,118.9,false
seasonallyAdjusted,13,,食料（実質）,2014-01,33.1,false
seasonallyAdjusted,14,,住居（実質）,2014-01,9,false
seasonallyAdjusted,15,,光熱・水道（実質）,2014-01,8.7,false
seasonallyAdjusted,16,,家具・家事用品（実質）,2014-01,5,false
seasonallyAdjusted,17,,被服及び履物（実質）,2014-01,5.5,false
seasonallyAdjusted,18,,保健医療（実質）,2014-01,4.5,false
seasonallyAdjusted,19,,交通・通信（実質）,2014-01,16.6,false
seasonallyAdjusted,20,,教育（実質）,2014-01,3.1,false
seasonallyAdjusted,21,,教養娯楽（実質）,2014-01,12.9,false
seasonallyAdjusted,22,,その他の消費支出（実質）,2014-01,,true
seasonallyAdjusted,1,,消費支出（名目）,2014-02,98.2,false
seasonallyAdjusted,2,,食料（名目）,2014-02,23.2,false
seasonallyAdjusted,3,,住居（名目）,2014-02,7.3,false
seasonallyAdjusted,4,,光熱・水道（名目）,2014-02,7.4,false
seasonallyAdjusted,5,,家具・家事用品（名目）,2014-02,4.6,false
seasonallyAdjusted,6,,被服及び履物（名目）,2014-02,3.9,false
seasonallyAdjusted,7,,保健医療（名目）,2014-02,4.2,false
seasonallyAdjusted,8,,交通・通信（名目）,2014-02,16.9,false
seasonallyAdjusted,9,,教育（名目）,2014-02,3.5,false
seasonallyAdjusted,10,,教養娯楽（名目）,2014-02,9.7,false
seasonallyAdjusted,11,,その他の消費支出（名目）,2014-02,,true
seasonallyAdjusted,12,,消費支出（実質）,2014-02,118.3,false
seasonallyAdjusted,13,,食料（実質）,2014-02,32.6,false
seasonallyAdjusted,14,,住居（実質）,2014-02,8.7,false
seasonallyAdjusted,15,,光熱・水道（実質）,2014-02,8.6,false
seasonallyAdjusted,16,,家具・家事用品（実質）,2014-02,5.9,false
seasonallyAdjusted,17,,被服及び履物（実質）,2014-02,4.7,false
seasonallyAdjusted,18,,保健医療（実質）,2014-02,4.7,false
seasonallyAdjusted,19,,交通・通信（実質）,2014-02,16.8,false
seasonallyAdjusted,20,,教育（実質）,2014-02,3.3,false
seasonallyAdjusted,21,,教養娯楽（実質）,2014-02,12.2,false
seasonallyAdjusted,22,,その他の消費支出（実質）,2014-02,,true
seasonallyAdjusted,1,,消費支出（名目）,2014-03,107.8,false
seasonallyAdjusted,2,,食料（名目）,2014-03,24.3,false
seasonallyAdjusted,3,,住居（名目）,2014-03,7.7,false
seasonallyAdjusted,4,,光熱・水道（名目）,2014-03,7.5,false
seasonallyAdjusted,5,,家具・家事用品（名目）,2014-03,6.3,false
seasonallyAdjusted,6,,被服及び履物（名目）,2014-03,4.6,false
seasonallyAdjusted,7,,保健医療（名目）,2014-03,4.8,false
seasonallyAdjusted,8,,交通・通信（名目）,2014-03,20.3,false
seasonallyAdjusted,9,,教育（名目）,2014-03,4,false
seasonallyAdjusted,10,,教養娯楽（名目）,2014-03,11.3,false
seasonallyAdjusted,11,,その他の消費支出（名目）,2014-03,,true
seasonallyAdjusted,12,,消費支出（実質）,2014-03,130,false
seasonallyAdjusted,13,,食料（実質）,2014-03,34.1,false
seasonallyAdjusted,14,,住居（実質）,2014-03,9.2,false
seasonallyAdjusted,15,,光熱・水道（実質）,2014-03,8.7,false
seasonallyAdjusted,16,,家具・家事用品（実質）,2014-03,8,false
seasonallyAdjusted,17,,被服及び履物（実質）,2014-03,5.5,false
seasonallyAdjusted,18,,保健医療（実質）,2014-03,5.4,false
seasonallyAdjusted,19,,交通・通信（実質）,2014-03,20,false
seasonallyAdjusted,20,,教育（実質）,2014-03,3.7,false
seasonallyAdjusted,21,,教養娯楽（実質）,2014-03,14.1,false
seasonallyAdjusted,22,,その他の消費支出（実質）,2014-03,,true
seasonallyAdjusted,1,,消費支出（名目）,2014-04,93.9,false
seasonallyAdjusted,2,,食料（名目）,2014-04,22.7,false
seasonallyAdjusted,3,,住居（名目）,2014-04,7.1,false
seasonallyAdjusted,4,,光熱・水道（名目）,2014-04,7.3,false
seasonallyAdjusted,5,,家具・家事用品（名目）,2014-04,3.1,false
seasonallyAdjusted,6,,被服及び履物（名目）,2014-04,3.9,false
seasonallyAdjusted,7,,保健医療（名目）,2014-04,4,false
seasonallyAdjusted,8,,交通・通信（名目）,2014-04,15.1,false
seasonallyAdjusted,9,,教育（名目）,2014-04,3.6,false
seasonallyAdjusted,10,,教養娯楽（名目）,2014-04,10.1,false
seasonallyAdjusted,11,,その他の消費支出（名目）,2014-04,,true
seasonallyAdjusted,12,,消費支出（実質）,2014-04,110.8,false
seasonallyAdjusted,13,,食料（実質）,2014-04,31.1,false
seasonallyAdjusted,14,,住居（実質）,2014-04,8.4,false
seasonallyAdjusted,15,,光熱・水道（実質）,2014-04,8.4,false
seasonallyAdjusted,16,,家具・家事用品（実質）,2014-04,3.9,false
seasonallyAdjusted,17,,被服及び履物（実質）,2014-04,4.6,false
seasonallyAdjusted,18,,保健医療（実質）,2014-04,4.4,false
seasonallyAdjusted,19,,交通・通信（実質）,2014-04,14.6,false
seasonallyAdjusted,20,,教育（実質）,2014-04,3.3,false
seasonallyAdjusted,21,,教養娯楽（実質）,2014-04,12.2,false
seasonallyAdjusted,22,,その他の消費支出（実質）,2014-04,,true
seasonallyAdjusted,1,,消費支出（名目）,2014-05,93.2,false
seasonallyAdjusted,2,,食料（名目）,2014-05,23.5,false
seasonallyAdjusted,3,,住居（名目）,2014-05,6.6,false
seasonallyAdjusted,4,,光熱・水道（名目）,2014-05,7.2,false
seasonallyAdjusted,5,,家具・家事用品（名目）,2014-05,3.2,false
seasonallyAdjusted,6,,被服及び履物（名目）,2014-05,4.1,false
seasonallyAdjusted,7,,保健医療（名目）,2014-05,4,false
seasonallyAdjusted,8,,交通・通信（名目）,2014-05,13.9,false
seasonallyAdjusted,9,,教育（名目）,2014-05,3.6,false
seasonallyAdjusted,10,,教養娯楽（名目）,2014-05,10.1,false
seasonallyAdjusted,11,,その他の消費支出（名目）,2014-05,,true
seasonallyAdjusted,12,,消費支出（実質）,2014-05,108.8,false
seasonallyAdjusted,13,,食料（実質）,2014-05,32.2,false
seasonallyAdjusted,14,,住居（実質）,2014-05,7.8,false
seasonallyAdjusted,15,,光熱・水道（実質）,2014-05,8,false
seasonallyAdjusted,16,,家具・家事用品（実質）,2014-05,4,false
seasonallyAdjusted,17,,被服及び履物（実質）,2014-05,4.8,false
seasonallyAdjusted,18,,保健医療（実質）,2014-05,4.3,false
seasonallyAdjusted,19,,交通・通信（実質）,2014-05,13.3,false
seasonallyAdjusted,20,,教育（実質）,2014-05,3.3,false
seasonallyAdjusted,21,,教養娯楽（実質）,2014-05,12.2,false
seasonallyAdjusted,22,,その他の消費支出（実質）,2014-05,,true
seasonallyAdjusted,1,,消費支出（名目）,2014-06,95.4,false
seasonallyAdjusted,2,,食料（名目）,2014-06,23.7,false
seasonallyAdjusted,3,,住居（名目）,2014-06,6.7,false
seasonallyAdjusted,4,,光熱・水道（名目）,2014-06,7.4,false
seasonallyAdjusted,5,,家具・家事用品（名目）,2014-06,3.7,false
seasonallyAdjusted,6,,被服及び履物（名目）,2014-06,4.2,false
seasonallyAdjusted,7,,保健医療（名目）,2014-06,4.1,false
seasonallyAdjusted,8,,交通・通信（名目）,2014-06,15.4,false
seasonallyAdjusted,9,,教育（名目）,2014-06,3.4,false
seasonallyAdjusted,10,,教養娯楽（名目）,2014-06,10.2,false
seasonallyAdjusted,11,,その他の消費支出（名目）,2014-06,,true
seasonallyAdjusted,12,,消費支出（実質）,2014-06,111.3,false
seasonallyAdjusted,13,,食料（実質）,2014-06,32.4,false
seasonallyAdjusted,14,,住居（実質）,2014-06,7.9,false
seasonallyAdjusted,15,,光熱・水道（実質）,2014-06,8.2,false
seasonallyAdjusted,16,,家具・家事用品（実質）,2014-06,4.6,false
seasonallyAdjusted,17,,被服及び履物（実質）,2014-06,4.9,false
seasonallyAdjusted,18,,保健医療（実質）,2014-06,4.5,false
seasonallyAdjusted,19,,交通・通信（実質）,2014-06,14.8,false
seasonallyAdjusted,20,,教育（実質）,2014-06,3.1,false
seasonallyAdjusted,21,,教養娯楽（実質）,2014-06,12.2,false
seasonallyAdjusted,22,,その他の消費支出（実質）,2014-06,,true
seasonallyAdjusted,1,,消費支出（名目）,2014-07,95,false
seasonallyAdjusted,2,,食料（名目）,2014-07,23.4,false
seasonallyAdjusted,3,,住居（名目）,2014-07,6.8,false
seasonallyAdjusted,4,,光熱・水道（名目）,2014-07,7.4,false
seasonallyAdjusted,5,,家具・家事用品（名目）,2014-07,3.4,false
seasonallyAdjusted,6,,被服及び履物（名目）,2014-07,3.9,false
seasonallyAdjusted,7,,保健医療（名目）,2014-07,4,false
seasonallyAdjusted,8,,交通・通信（名目）,2014-07,15.7,false
seasonallyAdjusted,9,,教育（名目）,2014-07,3.6,false
seasonallyAdjusted,10,,教養娯楽（名目）,2014-07,9.8,false
seasonallyAdjusted,11,,その他の消費支出（名目）,2014-07,,true
seasonallyAdjusted,12,,消費支出（実質）,2014-07,111,false
seasonallyAdjusted,13,,食料（実質）,2014-07,31.8,false
seasonallyAdjusted,14,,住居（実質）,2014-07,8,false
seasonallyAdjusted,15,,光熱・水道（実質）,2014-07,8.1,false
seasonallyAdjusted,16,,家具・家事用品（実質）,2014-07,4.3,false
seasonallyAdjusted,17,,被服及び履物（実質）,2014-07,4.6,false
seasonallyAdjusted,18,,保健医療（実質）,2014-07,4.4,false
seasonallyAdjusted,19,,交通・通信（実質）,2014-07,15.1,false
seasonallyAdjusted,20,,教育（実質）,2014-07,3.3,false
seasonallyAdjusted,21,,教養娯楽（実質）,2014-07,11.7,false
seasonallyAdjusted,22,,その他の消費支出（実質）,2014-07,,true
seasonallyAdjusted,1,,消費支出（名目）,2014-08,95.3,false
seasonallyAdjusted,2,,食料（名目）,2014-08,23.6,false
seasonallyAdjusted,3,,住居（名目）,2014-08,6.4,false
seasonallyAdjusted,4,,光熱・水道（名目）,2014-08,7.3,false
seasonallyAdjusted,5,,家具・家事用品（名目）,2014-08,3.5,false
seasonallyAdjusted,6,,被服及び履物（名目）,2014-08,4.2,false
seasonallyAdjusted,7,,保健医療（名目）,2014-08,4.1,false
seasonallyAdjusted,8,,交通・通信（名目）,2014-08,15.5,false
seasonallyAdjusted,9,,教育（名目）,2014-08,3.6,false
seasonallyAdjusted,10,,教養娯楽（名目）,2014-08,9.8,false
seasonallyAdjusted,11,,その他の消費支出（名目）,2014-08,,true
seasonallyAdjusted,12,,消費支出（実質）,2014-08,111.2,false
seasonallyAdjusted,13,,食料（実質）,2014-08,31.9,false
seasonallyAdjusted,14,,住居（実質）,2014-08,7.5,false
seasonallyAdjusted,15,,光熱・水道（実質）,2014-08,8,false
seasonallyAdjusted,16,,家具・家事用品（実質）,2014-08,4.4,false
seasonallyAdjusted,17,,被服及び履物（実質）,2014-08,4.9,false
seasonallyAdjusted,18,,保健医療（実質）,2014-08,4.5,false
seasonallyAdjusted,19,,交通・通信（実質）,2014-08,14.8,false
seasonallyAdjusted,20,,教育（実質）,2014-08,3.3,false
seasonallyAdjusted,21,,教養娯楽（実質）,2014-08,11.8,false
seasonallyAdjusted,22,,その他の消費支出（実質）,2014-08,,true
seasonallyAdjusted,1,,消費支出（名目）,2014-09,96.6,false
seasonallyAdjusted,2,,食料（名目）,2014-09,23.9,false
seasonallyAdjusted,3,,住居（名目）,2014-09,6.5,false
seasonallyAdjusted,4,,光熱・水道（名目）,2014-09,7.2,false
seasonallyAdjusted,5,,家具・家事用品（名目）,2014-09,3.4,false
seasonallyAdjusted,6,,被服及び履物（名目）,2014-09,4.1,false
seasonallyAdjusted,7,,保健医療（名目）,2014-09,4.1,false
seasonallyAdjusted,8,,交通・通信（名目）,2014-09,17.3,false
seasonallyAdjusted,9,,教育（名目）,2014-09,3.5,false
seasonallyAdjusted,10,,教養娯楽（名目）,2014-09,10.1,false
seasonallyAdjusted,11,,その他の消費支出（名目）,2014-09,,true
seasonallyAdjusted,12,,消費支出（実質）,2014-09,112.5,false
seasonallyAdjusted,13,,食料（実質）,2014-09,32.2,false
seasonallyAdjusted,14,,住居（実質）,2014-09,7.6,false
seasonallyAdjusted,15,,光熱・水道（実質）,2014-09,8,false
seasonallyAdjusted,16,,家具・家事用品（実質）,2014-09,4.4,false
seasonallyAdjusted,17,,被服及び履物（実質）,2014-09,4.8,false
seasonallyAdjusted,18,,保健医療（実質）,2014-09,4.5,false
seasonallyAdjusted,19,,交通・通信（実質）,2014-09,16.7,false
seasonallyAdjusted,20,,教育（実質）,2014-09,3.2,false
seasonallyAdjusted,21,,教養娯楽（実質）,2014-09,12.2,false
seasonallyAdjusted,22,,その他の消費支出（実質）,2014-09,,true
seasonallyAdjusted,1,,消費支出（名目）,2014-10,96,false
seasonallyAdjusted,2,,食料（名目）,2014-10,23.6,false
seasonallyAdjusted,3,,住居（名目）,2014-10,6.4,false
seasonallyAdjusted,4,,光熱・水道（名目）,2014-10,7.3,false
seasonallyAdjusted,5,,家具・家事用品（名目）,2014-10,3.4,false
seasonallyAdjusted,6,,被服及び履物（名目）,2014-10,4,false
seasonallyAdjusted,7,,保健医療（名目）,2014-10,4.2,false
seasonallyAdjusted,8,,交通・通信（名目）,2014-10,15.9,false
seasonallyAdjusted,9,,教育（名目）,2014-10,3.6,false
seasonallyAdjusted,10,,教養娯楽（名目）,2014-10,10,false
seasonallyAdjusted,11,,その他の消費支出（名目）,2014-10,,true
seasonallyAdjusted,12,,消費支出（実質）,2014-10,112.3,false
seasonallyAdjusted,13,,食料（実質）,2014-10,32.3,false
seasonallyAdjusted,14,,住居（実質）,2014-10,7.5,false
seasonallyAdjusted,15,,光熱・水道（実質）,2014-10,8.2,false
seasonallyAdjusted,16,,家具・家事用品（実質）,2014-10,4.3,false
seasonallyAdjusted,17,,被服及び履物（実質）,2014-10,4.7,false
seasonallyAdjusted,18,,保健医療（実質）,2014-10,4.6,false
seasonallyAdjusted,19,,交通・通信（実質）,2014-10,15.4,false
seasonallyAdjusted,20,,教育（実質）,2014-10,3.3,false
seasonallyAdjusted,21,,教養娯楽（実質）,2014-10,12,false
seasonallyAdjusted,22,,その他の消費支出（実質）,2014-10,,true
seasonallyAdjusted,1,,消費支出（名目）,2014-11,96.8,false
seasonallyAdjusted,2,,食料（名目）,2014-11,23.9,false
seasonallyAdjusted,3,,住居（名目）,2014-11,6.2,false
seasonallyAdjusted,4,,光熱・水道（名目）,2014-11,7.4,false
seasonallyAdjusted,5,,家具・家事用品（名目）,2014-11,3.6,false
seasonallyAdjusted,6,,被服及び履物（名目）,2014-11,4.1,false
seasonallyAdjusted,7,,保健医療（名目）,2014-11,4.3,false
seasonallyAdjusted,8,,交通・通信（名目）,2014-11,16.2,false
seasonallyAdjusted,9,,教育（名目）,2014-11,3.7,false
seasonallyAdjusted,10,,教養娯楽（名目）,2014-11,10.3,false
seasonallyAdjusted,11,,その他の消費支出（名目）,2014-11,,true
seasonallyAdjusted,12,,消費支出（実質）,2014-11,113.4,false
seasonallyAdjusted,13,,食料（実質）,2014-11,32.6,false
seasonallyAdjusted,14,,住居（実質）,2014-11,7.3,false
seasonallyAdjusted,15,,光熱・水道（実質）,2014-11,8.2,false
seasonallyAdjusted,16,,家具・家事用品（実質）,2014-11,4.5,false
seasonallyAdjusted,17,,被服及び履物（実質）,2014-11,4.8,false
seasonallyAdjusted,18,,保健医療（実質）,2014-11,4.7,false
seasonallyAdjusted,19,,交通・通信（実質）,2014-11,15.7,false
seasonallyAdjusted,20,,教育（実質）,2014-11,3.3,false
seasonallyAdjusted,21,,教養娯楽（実質）,2014-11,12.4,false
seasonallyAdjusted,22,,その他の消費支出（実質）,2014-11,,true
seasonallyAdjusted,1,,消費支出（名目）,2014-12,96.3,false
seasonallyAdjusted,2,,食料（名目）,2014-12,24,false
seasonallyAdjusted,3,,住居（名目）,2014-12,6.5,false
seasonallyAdjusted,4,,光熱・水道（名目）,2014-12,7.6,false
seasonallyAdjusted,5,,家具・家事用品（名目）,2014-12,3.6,false
seasonallyAdjusted,6,,被服及び履物（名目）,2014-12,4.4,false
seasonallyAdjusted,7,,保健医療（名目）,2014-12,4.4,false
seasonallyAdjusted,8,,交通・通信（名目）,2014-12,15.5,false
seasonallyAdjusted,9,,教育（名目）,2014-12,3.5,false
seasonallyAdjusted,10,,教養娯楽（名目）,2014-12,9.9,false
seasonallyAdjusted,11,,その他の消費支出（名目）,2014-12,,true
seasonallyAdjusted,12,,消費支出（実質）,2014-12,112.7,false
seasonallyAdjusted,13,,食料（実質）,2014-12,32.7,false
seasonallyAdjusted,14,,住居（実質）,2014-12,7.6,false
seasonallyAdjusted,15,,光熱・水道（実質）,2014-12,8.5,false
seasonallyAdjusted,16,,家具・家事用品（実質）,2014-12,4.6,false
seasonallyAdjusted,17,,被服及び履物（実質）,2014-12,5.1,false
seasonallyAdjusted,18,,保健医療（実質）,2014-12,4.8,false
seasonallyAdjusted,19,,交通・通信（実質）,2014-12,15.1,false
seasonallyAdjusted,20,,教育（実質）,2014-12,3.2,false
seasonallyAdjusted,21,,教養娯楽（実質）,2014-12,12,false
seasonallyAdjusted,22,,その他の消費支出（実質）,2014-12,,true
seasonallyAdjusted,1,,消費支出（名目）,2015-01,96.3,false
seasonallyAdjusted,2,,食料（名目）,2015-01,23.5,false
seasonallyAdjusted,3,,住居（名目）,2015-01,6.2,false
seasonallyAdjusted,4,,光熱・水道（名目）,2015-01,7.7,false
seasonallyAdjusted,5,,家具・家事用品（名目）,2015-01,3.5,false
seasonallyAdjusted,6,,被服及び履物（名目）,2015-01,4,false
seasonallyAdjusted,7,,保健医療（名目）,2015-01,4.3,false
seasonallyAdjusted,8,,交通・通信（名目）,2015-01,15.8,false
seasonallyAdjusted,9,,教育（名目）,2015-01,4.1,false
seasonallyAdjusted,10,,教養娯楽（名目）,2015-01,9.9,false
seasonallyAdjusted,11,,その他の消費支出（名目）,2015-01,,true
seasonallyAdjusted,12,,消費支出（実質）,2015-01,112.5,false
seasonallyAdjusted,13,,食料（実質）,2015-01,31.7,false
seasonallyAdjusted,14,,住居（実質）,2015-01,7.2,false
seasonallyAdjusted,15,,光熱・水道（実質）,2015-01,8.7,false
seasonallyAdjusted,16,,家具・家事用品（実質）,2015-01,4.5,false
seasonallyAdjusted,17,,被服及び履物（実質）,2015-01,4.7,false
seasonallyAdjusted,18,,保健医療（実質）,2015-01,4.7,false
seasonallyAdjusted,19,,交通・通信（実質）,2015-01,15.5,false
seasonallyAdjusted,20,,教育（実質）,2015-01,3.8,false
seasonallyAdjusted,21,,教養娯楽（実質）,2015-01,11.8,false
seasonallyAdjusted,22,,その他の消費支出（実質）,2015-01,,true
seasonallyAdjusted,1,,消費支出（名目）,2015-02,95.8,false
seasonallyAdjusted,2,,食料（名目）,2015-02,24.1,false
seasonallyAdjusted,3,,住居（名目）,2015-02,5.9,false
seasonallyAdjusted,4,,光熱・水道（名目）,2015-02,7.5,false
seasonallyAdjusted,5,,家具・家事用品（名目）,2015-02,3.7,false
seasonallyAdjusted,6,,被服及び履物（名目）,2015-02,4.1,false
seasonallyAdjusted,7,,保健医療（名目）,2015-02,4.1,false
seasonallyAdjusted,8,,交通・通信（名目）,2015-02,15.6,false
seasonallyAdjusted,9,,教育（名目）,2015-02,3.4,false
seasonallyAdjusted,10,,教養娯楽（名目）,2015-02,9.8,false
seasonallyAdjusted,11,,その他の消費支出（名目）,2015-02,,true
seasonallyAdjusted,12,,消費支出（実質）,2015-02,112.4,false
seasonallyAdjusted,13,,食料（実質）,2015-02,32.4,false
seasonallyAdjusted,14,,住居（実質）,2015-02,6.9,false
seasonallyAdjusted,15,,光熱・水道（実質）,2015-02,8.4,false
seasonallyAdjusted,16,,家具・家事用品（実質）,2015-02,4.6,false
seasonallyAdjusted,17,,被服及び履物（実質）,2015-02,4.7,false
seasonallyAdjusted,18,,保健医療（実質）,2015-02,4.5,false
seasonallyAdjusted,19,,交通・通信（実質）,2015-02,15.5,false
seasonallyAdjusted,20,,教育（実質）,2015-02,3.1,false
seasonallyAdjusted,21,,教養娯楽（実質）,2015-02,11.8,false
seasonallyAdjusted,22,,その他の消費支出（実質）,2015-02,,true
seasonallyAdjusted,1,,消費支出（名目）,2015-03,95.7,false
seasonallyAdjusted,2,,食料（名目）,2015-03,24.3,false
seasonallyAdjusted,3,,住居（名目）,2015-03,6.3,false
seasonallyAdjusted,4,,光熱・水道（名目）,2015-03,7.5,false
seasonallyAdjusted,5,,家具・家事用品（名目）,2015-03,3.9,false
seasonallyAdjusted,6,,被服及び履物（名目）,2015-03,4.1,false
seasonallyAdjusted,7,,保健医療（名目）,2015-03,4.2,false
seasonallyAdjusted,8,,交通・通信（名目）,2015-03,15.5,false
seasonallyAdjusted,9,,教育（名目）,2015-03,3.1,false
seasonallyAdjusted,10,,教養娯楽（名目）,2015-03,10,false
seasonallyAdjusted,11,,その他の消費支出（名目）,2015-03,,true
seasonallyAdjusted,12,,消費支出（実質）,2015-03,112.1,false
seasonallyAdjusted,13,,食料（実質）,2015-03,32.8,false
seasonallyAdjusted,14,,住居（実質）,2015-03,7.3,false
seasonallyAdjusted,15,,光熱・水道（実質）,2015-03,8.4,false
seasonallyAdjusted,16,,家具・家事用品（実質）,2015-03,4.8,false
seasonallyAdjusted,17,,被服及び履物（実質）,2015-03,4.8,false
seasonallyAdjusted,18,,保健医療（実質）,2015-03,4.6,false
seasonallyAdjusted,19,,交通・通信（実質）,2015-03,15.2,false
seasonallyAdjusted,20,,教育（実質）,2015-03,2.8,false
seasonallyAdjusted,21,,教養娯楽（実質）,2015-03,11.9,false
seasonallyAdjusted,22,,その他の消費支出（実質）,2015-03,,true
seasonallyAdjusted,1,,消費支出（名目）,2015-04,93.1,false
seasonallyAdjusted,2,,食料（名目）,2015-04,24,false
seasonallyAdjusted,3,,住居（名目）,2015-04,6.3,false
seasonallyAdjusted,4,,光熱・水道（名目）,2015-04,7.5,false
seasonallyAdjusted,5,,家具・家事用品（名目）,2015-04,3.7,false
seasonallyAdjusted,6,,被服及び履物（名目）,2015-04,4.1,false
seasonallyAdjusted,7,,保健医療（名目）,2015-04,4.2,false
seasonallyAdjusted,8,,交通・通信（名目）,2015-04,15.8,false
seasonallyAdjusted,9,,教育（名目）,2015-04,2.8,false
seasonallyAdjusted,10,,教養娯楽（名目）,2015-04,9.6,false
seasonallyAdjusted,11,,その他の消費支出（名目）,2015-04,,true
seasonallyAdjusted,12,,消費支出（実質）,2015-04,108.5,false
seasonallyAdjusted,13,,食料（実質）,2015-04,32,false
seasonallyAdjusted,14,,住居（実質）,2015-04,7.4,false
seasonallyAdjusted,15,,光熱・水道（実質）,2015-04,8.4,false
seasonallyAdjusted,16,,家具・家事用品（実質）,2015-04,4.6,false
seasonallyAdjusted,17,,被服及び履物（実質）,2015-04,4.8,false
seasonallyAdjusted,18,,保健医療（実質）,2015-04,4.6,false
seasonallyAdjusted,19,,交通・通信（実質）,2015-04,15.6,false
seasonallyAdjusted,20,,教育（実質）,2015-04,2.5,false
seasonallyAdjusted,21,,教養娯楽（実質）,2015-04,11.5,false
seasonallyAdjusted,22,,その他の消費支出（実質）,2015-04,,true
seasonallyAdjusted,1,,消費支出（名目）,2015-05,95.7,false
seasonallyAdjusted,2,,食料（名目）,2015-05,24.2,false
seasonallyAdjusted,3,,住居（名目）,2015-05,6.2,false
seasonallyAdjusted,4,,光熱・水道（名目）,2015-05,7.4,false
seasonallyAdjusted,5,,家具・家事用品（名目）,2015-05,3.7,false
seasonallyAdjusted,6,,被服及び履物（名目）,2015-05,4,false
seasonallyAdjusted,7,,保健医療（名目）,2015-05,4.1,false
seasonallyAdjusted,8,,交通・通信（名目）,2015-05,15.5,false
seasonallyAdjusted,9,,教育（名目）,2015-05,3.8,false
seasonallyAdjusted,10,,教養娯楽（名目）,2015-05,9.8,false
seasonallyAdjusted,11,,その他の消費支出（名目）,2015-05,,true
seasonallyAdjusted,12,,消費支出（実質）,2015-05,111,false
seasonallyAdjusted,13,,食料（実質）,2015-05,32,false
seasonallyAdjusted,14,,住居（実質）,2015-05,7.2,false
seasonallyAdjusted,15,,光熱・水道（実質）,2015-05,8.3,false
seasonallyAdjusted,16,,家具・家事用品（実質）,2015-05,4.6,false
seasonallyAdjusted,17,,被服及び履物（実質）,2015-05,4.6,false
seasonallyAdjusted,18,,保健医療（実質）,2015-05,4.5,false
seasonallyAdjusted,19,,交通・通信（実質）,2015-05,15.3,false
seasonallyAdjusted,20,,教育（実質）,2015-05,3.4,false
seasonallyAdjusted,21,,教養娯楽（実質）,2015-05,11.8,false
seasonallyAdjusted,22,,その他の消費支出（実質）,2015-05,,true
seasonallyAdjusted,1,,消費支出（名目）,2015-06,93.5,false
seasonallyAdjusted,2,,食料（名目）,2015-06,24.2,false
seasonallyAdjusted,3,,住居（名目）,2015-06,6.1,false
seasonallyAdjusted,4,,光熱・水道（名目）,2015-06,7.3,false
seasonallyAdjusted,5,,家具・家事用品（名目）,2015-06,3.4,false
seasonallyAdjusted,6,,被服及び履物（名目）,2015-06,3.8,false
seasonallyAdjusted,7,,保健医療（名目）,2015-06,4,false
seasonallyAdjusted,8,,交通・通信（名目）,2015-06,15.2,false
seasonallyAdjusted,9,,教育（名目）,2015-06,4.2,false
seasonallyAdjusted,10,,教養娯楽（名目）,2015-06,9.5,false
seasonallyAdjusted,11,,その他の消費支出（名目）,2015-06,,true
seasonallyAdjusted,12,,消費支出（実質）,2015-06,108.6,false
seasonallyAdjusted,13,,食料（実質）,2015-06,32.1,false
seasonallyAdjusted,14,,住居（実質）,2015-06,7.1,false
seasonallyAdjusted,15,,光熱・水道（実質）,2015-06,8.3,false
seasonallyAdjusted,16,,家具・家事用品（実質）,2015-06,4.3,false
seasonallyAdjusted,17,,被服及び履物（実質）,2015-06,4.4,false
seasonallyAdjusted,18,,保健医療（実質）,2015-06,4.3,false
seasonallyAdjusted,19,,交通・通信（実質）,2015-06,15,false
seasonallyAdjusted,20,,教育（実質）,2015-06,3.8,false
seasonallyAdjusted,21,,教養娯楽（実質）,2015-06,11.3,false
seasonallyAdjusted,22,,その他の消費支出（実質）,2015-06,,true
seasonallyAdjusted,1,,消費支出（名目）,2015-07,94.1,false
seasonallyAdjusted,2,,食料（名目）,2015-07,24.4,false
seasonallyAdjusted,3,,住居（名目）,2015-07,5.7,false
seasonallyAdjusted,4,,光熱・水道（名目）,2015-07,7.2,false
seasonallyAdjusted,5,,家具・家事用品（名目）,2015-07,3.5,false
seasonallyAdjusted,6,,被服及び履物（名目）,2015-07,4,false
seasonallyAdjusted,7,,保健医療（名目）,2015-07,4.2,false
seasonallyAdjusted,8,,交通・通信（名目）,2015-07,15.3,false
seasonallyAdjusted,9,,教育（名目）,2015-07,3.9,false
seasonallyAdjusted,10,,教養娯楽（名目）,2015-07,10,false
seasonallyAdjusted,11,,その他の消費支出（名目）,2015-07,,true
seasonallyAdjusted,12,,消費支出（実質）,2015-07,109.6,false
seasonallyAdjusted,13,,食料（実質）,2015-07,32.3,false
seasonallyAdjusted,14,,住居（実質）,2015-07,6.7,false
seasonallyAdjusted,15,,光熱・水道（実質）,2015-07,8.4,false
seasonallyAdjusted,16,,家具・家事用品（実質）,2015-07,4.4,false
seasonallyAdjusted,17,,被服及び履物（実質）,2015-07,4.6,false
seasonallyAdjusted,18,,保健医療（実質）,2015-07,4.5,false
seasonallyAdjusted,19,,交通・通信（実質）,2015-07,15.1,false
seasonallyAdjusted,20,,教育（実質）,2015-07,3.5,false
seasonallyAdjusted,21,,教養娯楽（実質）,2015-07,11.9,false
seasonallyAdjusted,22,,その他の消費支出（実質）,2015-07,,true
seasonallyAdjusted,1,,消費支出（名目）,2015-08,96,false
seasonallyAdjusted,2,,食料（名目）,2015-08,24.5,false
seasonallyAdjusted,3,,住居（名目）,2015-08,6.1,false
seasonallyAdjusted,4,,光熱・水道（名目）,2015-08,7.3,false
seasonallyAdjusted,5,,家具・家事用品（名目）,2015-08,3.7,false
seasonallyAdjusted,6,,被服及び履物（名目）,2015-08,4.1,false
seasonallyAdjusted,7,,保健医療（名目）,2015-08,4,false
seasonallyAdjusted,8,,交通・通信（名目）,2015-08,16,false
seasonallyAdjusted,9,,教育（名目）,2015-08,3.9,false
seasonallyAdjusted,10,,教養娯楽（名目）,2015-08,9.9,false
seasonallyAdjusted,11,,その他の消費支出（名目）,2015-08,,true
seasonallyAdjusted,12,,消費支出（実質）,2015-08,111.8,false
seasonallyAdjusted,13,,食料（実質）,2015-08,32.3,false
seasonallyAdjusted,14,,住居（実質）,2015-08,7.2,false
seasonallyAdjusted,15,,光熱・水道（実質）,2015-08,8.4,false
seasonallyAdjusted,16,,家具・家事用品（実質）,2015-08,4.6,false
seasonallyAdjusted,17,,被服及び履物（実質）,2015-08,4.8,false
seasonallyAdjusted,18,,保健医療（実質）,2015-08,4.4,false
seasonallyAdjusted,19,,交通・通信（実質）,2015-08,15.7,false
seasonallyAdjusted,20,,教育（実質）,2015-08,3.6,false
seasonallyAdjusted,21,,教養娯楽（実質）,2015-08,11.8,false
seasonallyAdjusted,22,,その他の消費支出（実質）,2015-08,,true
seasonallyAdjusted,1,,消費支出（名目）,2015-09,93.3,false
seasonallyAdjusted,2,,食料（名目）,2015-09,24.5,false
seasonallyAdjusted,3,,住居（名目）,2015-09,6,false
seasonallyAdjusted,4,,光熱・水道（名目）,2015-09,6.8,false
seasonallyAdjusted,5,,家具・家事用品（名目）,2015-09,3.5,false
seasonallyAdjusted,6,,被服及び履物（名目）,2015-09,4.2,false
seasonallyAdjusted,7,,保健医療（名目）,2015-09,4.1,false
seasonallyAdjusted,8,,交通・通信（名目）,2015-09,14.9,false
seasonallyAdjusted,9,,教育（名目）,2015-09,3.6,false
seasonallyAdjusted,10,,教養娯楽（名目）,2015-09,9.7,false
seasonallyAdjusted,11,,その他の消費支出（名目）,2015-09,,true
seasonallyAdjusted,12,,消費支出（実質）,2015-09,108.6,false
seasonallyAdjusted,13,,食料（実質）,2015-09,32.3,false
seasonallyAdjusted,14,,住居（実質）,2015-09,7.1,false
seasonallyAdjusted,15,,光熱・水道（実質）,2015-09,8.1,false
seasonallyAdjusted,16,,家具・家事用品（実質）,2015-09,4.4,false
seasonallyAdjusted,17,,被服及び履物（実質）,2015-09,4.8,false
seasonallyAdjusted,18,,保健医療（実質）,2015-09,4.5,false
seasonallyAdjusted,19,,交通・通信（実質）,2015-09,14.8,false
seasonallyAdjusted,20,,教育（実質）,2015-09,3.2,false
seasonallyAdjusted,21,,教養娯楽（実質）,2015-09,11.4,false
seasonallyAdjusted,22,,その他の消費支出（実質）,2015-09,,true
seasonallyAdjusted,1,,消費支出（名目）,2015-10,93.5,false
seasonallyAdjusted,2,,食料（名目）,2015-10,24.3,false
seasonallyAdjusted,3,,住居（名目）,2015-10,6.8,false
seasonallyAdjusted,4,,光熱・水道（名目）,2015-10,6.6,false
seasonallyAdjusted,5,,家具・家事用品（名目）,2015-10,3.6,false
seasonallyAdjusted,6,,被服及び履物（名目）,2015-10,3.7,false
seasonallyAdjusted,7,,保健医療（名目）,2015-10,4.2,false
seasonallyAdjusted,8,,交通・通信（名目）,2015-10,14.9,false
seasonallyAdjusted,9,,教育（名目）,2015-10,2.8,false
seasonallyAdjusted,10,,教養娯楽（名目）,2015-10,9.5,false
seasonallyAdjusted,11,,その他の消費支出（名目）,2015-10,,true
seasonallyAdjusted,12,,消費支出（実質）,2015-10,109,false
seasonallyAdjusted,13,,食料（実質）,2015-10,32.2,false
seasonallyAdjusted,14,,住居（実質）,2015-10,7.9,false
seasonallyAdjusted,15,,光熱・水道（実質）,2015-10,8,false
seasonallyAdjusted,16,,家具・家事用品（実質）,2015-10,4.5,false
seasonallyAdjusted,17,,被服及び履物（実質）,2015-10,4.3,false
seasonallyAdjusted,18,,保健医療（実質）,2015-10,4.5,false
seasonallyAdjusted,19,,交通・通信（実質）,2015-10,14.9,false
seasonallyAdjusted,20,,教育（実質）,2015-10,2.5,false
seasonallyAdjusted,21,,教養娯楽（実質）,2015-10,11.3,false
seasonallyAdjusted,22,,その他の消費支出（実質）,2015-10,,true
seasonallyAdjusted,1,,消費支出（名目）,2015-11,92.5,false
seasonallyAdjusted,2,,食料（名目）,2015-11,24.3,false
seasonallyAdjusted,3,,住居（名目）,2015-11,6.1,false
seasonallyAdjusted,4,,光熱・水道（名目）,2015-11,6.7,false
seasonallyAdjusted,5,,家具・家事用品（名目）,2015-11,3.6,false
seasonallyAdjusted,6,,被服及び履物（名目）,2015-11,3.6,false
seasonallyAdjusted,7,,保健医療（名目）,2015-11,4.2,false
seasonallyAdjusted,8,,交通・通信（名目）,2015-11,15,false
seasonallyAdjusted,9,,教育（名目）,2015-11,3.8,false
seasonallyAdjusted,10,,教養娯楽（名目）,2015-11,9.6,false
seasonallyAdjusted,11,,その他の消費支出（名目）,2015-11,,true
seasonallyAdjusted,12,,消費支出（実質）,2015-11,107.9,false
seasonallyAdjusted,13,,食料（実質）,2015-11,32.3,false
seasonallyAdjusted,14,,住居（実質）,2015-11,7.1,false
seasonallyAdjusted,15,,光熱・水道（実質）,2015-11,8,false
seasonallyAdjusted,16,,家具・家事用品（実質）,2015-11,4.5,false
seasonallyAdjusted,17,,被服及び履物（実質）,2015-11,4.1,false
seasonallyAdjusted,18,,保健医療（実質）,2015-11,4.6,false
seasonallyAdjusted,19,,交通・通信（実質）,2015-11,14.9,false
seasonallyAdjusted,20,,教育（実質）,2015-11,3.4,false
seasonallyAdjusted,21,,教養娯楽（実質）,2015-11,11.4,false
seasonallyAdjusted,22,,その他の消費支出（実質）,2015-11,,true
seasonallyAdjusted,1,,消費支出（名目）,2015-12,93.1,false
seasonallyAdjusted,2,,食料（名目）,2015-12,24.6,false
seasonallyAdjusted,3,,住居（名目）,2015-12,6.2,false
seasonallyAdjusted,4,,光熱・水道（名目）,2015-12,6.4,false
seasonallyAdjusted,5,,家具・家事用品（名目）,2015-12,3.7,false
seasonallyAdjusted,6,,被服及び履物（名目）,2015-12,3.7,false
seasonallyAdjusted,7,,保健医療（名目）,2015-12,4.2,false
seasonallyAdjusted,8,,交通・通信（名目）,2015-12,14.7,false
seasonallyAdjusted,9,,教育（名目）,2015-12,3.8,false
seasonallyAdjusted,10,,教養娯楽（名目）,2015-12,9.4,false
seasonallyAdjusted,11,,その他の消費支出（名目）,2015-12,,true
seasonallyAdjusted,12,,消費支出（実質）,2015-12,108.7,false
seasonallyAdjusted,13,,食料（実質）,2015-12,32.8,false
seasonallyAdjusted,14,,住居（実質）,2015-12,7.3,false
seasonallyAdjusted,15,,光熱・水道（実質）,2015-12,7.7,false
seasonallyAdjusted,16,,家具・家事用品（実質）,2015-12,4.6,false
seasonallyAdjusted,17,,被服及び履物（実質）,2015-12,4.3,false
seasonallyAdjusted,18,,保健医療（実質）,2015-12,4.6,false
seasonallyAdjusted,19,,交通・通信（実質）,2015-12,14.7,false
seasonallyAdjusted,20,,教育（実質）,2015-12,3.4,false
seasonallyAdjusted,21,,教養娯楽（実質）,2015-12,11.2,false
seasonallyAdjusted,22,,その他の消費支出（実質）,2015-12,,true
seasonallyAdjusted,1,,消費支出（名目）,2016-01,91.8,false
seasonallyAdjusted,2,,食料（名目）,2016-01,24.3,false
seasonallyAdjusted,3,,住居（名目）,2016-01,5.8,false
seasonallyAdjusted,4,,光熱・水道（名目）,2016-01,6.5,false
seasonallyAdjusted,5,,家具・家事用品（名目）,2016-01,3.7,false
seasonallyAdjusted,6,,被服及び履物（名目）,2016-01,3.7,false
seasonallyAdjusted,7,,保健医療（名目）,2016-01,4.2,false
seasonallyAdjusted,8,,交通・通信（名目）,2016-01,14.9,false
seasonallyAdjusted,9,,教育（名目）,2016-01,3.8,false
seasonallyAdjusted,10,,教養娯楽（名目）,2016-01,9.1,false
seasonallyAdjusted,11,,その他の消費支出（名目）,2016-01,,true
seasonallyAdjusted,12,,消費支出（実質）,2016-01,107.5,false
seasonallyAdjusted,13,,食料（実質）,2016-01,32.2,false
seasonallyAdjusted,14,,住居（実質）,2016-01,6.8,false
seasonallyAdjusted,15,,光熱・水道（実質）,2016-01,7.8,false
seasonallyAdjusted,16,,家具・家事用品（実質）,2016-01,4.6,false
seasonallyAdjusted,17,,被服及び履物（実質）,2016-01,4.2,false
seasonallyAdjusted,18,,保健医療（実質）,2016-01,4.6,false
seasonallyAdjusted,19,,交通・通信（実質）,2016-01,14.9,false
seasonallyAdjusted,20,,教育（実質）,2016-01,3.5,false
seasonallyAdjusted,21,,教養娯楽（実質）,2016-01,10.8,false
seasonallyAdjusted,22,,その他の消費支出（実質）,2016-01,,true
seasonallyAdjusted,1,,消費支出（名目）,2016-02,93,false
seasonallyAdjusted,2,,食料（名目）,2016-02,24.6,false
seasonallyAdjusted,3,,住居（名目）,2016-02,5.9,false
seasonallyAdjusted,4,,光熱・水道（名目）,2016-02,6.7,false
seasonallyAdjusted,5,,家具・家事用品（名目）,2016-02,3.7,false
seasonallyAdjusted,6,,被服及び履物（名目）,2016-02,3.8,false
seasonallyAdjusted,7,,保健医療（名目）,2016-02,4.4,false
seasonallyAdjusted,8,,交通・通信（名目）,2016-02,15.2,false
seasonallyAdjusted,9,,教育（名目）,2016-02,4,false
seasonallyAdjusted,10,,教養娯楽（名目）,2016-02,10,false
seasonallyAdjusted,11,,その他の消費支出（名目）,2016-02,,true
seasonallyAdjusted,12,,消費支出（実質）,2016-02,108.5,false
seasonallyAdjusted,13,,食料（実質）,2016-02,32.4,false
seasonallyAdjusted,14,,住居（実質）,2016-02,6.9,false
seasonallyAdjusted,15,,光熱・水道（実質）,2016-02,8.1,false
seasonallyAdjusted,16,,家具・家事用品（実質）,2016-02,4.7,false
seasonallyAdjusted,17,,被服及び履物（実質）,2016-02,4.3,false
seasonallyAdjusted,18,,保健医療（実質）,2016-02,4.8,false
seasonallyAdjusted,19,,交通・通信（実質）,2016-02,15.3,false
seasonallyAdjusted,20,,教育（実質）,2016-02,3.6,false
seasonallyAdjusted,21,,教養娯楽（実質）,2016-02,11.9,false
seasonallyAdjusted,22,,その他の消費支出（実質）,2016-02,,true
seasonallyAdjusted,1,,消費支出（名目）,2016-03,92,false
seasonallyAdjusted,2,,食料（名目）,2016-03,24.7,false
seasonallyAdjusted,3,,住居（名目）,2016-03,5.8,false
seasonallyAdjusted,4,,光熱・水道（名目）,2016-03,6.6,false
seasonallyAdjusted,5,,家具・家事用品（名目）,2016-03,3.7,false
seasonallyAdjusted,6,,被服及び履物（名目）,2016-03,3.7,false
seasonallyAdjusted,7,,保健医療（名目）,2016-03,4.5,false
seasonallyAdjusted,8,,交通・通信（名目）,2016-03,14.5,false
seasonallyAdjusted,9,,教育（名目）,2016-03,3.3,false
seasonallyAdjusted,10,,教養娯楽（名目）,2016-03,9.5,false
seasonallyAdjusted,11,,その他の消費支出（名目）,2016-03,,true
seasonallyAdjusted,12,,消費支出（実質）,2016-03,107.5,false
seasonallyAdjusted,13,,食料（実質）,2016-03,32.5,false
seasonallyAdjusted,14,,住居（実質）,2016-03,6.7,false
seasonallyAdjusted,15,,光熱・水道（実質）,2016-03,8.1,false
seasonallyAdjusted,16,,家具・家事用品（実質）,2016-03,4.5,false
seasonallyAdjusted,17,,被服及び履物（実質）,2016-03,4.1,false
seasonallyAdjusted,18,,保健医療（実質）,2016-03,4.9,false
seasonallyAdjusted,19,,交通・通信（実質）,2016-03,14.7,false
seasonallyAdjusted,20,,教育（実質）,2016-03,2.9,false
seasonallyAdjusted,21,,教養娯楽（実質）,2016-03,11.2,false
seasonallyAdjusted,22,,その他の消費支出（実質）,2016-03,,true
seasonallyAdjusted,1,,消費支出（名目）,2016-04,92.4,false
seasonallyAdjusted,2,,食料（名目）,2016-04,24.5,false
seasonallyAdjusted,3,,住居（名目）,2016-04,5.3,false
seasonallyAdjusted,4,,光熱・水道（名目）,2016-04,6.7,false
seasonallyAdjusted,5,,家具・家事用品（名目）,2016-04,3.6,false
seasonallyAdjusted,6,,被服及び履物（名目）,2016-04,3.8,false
seasonallyAdjusted,7,,保健医療（名目）,2016-04,4.3,false
seasonallyAdjusted,8,,交通・通信（名目）,2016-04,14.9,false
seasonallyAdjusted,9,,教育（名目）,2016-04,3.4,false
seasonallyAdjusted,10,,教養娯楽（名目）,2016-04,9.5,false
seasonallyAdjusted,11,,その他の消費支出（名目）,2016-04,,true
seasonallyAdjusted,12,,消費支出（実質）,2016-04,108,false
seasonallyAdjusted,13,,食料（実質）,2016-04,32.2,false
seasonallyAdjusted,14,,住居（実質）,2016-04,6.2,false
seasonallyAdjusted,15,,光熱・水道（実質）,2016-04,8.3,false
seasonallyAdjusted,16,,家具・家事用品（実質）,2016-04,4.5,false
seasonallyAdjusted,17,,被服及び履物（実質）,2016-04,4.2,false
seasonallyAdjusted,18,,保健医療（実質）,2016-04,4.7,false
seasonallyAdjusted,19,,交通・通信（実質）,2016-04,15,false
seasonallyAdjusted,20,,教育（実質）,2016-04,3.1,false
seasonallyAdjusted,21,,教養娯楽（実質）,2016-04,11.3,false
seasonallyAdjusted,22,,その他の消費支出（実質）,2016-04,,true
seasonallyAdjusted,1,,消費支出（名目）,2016-05,92.5,false
seasonallyAdjusted,2,,食料（名目）,2016-05,24.6,false
seasonallyAdjusted,3,,住居（名目）,2016-05,5.7,false
seasonallyAdjusted,4,,光熱・水道（名目）,2016-05,6.7,false
seasonallyAdjusted,5,,家具・家事用品（名目）,2016-05,3.7,false
seasonallyAdjusted,6,,被服及び履物（名目）,2016-05,4.2,false
seasonallyAdjusted,7,,保健医療（名目）,2016-05,4.2,false
seasonallyAdjusted,8,,交通・通信（名目）,2016-05,14.8,false
seasonallyAdjusted,9,,教育（名目）,2016-05,3.4,false
seasonallyAdjusted,10,,教養娯楽（名目）,2016-05,9.5,false
seasonallyAdjusted,11,,その他の消費支出（名目）,2016-05,,true
seasonallyAdjusted,12,,消費支出（実質）,2016-05,107.8,false
seasonallyAdjusted,13,,食料（実質）,2016-05,32.3,false
seasonallyAdjusted,14,,住居（実質）,2016-05,6.7,false
seasonallyAdjusted,15,,光熱・水道（実質）,2016-05,8.3,false
seasonallyAdjusted,16,,家具・家事用品（実質）,2016-05,4.6,false
seasonallyAdjusted,17,,被服及び履物（実質）,2016-05,4.7,false
seasonallyAdjusted,18,,保健医療（実質）,2016-05,4.5,false
seasonallyAdjusted,19,,交通・通信（実質）,2016-05,14.9,false
seasonallyAdjusted,20,,教育（実質）,2016-05,3,false
seasonallyAdjusted,21,,教養娯楽（実質）,2016-05,11.3,false
seasonallyAdjusted,22,,その他の消費支出（実質）,2016-05,,true
seasonallyAdjusted,1,,消費支出（名目）,2016-06,92.6,false
seasonallyAdjusted,2,,食料（名目）,2016-06,24.5,false
seasonallyAdjusted,3,,住居（名目）,2016-06,5.4,false
seasonallyAdjusted,4,,光熱・水道（名目）,2016-06,6.7,false
seasonallyAdjusted,5,,家具・家事用品（名目）,2016-06,3.6,false
seasonallyAdjusted,6,,被服及び履物（名目）,2016-06,3.9,false
seasonallyAdjusted,7,,保健医療（名目）,2016-06,4.3,false
seasonallyAdjusted,8,,交通・通信（名目）,2016-06,14.8,false
seasonallyAdjusted,9,,教育（名目）,2016-06,3.7,false
seasonallyAdjusted,10,,教養娯楽（名目）,2016-06,9.7,false
seasonallyAdjusted,11,,その他の消費支出（名目）,2016-06,,true
seasonallyAdjusted,12,,消費支出（実質）,2016-06,107.8,false
seasonallyAdjusted,13,,食料（実質）,2016-06,32,false
seasonallyAdjusted,14,,住居（実質）,2016-06,6.3,false
seasonallyAdjusted,15,,光熱・水道（実質）,2016-06,8.3,false
seasonallyAdjusted,16,,家具・家事用品（実質）,2016-06,4.6,false
seasonallyAdjusted,17,,被服及び履物（実質）,2016-06,4.4,false
seasonallyAdjusted,18,,保健医療（実質）,2016-06,4.6,false
seasonallyAdjusted,19,,交通・通信（実質）,2016-06,14.9,false
seasonallyAdjusted,20,,教育（実質）,2016-06,3.3,false
seasonallyAdjusted,21,,教養娯楽（実質）,2016-06,11.4,false
seasonallyAdjusted,22,,その他の消費支出（実質）,2016-06,,true
seasonallyAdjusted,1,,消費支出（名目）,2016-07,93.3,false
seasonallyAdjusted,2,,食料（名目）,2016-07,24.7,false
seasonallyAdjusted,3,,住居（名目）,2016-07,5.8,false
seasonallyAdjusted,4,,光熱・水道（名目）,2016-07,6.6,false
seasonallyAdjusted,5,,家具・家事用品（名目）,2016-07,3.7,false
seasonallyAdjusted,6,,被服及び履物（名目）,2016-07,3.7,false
seasonallyAdjusted,7,,保健医療（名目）,2016-07,4.3,false
seasonallyAdjusted,8,,交通・通信（名目）,2016-07,14.6,false
seasonallyAdjusted,9,,教育（名目）,2016-07,4,false
seasonallyAdjusted,10,,教養娯楽（名目）,2016-07,9.6,false
seasonallyAdjusted,11,,その他の消費支出（名目）,2016-07,,true
seasonallyAdjusted,12,,消費支出（実質）,2016-07,109.1,false
seasonallyAdjusted,13,,食料（実質）,2016-07,32.3,false
seasonallyAdjusted,14,,住居（実質）,2016-07,6.7,false
seasonallyAdjusted,15,,光熱・水道（実質）,2016-07,8.2,false
seasonallyAdjusted,16,,家具・家事用品（実質）,2016-07,4.6,false
seasonallyAdjusted,17,,被服及び履物（実質）,2016-07,4.2,false
seasonallyAdjusted,18,,保健医療（実質）,2016-07,4.7,false
seasonallyAdjusted,19,,交通・通信（実質）,2016-07,14.7,false
seasonallyAdjusted,20,,教育（実質）,2016-07,3.6,false
seasonallyAdjusted,21,,教養娯楽（実質）,2016-07,11.3,false
seasonallyAdjusted,22,,その他の消費支出（実質）,2016-07,,true
seasonallyAdjusted,1,,消費支出（名目）,2016-08,91.9,false
seasonallyAdjusted,2,,食料（名目）,2016-08,24.2,false
seasonallyAdjusted,3,,住居（名目）,2016-08,5.9,false
seasonallyAdjusted,4,,光熱・水道（名目）,2016-08,6.6,false
seasonallyAdjusted,5,,家具・家事用品（名目）,2016-08,3.4,false
seasonallyAdjusted,6,,被服及び履物（名目）,2016-08,3.7,false
seasonallyAdjusted,7,,保健医療（名目）,2016-08,4.4,false
seasonallyAdjusted,8,,交通・通信（名目）,2016-08,14,false
seasonallyAdjusted,9,,教育（名目）,2016-08,3.7,false
seasonallyAdjusted,10,,教養娯楽（名目）,2016-08,9.5,false
seasonallyAdjusted,11,,その他の消費支出（名目）,2016-08,,true
seasonallyAdjusted,12,,消費支出（実質）,2016-08,107.4,false
seasonallyAdjusted,13,,食料（実質）,2016-08,31.8,false
seasonallyAdjusted,14,,住居（実質）,2016-08,6.8,false
seasonallyAdjusted,15,,光熱・水道（実質）,2016-08,8.2,false
seasonallyAdjusted,16,,家具・家事用品（実質）,2016-08,4.3,false
seasonallyAdjusted,17,,被服及び履物（実質）,2016-08,4.2,false
seasonallyAdjusted,18,,保健医療（実質）,2016-08,4.7,false
seasonallyAdjusted,19,,交通・通信（実質）,2016-08,14.1,false
seasonallyAdjusted,20,,教育（実質）,2016-08,3.2,false
seasonallyAdjusted,21,,教養娯楽（実質）,2016-08,11.2,false
seasonallyAdjusted,22,,その他の消費支出（実質）,2016-08,,true
seasonallyAdjusted,1,,消費支出（名目）,2016-09,91.8,false
seasonallyAdjusted,2,,食料（名目）,2016-09,24.2,false
seasonallyAdjusted,3,,住居（名目）,2016-09,5.5,false
seasonallyAdjusted,4,,光熱・水道（名目）,2016-09,6.5,false
seasonallyAdjusted,5,,家具・家事用品（名目）,2016-09,3.7,false
seasonallyAdjusted,6,,被服及び履物（名目）,2016-09,3.7,false
seasonallyAdjusted,7,,保健医療（名目）,2016-09,4.2,false
seasonallyAdjusted,8,,交通・通信（名目）,2016-09,14.8,false
seasonallyAdjusted,9,,教育（名目）,2016-09,3.4,false
seasonallyAdjusted,10,,教養娯楽（名目）,2016-09,9.5,false
seasonallyAdjusted,11,,その他の消費支出（名目）,2016-09,,true
seasonallyAdjusted,12,,消費支出（実質）,2016-09,107.1,false
seasonallyAdjusted,13,,食料（実質）,2016-09,31.7,false
seasonallyAdjusted,14,,住居（実質）,2016-09,6.4,false
seasonallyAdjusted,15,,光熱・水道（実質）,2016-09,8.3,false
seasonallyAdjusted,16,,家具・家事用品（実質）,2016-09,4.7,false
seasonallyAdjusted,17,,被服及び履物（実質）,2016-09,4.1,false
seasonallyAdjusted,18,,保健医療（実質）,2016-09,4.5,false
seasonallyAdjusted,19,,交通・通信（実質）,2016-09,15,false
seasonallyAdjusted,20,,教育（実質）,2016-09,3,false
seasonallyAdjusted,21,,教養娯楽（実質）,2016-09,11.2,false
seasonallyAdjusted,22,,その他の消費支出（実質）,2016-09,,true
seasonallyAdjusted,1,,消費支出（名目）,2016-10,91.7,false
seasonallyAdjusted,2,,食料（名目）,2016-10,24.4,false
seasonallyAdjusted,3,,住居（名目）,2016-10,5.6,false
seasonallyAdjusted,4,,光熱・水道（名目）,2016-10,6.5,false
seasonallyAdjusted,5,,家具・家事用品（名目）,2016-10,3.8,false
seasonallyAdjusted,6,,被服及び履物（名目）,2016-10,3.8,false
seasonallyAdjusted,7,,保健医療（名目）,2016-10,4.1,false
seasonallyAdjusted,8,,交通・通信（名目）,2016-10,14.8,false
seasonallyAdjusted,9,,教育（名目）,2016-10,2.7,false
seasonallyAdjusted,10,,教養娯楽（名目）,2016-10,9.5,false
seasonallyAdjusted,11,,その他の消費支出（名目）,2016-10,,true
seasonallyAdjusted,12,,消費支出（実質）,2016-10,106.8,false
seasonallyAdjusted,13,,食料（実質）,2016-10,31.6,false
seasonallyAdjusted,14,,住居（実質）,2016-10,6.5,false
seasonallyAdjusted,15,,光熱・水道（実質）,2016-10,8.3,false
seasonallyAdjusted,16,,家具・家事用品（実質）,2016-10,4.7,false
seasonallyAdjusted,17,,被服及び履物（実質）,2016-10,4.3,false
seasonallyAdjusted,18,,保健医療（実質）,2016-10,4.5,false
seasonallyAdjusted,19,,交通・通信（実質）,2016-10,15,false
seasonallyAdjusted,20,,教育（実質）,2016-10,2.4,false
seasonallyAdjusted,21,,教養娯楽（実質）,2016-10,11.3,false
seasonallyAdjusted,22,,その他の消費支出（実質）,2016-10,,true
seasonallyAdjusted,1,,消費支出（名目）,2016-11,91.7,false
seasonallyAdjusted,2,,食料（名目）,2016-11,24.4,false
seasonallyAdjusted,3,,住居（名目）,2016-11,5.8,false
seasonallyAdjusted,4,,光熱・水道（名目）,2016-11,6.4,false
seasonallyAdjusted,5,,家具・家事用品（名目）,2016-11,3.5,false
seasonallyAdjusted,6,,被服及び履物（名目）,2016-11,3.7,false
seasonallyAdjusted,7,,保健医療（名目）,2016-11,4.1,false
seasonallyAdjusted,8,,交通・通信（名目）,2016-11,15,false
seasonallyAdjusted,9,,教育（名目）,2016-11,3.5,false
seasonallyAdjusted,10,,教養娯楽（名目）,2016-11,9.3,false
seasonallyAdjusted,11,,その他の消費支出（名目）,2016-11,,true
seasonallyAdjusted,12,,消費支出（実質）,2016-11,106.6,false
seasonallyAdjusted,13,,食料（実質）,2016-11,31.3,false
seasonallyAdjusted,14,,住居（実質）,2016-11,6.8,false
seasonallyAdjusted,15,,光熱・水道（実質）,2016-11,8.1,false
seasonallyAdjusted,16,,家具・家事用品（実質）,2016-11,4.4,false
seasonallyAdjusted,17,,被服及び履物（実質）,2016-11,4.1,false
seasonallyAdjusted,18,,保健医療（実質）,2016-11,4.4,false
seasonallyAdjusted,19,,交通・通信（実質）,2016-11,15.1,false
seasonallyAdjusted,20,,教育（実質）,2016-11,3.1,false
seasonallyAdjusted,21,,教養娯楽（実質）,2016-11,10.9,false
seasonallyAdjusted,22,,その他の消費支出（実質）,2016-11,,true
seasonallyAdjusted,1,,消費支出（名目）,2016-12,91.8,false
seasonallyAdjusted,2,,食料（名目）,2016-12,24.1,false
seasonallyAdjusted,3,,住居（名目）,2016-12,5.8,false
seasonallyAdjusted,4,,光熱・水道（名目）,2016-12,6.3,false
seasonallyAdjusted,5,,家具・家事用品（名目）,2016-12,3.6,false
seasonallyAdjusted,6,,被服及び履物（名目）,2016-12,3.6,false
seasonallyAdjusted,7,,保健医療（名目）,2016-12,4,false
seasonallyAdjusted,8,,交通・通信（名目）,2016-12,15.1,false
seasonallyAdjusted,9,,教育（名目）,2016-12,4.1,false
seasonallyAdjusted,10,,教養娯楽（名目）,2016-12,9.2,false
seasonallyAdjusted,11,,その他の消費支出（名目）,2016-12,,true
seasonallyAdjusted,12,,消費支出（実質）,2016-12,106.7,false
seasonallyAdjusted,13,,食料（実質）,2016-12,31.4,false
seasonallyAdjusted,14,,住居（実質）,2016-12,6.7,false
seasonallyAdjusted,15,,光熱・水道（実質）,2016-12,8,false
seasonallyAdjusted,16,,家具・家事用品（実質）,2016-12,4.5,false
seasonallyAdjusted,17,,被服及び履物（実質）,2016-12,4,false
seasonallyAdjusted,18,,保健医療（実質）,2016-12,4.3,false
seasonallyAdjusted,19,,交通・通信（実質）,2016-12,15.1,false
seasonallyAdjusted,20,,教育（実質）,2016-12,3.7,false
seasonallyAdjusted,21,,教養娯楽（実質）,2016-12,10.9,false
seasonallyAdjusted,22,,その他の消費支出（実質）,2016-12,,true
seasonallyAdjusted,1,,消費支出（名目）,2017-01,92.4,false
seasonallyAdjusted,2,,食料（名目）,2017-01,24.2,false
seasonallyAdjusted,3,,住居（名目）,2017-01,5.1,false
seasonallyAdjusted,4,,光熱・水道（名目）,2017-01,6.3,false
seasonallyAdjusted,5,,家具・家事用品（名目）,2017-01,3.8,false
seasonallyAdjusted,6,,被服及び履物（名目）,2017-01,3.9,false
seasonallyAdjusted,7,,保健医療（名目）,2017-01,4.1,false
seasonallyAdjusted,8,,交通・通信（名目）,2017-01,15.2,false
seasonallyAdjusted,9,,教育（名目）,2017-01,4,false
seasonallyAdjusted,10,,教養娯楽（名目）,2017-01,9.5,false
seasonallyAdjusted,11,,その他の消費支出（名目）,2017-01,,true
seasonallyAdjusted,12,,消費支出（実質）,2017-01,107.5,false
seasonallyAdjusted,13,,食料（実質）,2017-01,31.5,false
seasonallyAdjusted,14,,住居（実質）,2017-01,6,false
seasonallyAdjusted,15,,光熱・水道（実質）,2017-01,7.9,false
seasonallyAdjusted,16,,家具・家事用品（実質）,2017-01,4.7,false
seasonallyAdjusted,17,,被服及び履物（実質）,2017-01,4.4,false
seasonallyAdjusted,18,,保健医療（実質）,2017-01,4.4,false
seasonallyAdjusted,19,,交通・通信（実質）,2017-01,15.1,false
seasonallyAdjusted,20,,教育（実質）,2017-01,3.6,false
seasonallyAdjusted,21,,教養娯楽（実質）,2017-01,11.2,false
seasonallyAdjusted,22,,その他の消費支出（実質）,2017-01,,true
seasonallyAdjusted,1,,消費支出（名目）,2017-02,92.3,false
seasonallyAdjusted,2,,食料（名目）,2017-02,24.3,false
seasonallyAdjusted,3,,住居（名目）,2017-02,5.8,false
seasonallyAdjusted,4,,光熱・水道（名目）,2017-02,6.3,false
seasonallyAdjusted,5,,家具・家事用品（名目）,2017-02,3.7,false
seasonallyAdjusted,6,,被服及び履物（名目）,2017-02,3.7,false
seasonallyAdjusted,7,,保健医療（名目）,2017-02,4.3,false
seasonallyAdjusted,8,,交通・通信（名目）,2017-02,15,false
seasonallyAdjusted,9,,教育（名目）,2017-02,4.1,false
seasonallyAdjusted,10,,教養娯楽（名目）,2017-02,9.4,false
seasonallyAdjusted,11,,その他の消費支出（名目）,2017-02,,true
seasonallyAdjusted,12,,消費支出（実質）,2017-02,107.6,false
seasonallyAdjusted,13,,食料（実質）,2017-02,31.7,false
seasonallyAdjusted,14,,住居（実質）,2017-02,6.8,false
seasonallyAdjusted,15,,光熱・水道（実質）,2017-02,7.8,false
seasonallyAdjusted,16,,家具・家事用品（実質）,2017-02,4.5,false
seasonallyAdjusted,17,,被服及び履物（実質）,2017-02,4.1,false
seasonallyAdjusted,18,,保健医療（実質）,2017-02,4.6,false
seasonallyAdjusted,19,,交通・通信（実質）,2017-02,15,false
seasonallyAdjusted,20,,教育（実質）,2017-02,3.6,false
seasonallyAdjusted,21,,教養娯楽（実質）,2017-02,11.1,false
seasonallyAdjusted,22,,その他の消費支出（実質）,2017-02,,true
seasonallyAdjusted,1,,消費支出（名目）,2017-03,93.1,false
seasonallyAdjusted,2,,食料（名目）,2017-03,24.3,false
seasonallyAdjusted,3,,住居（名目）,2017-03,6,false
seasonallyAdjusted,4,,光熱・水道（名目）,2017-03,6.5,false
seasonallyAdjusted,5,,家具・家事用品（名目）,2017-03,3.5,false
seasonallyAdjusted,6,,被服及び履物（名目）,2017-03,3.7,false
seasonallyAdjusted,7,,保健医療（名目）,2017-03,4,false
seasonallyAdjusted,8,,交通・通信（名目）,2017-03,16.2,false
seasonallyAdjusted,9,,教育（名目）,2017-03,3.9,false
seasonallyAdjusted,10,,教養娯楽（名目）,2017-03,9.6,false
seasonallyAdjusted,11,,その他の消費支出（名目）,2017-03,,true
seasonallyAdjusted,12,,消費支出（実質）,2017-03,108.5,false
seasonallyAdjusted,13,,食料（実質）,2017-03,31.8,false
seasonallyAdjusted,14,,住居（実質）,2017-03,6.9,false
seasonallyAdjusted,15,,光熱・水道（実質）,2017-03,8,false
seasonallyAdjusted,16,,家具・家事用品（実質）,2017-03,4.4,false
seasonallyAdjusted,17,,被服及び履物（実質）,2017-03,4.1,false
seasonallyAdjusted,18,,保健医療（実質）,2017-03,4.4,false
seasonallyAdjusted,19,,交通・通信（実質）,2017-03,16.4,false
seasonallyAdjusted,20,,教育（実質）,2017-03,3.5,false
seasonallyAdjusted,21,,教養娯楽（実質）,2017-03,11.2,false
seasonallyAdjusted,22,,その他の消費支出（実質）,2017-03,,true
seasonallyAdjusted,1,,消費支出（名目）,2017-04,93.4,false
seasonallyAdjusted,2,,食料（名目）,2017-04,24.6,false
seasonallyAdjusted,3,,住居（名目）,2017-04,5.6,false
seasonallyAdjusted,4,,光熱・水道（名目）,2017-04,6.8,false
seasonallyAdjusted,5,,家具・家事用品（名目）,2017-04,3.6,false
seasonallyAdjusted,6,,被服及び履物（名目）,2017-04,3.7,false
seasonallyAdjusted,7,,保健医療（名目）,2017-04,4.3,false
seasonallyAdjusted,8,,交通・通信（名目）,2017-04,16,false
seasonallyAdjusted,9,,教育（名目）,2017-04,3.9,false
seasonallyAdjusted,10,,教養娯楽（名目）,2017-04,9.6,false
seasonallyAdjusted,11,,その他の消費支出（名目）,2017-04,,true
seasonallyAdjusted,12,,消費支出（実質）,2017-04,108.7,false
seasonallyAdjusted,13,,食料（実質）,2017-04,31.9,false
seasonallyAdjusted,14,,住居（実質）,2017-04,6.5,false
seasonallyAdjusted,15,,光熱・水道（実質）,2017-04,8.4,false
seasonallyAdjusted,16,,家具・家事用品（実質）,2017-04,4.5,false
seasonallyAdjusted,17,,被服及び履物（実質）,2017-04,4.2,false
seasonallyAdjusted,18,,保健医療（実質）,2017-04,4.6,false
seasonallyAdjusted,19,,交通・通信（実質）,2017-04,16.1,false
seasonallyAdjusted,20,,教育（実質）,2017-04,3.5,false
seasonallyAdjusted,21,,教養娯楽（実質）,2017-04,11.4,false
seasonallyAdjusted,22,,その他の消費支出（実質）,2017-04,,true
seasonallyAdjusted,1,,消費支出（名目）,2017-05,93.8,false
seasonallyAdjusted,2,,食料（名目）,2017-05,24.6,false
seasonallyAdjusted,3,,住居（名目）,2017-05,5.7,false
seasonallyAdjusted,4,,光熱・水道（名目）,2017-05,6.7,false
seasonallyAdjusted,5,,家具・家事用品（名目）,2017-05,3.7,false
seasonallyAdjusted,6,,被服及び履物（名目）,2017-05,3.7,false
seasonallyAdjusted,7,,保健医療（名目）,2017-05,4.2,false
seasonallyAdjusted,8,,交通・通信（名目）,2017-05,15.8,false
seasonallyAdjusted,9,,教育（名目）,2017-05,3.8,false
seasonallyAdjusted,10,,教養娯楽（名目）,2017-05,9.3,false
seasonallyAdjusted,11,,その他の消費支出（名目）,2017-05,,true
seasonallyAdjusted,12,,消費支出（実質）,2017-05,108.9,false
seasonallyAdjusted,13,,食料（実質）,2017-05,32,false
seasonallyAdjusted,14,,住居（実質）,2017-05,6.7,false
seasonallyAdjusted,15,,光熱・水道（実質）,2017-05,8.1,false
seasonallyAdjusted,16,,家具・家事用品（実質）,2017-05,4.6,false
seasonallyAdjusted,17,,被服及び履物（実質）,2017-05,4.2,false
seasonallyAdjusted,18,,保健医療（実質）,2017-05,4.5,false
seasonallyAdjusted,19,,交通・通信（実質）,2017-05,15.9,false
seasonallyAdjusted,20,,教育（実質）,2017-05,3.4,false
seasonallyAdjusted,21,,教養娯楽（実質）,2017-05,10.9,false
seasonallyAdjusted,22,,その他の消費支出（実質）,2017-05,,true
seasonallyAdjusted,1,,消費支出（名目）,2017-06,93.1,false
seasonallyAdjusted,2,,食料（名目）,2017-06,24.6,false
seasonallyAdjusted,3,,住居（名目）,2017-06,5.7,false
seasonallyAdjusted,4,,光熱・水道（名目）,2017-06,6.7,false
seasonallyAdjusted,5,,家具・家事用品（名目）,2017-06,3.5,false
seasonallyAdjusted,6,,被服及び履物（名目）,2017-06,3.6,false
seasonallyAdjusted,7,,保健医療（名目）,2017-06,4.2,false
seasonallyAdjusted,8,,交通・通信（名目）,2017-06,15.7,false
seasonallyAdjusted,9,,教育（名目）,2017-06,3.6,false
seasonallyAdjusted,10,,教養娯楽（名目）,2017-06,9.5,false
seasonallyAdjusted,11,,その他の消費支出（名目）,2017-06,,true
seasonallyAdjusted,12,,消費支出（実質）,2017-06,107.9,false
seasonallyAdjusted,13,,食料（実質）,2017-06,31.9,false
seasonallyAdjusted,14,,住居（実質）,2017-06,6.6,false
seasonallyAdjusted,15,,光熱・水道（実質）,2017-06,8.1,false
seasonallyAdjusted,16,,家具・家事用品（実質）,2017-06,4.5,false
seasonallyAdjusted,17,,被服及び履物（実質）,2017-06,4,false
seasonallyAdjusted,18,,保健医療（実質）,2017-06,4.6,false
seasonallyAdjusted,19,,交通・通信（実質）,2017-06,15.8,false
seasonallyAdjusted,20,,教育（実質）,2017-06,3.2,false
seasonallyAdjusted,21,,教養娯楽（実質）,2017-06,11.2,false
seasonallyAdjusted,22,,その他の消費支出（実質）,2017-06,,true
seasonallyAdjusted,1,,消費支出（名目）,2017-07,92.9,false
seasonallyAdjusted,2,,食料（名目）,2017-07,24.4,false
seasonallyAdjusted,3,,住居（名目）,2017-07,5.7,false
seasonallyAdjusted,4,,光熱・水道（名目）,2017-07,6.8,false
seasonallyAdjusted,5,,家具・家事用品（名目）,2017-07,3.8,false
seasonallyAdjusted,6,,被服及び履物（名目）,2017-07,3.8,false
seasonallyAdjusted,7,,保健医療（名目）,2017-07,4.1,false
seasonallyAdjusted,8,,交通・通信（名目）,2017-07,15.9,false
seasonallyAdjusted,9,,教育（名目）,2017-07,3.6,false
seasonallyAdjusted,10,,教養娯楽（名目）,2017-07,9.3,false
seasonallyAdjusted,11,,その他の消費支出（名目）,2017-07,,true
seasonallyAdjusted,12,,消費支出（実質）,2017-07,107.9,false
seasonallyAdjusted,13,,食料（実質）,2017-07,31.7,false
seasonallyAdjusted,14,,住居（実質）,2017-07,6.6,false
seasonallyAdjusted,15,,光熱・水道（実質）,2017-07,8.1,false
seasonallyAdjusted,16,,家具・家事用品（実質）,2017-07,4.7,false
seasonallyAdjusted,17,,被服及び履物（実質）,2017-07,4.3,false
seasonallyAdjusted,18,,保健医療（実質）,2017-07,4.4,false
seasonallyAdjusted,19,,交通・通信（実質）,2017-07,16.1,false
seasonallyAdjusted,20,,教育（実質）,2017-07,3.2,false
seasonallyAdjusted,21,,教養娯楽（実質）,2017-07,11,false
seasonallyAdjusted,22,,その他の消費支出（実質）,2017-07,,true
seasonallyAdjusted,1,,消費支出（名目）,2017-08,92.7,false
seasonallyAdjusted,2,,食料（名目）,2017-08,24.6,false
seasonallyAdjusted,3,,住居（名目）,2017-08,5.4,false
seasonallyAdjusted,4,,光熱・水道（名目）,2017-08,6.8,false
seasonallyAdjusted,5,,家具・家事用品（名目）,2017-08,3.6,false
seasonallyAdjusted,6,,被服及び履物（名目）,2017-08,3.6,false
seasonallyAdjusted,7,,保健医療（名目）,2017-08,4.1,false
seasonallyAdjusted,8,,交通・通信（名目）,2017-08,15.2,false
seasonallyAdjusted,9,,教育（名目）,2017-08,3.6,false
seasonallyAdjusted,10,,教養娯楽（名目）,2017-08,9.6,false
seasonallyAdjusted,11,,その他の消費支出（名目）,2017-08,,true
seasonallyAdjusted,12,,消費支出（実質）,2017-08,107.4,false
seasonallyAdjusted,13,,食料（実質）,2017-08,32,false
seasonallyAdjusted,14,,住居（実質）,2017-08,6.3,false
seasonallyAdjusted,15,,光熱・水道（実質）,2017-08,8.2,false
seasonallyAdjusted,16,,家具・家事用品（実質）,2017-08,4.6,false
seasonallyAdjusted,17,,被服及び履物（実質）,2017-08,4.1,false
seasonallyAdjusted,18,,保健医療（実質）,2017-08,4.4,false
seasonallyAdjusted,19,,交通・通信（実質）,2017-08,15.4,false
seasonallyAdjusted,20,,教育（実質）,2017-08,3.2,false
seasonallyAdjusted,21,,教養娯楽（実質）,2017-08,11.2,false
seasonallyAdjusted,22,,その他の消費支出（実質）,2017-08,,true
seasonallyAdjusted,1,,消費支出（名目）,2017-09,93.6,false
seasonallyAdjusted,2,,食料（名目）,2017-09,24.6,false
seasonallyAdjusted,3,,住居（名目）,2017-09,6.1,false
seasonallyAdjusted,4,,光熱・水道（名目）,2017-09,6.7,false
seasonallyAdjusted,5,,家具・家事用品（名目）,2017-09,3.6,false
seasonallyAdjusted,6,,被服及び履物（名目）,2017-09,3.6,false
seasonallyAdjusted,7,,保健医療（名目）,2017-09,4.3,false
seasonallyAdjusted,8,,交通・通信（名目）,2017-09,15.7,false
seasonallyAdjusted,9,,教育（名目）,2017-09,4,false
seasonallyAdjusted,10,,教養娯楽（名目）,2017-09,9.3,false
seasonallyAdjusted,11,,その他の消費支出（名目）,2017-09,,true
seasonallyAdjusted,12,,消費支出（実質）,2017-09,108.3,false
seasonallyAdjusted,13,,食料（実質）,2017-09,31.8,false
seasonallyAdjusted,14,,住居（実質）,2017-09,7,false
seasonallyAdjusted,15,,光熱・水道（実質）,2017-09,8,false
seasonallyAdjusted,16,,家具・家事用品（実質）,2017-09,4.6,false
seasonallyAdjusted,17,,被服及び履物（実質）,2017-09,4.1,false
seasonallyAdjusted,18,,保健医療（実質）,2017-09,4.6,false
seasonallyAdjusted,19,,交通・通信（実質）,2017-09,15.9,false
seasonallyAdjusted,20,,教育（実質）,2017-09,3.6,false
seasonallyAdjusted,21,,教養娯楽（実質）,2017-09,10.9,false
seasonallyAdjusted,22,,その他の消費支出（実質）,2017-09,,true
seasonallyAdjusted,1,,消費支出（名目）,2017-10,91.7,false
seasonallyAdjusted,2,,食料（名目）,2017-10,24.1,false
seasonallyAdjusted,3,,住居（名目）,2017-10,5.6,false
seasonallyAdjusted,4,,光熱・水道（名目）,2017-10,6.6,false
seasonallyAdjusted,5,,家具・家事用品（名目）,2017-10,3.6,false
seasonallyAdjusted,6,,被服及び履物（名目）,2017-10,3.7,false
seasonallyAdjusted,7,,保健医療（名目）,2017-10,4.2,false
seasonallyAdjusted,8,,交通・通信（名目）,2017-10,15.2,false
seasonallyAdjusted,9,,教育（名目）,2017-10,3.9,false
seasonallyAdjusted,10,,教養娯楽（名目）,2017-10,9,false
seasonallyAdjusted,11,,その他の消費支出（名目）,2017-10,,true
seasonallyAdjusted,12,,消費支出（実質）,2017-10,106.6,false
seasonallyAdjusted,13,,食料（実質）,2017-10,31.8,false
seasonallyAdjusted,14,,住居（実質）,2017-10,6.5,false
seasonallyAdjusted,15,,光熱・水道（実質）,2017-10,8,false
seasonallyAdjusted,16,,家具・家事用品（実質）,2017-10,4.5,false
seasonallyAdjusted,17,,被服及び履物（実質）,2017-10,4.1,false
seasonallyAdjusted,18,,保健医療（実質）,2017-10,4.4,false
seasonallyAdjusted,19,,交通・通信（実質）,2017-10,15.3,false
seasonallyAdjusted,20,,教育（実質）,2017-10,3.4,false
seasonallyAdjusted,21,,教養娯楽（実質）,2017-10,10.7,false
seasonallyAdjusted,22,,その他の消費支出（実質）,2017-10,,true
seasonallyAdjusted,1,,消費支出（名目）,2017-11,93.2,false
seasonallyAdjusted,2,,食料（名目）,2017-11,24.7,false
seasonallyAdjusted,3,,住居（名目）,2017-11,5.5,false
seasonallyAdjusted,4,,光熱・水道（名目）,2017-11,7,false
seasonallyAdjusted,5,,家具・家事用品（名目）,2017-11,4,false
seasonallyAdjusted,6,,被服及び履物（名目）,2017-11,3.7,false
seasonallyAdjusted,7,,保健医療（名目）,2017-11,4.3,false
seasonallyAdjusted,8,,交通・通信（名目）,2017-11,15.4,false
seasonallyAdjusted,9,,教育（名目）,2017-11,4,false
seasonallyAdjusted,10,,教養娯楽（名目）,2017-11,9.4,false
seasonallyAdjusted,11,,その他の消費支出（名目）,2017-11,,true
seasonallyAdjusted,12,,消費支出（実質）,2017-11,107.5,false
seasonallyAdjusted,13,,食料（実質）,2017-11,31.9,false
seasonallyAdjusted,14,,住居（実質）,2017-11,6.4,false
seasonallyAdjusted,15,,光熱・水道（実質）,2017-11,8.4,false
seasonallyAdjusted,16,,家具・家事用品（実質）,2017-11,5.1,false
seasonallyAdjusted,17,,被服及び履物（実質）,2017-11,4.2,false
seasonallyAdjusted,18,,保健医療（実質）,2017-11,4.6,false
seasonallyAdjusted,19,,交通・通信（実質）,2017-11,15.3,false
seasonallyAdjusted,20,,教育（実質）,2017-11,3.5,false
seasonallyAdjusted,21,,教養娯楽（実質）,2017-11,11.1,false
seasonallyAdjusted,22,,その他の消費支出（実質）,2017-11,,true
seasonallyAdjusted,1,,消費支出（名目）,2017-12,92.8,false
seasonallyAdjusted,2,,食料（名目）,2017-12,24.9,false
seasonallyAdjusted,3,,住居（名目）,2017-12,5.4,false
seasonallyAdjusted,4,,光熱・水道（名目）,2017-12,7.2,false
seasonallyAdjusted,5,,家具・家事用品（名目）,2017-12,3.7,false
seasonallyAdjusted,6,,被服及び履物（名目）,2017-12,3.6,false
seasonallyAdjusted,7,,保健医療（名目）,2017-12,4.3,false
seasonallyAdjusted,8,,交通・通信（名目）,2017-12,15.2,false
seasonallyAdjusted,9,,教育（名目）,2017-12,3.5,false
seasonallyAdjusted,10,,教養娯楽（名目）,2017-12,9.3,false
seasonallyAdjusted,11,,その他の消費支出（名目）,2017-12,,true
seasonallyAdjusted,12,,消費支出（実質）,2017-12,106.7,false
seasonallyAdjusted,13,,食料（実質）,2017-12,31.8,false
seasonallyAdjusted,14,,住居（実質）,2017-12,6.3,false
seasonallyAdjusted,15,,光熱・水道（実質）,2017-12,8.6,false
seasonallyAdjusted,16,,家具・家事用品（実質）,2017-12,4.7,false
seasonallyAdjusted,17,,被服及び履物（実質）,2017-12,4,false
seasonallyAdjusted,18,,保健医療（実質）,2017-12,4.5,false
seasonallyAdjusted,19,,交通・通信（実質）,2017-12,14.9,false
seasonallyAdjusted,20,,教育（実質）,2017-12,3.1,false
seasonallyAdjusted,21,,教養娯楽（実質）,2017-12,11,false
seasonallyAdjusted,22,,その他の消費支出（実質）,2017-12,,true
seasonallyAdjusted,1,,消費支出（名目）,2018-01,93.8,false
seasonallyAdjusted,2,,食料（名目）,2018-01,25.2,false
seasonallyAdjusted,3,,住居（名目）,2018-01,5.5,false
seasonallyAdjusted,4,,光熱・水道（名目）,2018-01,7,false
seasonallyAdjusted,5,,家具・家事用品（名目）,2018-01,3.7,false
seasonallyAdjusted,6,,被服及び履物（名目）,2018-01,3.7,false
seasonallyAdjusted,7,,保健医療（名目）,2018-01,4.4,false
seasonallyAdjusted,8,,交通・通信（名目）,2018-01,16.3,false
seasonallyAdjusted,9,,教育（名目）,2018-01,3.4,false
seasonallyAdjusted,10,,教養娯楽（名目）,2018-01,9.4,false
seasonallyAdjusted,11,,その他の消費支出（名目）,2018-01,,true
seasonallyAdjusted,12,,消費支出（実質）,2018-01,107.5,false
seasonallyAdjusted,13,,食料（実質）,2018-01,31.7,false
seasonallyAdjusted,14,,住居（実質）,2018-01,6.4,false
seasonallyAdjusted,15,,光熱・水道（実質）,2018-01,8.4,false
seasonallyAdjusted,16,,家具・家事用品（実質）,2018-01,4.6,false
seasonallyAdjusted,17,,被服及び履物（実質）,2018-01,4.2,false
seasonallyAdjusted,18,,保健医療（実質）,2018-01,4.7,false
seasonallyAdjusted,19,,交通・通信（実質）,2018-01,16,false
seasonallyAdjusted,20,,教育（実質）,2018-01,3,false
seasonallyAdjusted,21,,教養娯楽（実質）,2018-01,11,false
seasonallyAdjusted,22,,その他の消費支出（実質）,2018-01,,true
seasonallyAdjusted,1,,消費支出（名目）,2018-02,92.6,false
seasonallyAdjusted,2,,食料（名目）,2018-02,24.7,false
seasonallyAdjusted,3,,住居（名目）,2018-02,5.3,false
seasonallyAdjusted,4,,光熱・水道（名目）,2018-02,7,false
seasonallyAdjusted,5,,家具・家事用品（名目）,2018-02,3.7,false
seasonallyAdjusted,6,,被服及び履物（名目）,2018-02,3.6,false
seasonallyAdjusted,7,,保健医療（名目）,2018-02,4.3,false
seasonallyAdjusted,8,,交通・通信（名目）,2018-02,15.6,false
seasonallyAdjusted,9,,教育（名目）,2018-02,3.7,false
seasonallyAdjusted,10,,教養娯楽（名目）,2018-02,9.3,false
seasonallyAdjusted,11,,その他の消費支出（名目）,2018-02,,true
seasonallyAdjusted,12,,消費支出（実質）,2018-02,106.1,false
seasonallyAdjusted,13,,食料（実質）,2018-02,31.4,false
seasonallyAdjusted,14,,住居（実質）,2018-02,6.2,false
seasonallyAdjusted,15,,光熱・水道（実質）,2018-02,8.3,false
seasonallyAdjusted,16,,家具・家事用品（実質）,2018-02,4.6,false
seasonallyAdjusted,17,,被服及び履物（実質）,2018-02,4.1,false
seasonallyAdjusted,18,,保健医療（実質）,2018-02,4.6,false
seasonallyAdjusted,19,,交通・通信（実質）,2018-02,15.5,false
seasonallyAdjusted,20,,教育（実質）,2018-02,3.2,false
seasonallyAdjusted,21,,教養娯楽（実質）,2018-02,10.9,false
seasonallyAdjusted,22,,その他の消費支出（実質）,2018-02,,true
seasonallyAdjusted,1,,消費支出（名目）,2018-03,92.1,false
seasonallyAdjusted,2,,食料（名目）,2018-03,24.4,false
seasonallyAdjusted,3,,住居（名目）,2018-03,5.3,false
seasonallyAdjusted,4,,光熱・水道（名目）,2018-03,6.8,false
seasonallyAdjusted,5,,家具・家事用品（名目）,2018-03,3.7,false
seasonallyAdjusted,6,,被服及び履物（名目）,2018-03,3.7,false
seasonallyAdjusted,7,,保健医療（名目）,2018-03,4.4,false
seasonallyAdjusted,8,,交通・通信（名目）,2018-03,15.1,false
seasonallyAdjusted,9,,教育（名目）,2018-03,4.1,false
seasonallyAdjusted,10,,教養娯楽（名目）,2018-03,9.6,false
seasonallyAdjusted,11,,その他の消費支出（名目）,2018-03,,true
seasonallyAdjusted,12,,消費支出（実質）,2018-03,105.8,false
seasonallyAdjusted,13,,食料（実質）,2018-03,31.2,false
seasonallyAdjusted,14,,住居（実質）,2018-03,6.2,false
seasonallyAdjusted,15,,光熱・水道（実質）,2018-03,8.1,false
seasonallyAdjusted,16,,家具・家事用品（実質）,2018-03,4.8,false
seasonallyAdjusted,17,,被服及び履物（実質）,2018-03,4.2,false
seasonallyAdjusted,18,,保健医療（実質）,2018-03,4.7,false
seasonallyAdjusted,19,,交通・通信（実質）,2018-03,15.1,false
seasonallyAdjusted,20,,教育（実質）,2018-03,3.6,false
seasonallyAdjusted,21,,教養娯楽（実質）,2018-03,11.1,false
seasonallyAdjusted,22,,その他の消費支出（実質）,2018-03,,true
seasonallyAdjusted,1,,消費支出（名目）,2018-04,92.6,false
seasonallyAdjusted,2,,食料（名目）,2018-04,24.3,false
seasonallyAdjusted,3,,住居（名目）,2018-04,6.2,false
seasonallyAdjusted,4,,光熱・水道（名目）,2018-04,6.5,false
seasonallyAdjusted,5,,家具・家事用品（名目）,2018-04,3.9,false
seasonallyAdjusted,6,,被服及び履物（名目）,2018-04,3.7,false
seasonallyAdjusted,7,,保健医療（名目）,2018-04,4.2,false
seasonallyAdjusted,8,,交通・通信（名目）,2018-04,14.8,false
seasonallyAdjusted,9,,教育（名目）,2018-04,4.3,false
seasonallyAdjusted,10,,教養娯楽（名目）,2018-04,9.2,false
seasonallyAdjusted,11,,その他の消費支出（名目）,2018-04,,true
seasonallyAdjusted,12,,消費支出（実質）,2018-04,106.6,false
seasonallyAdjusted,13,,食料（実質）,2018-04,31.3,false
seasonallyAdjusted,14,,住居（実質）,2018-04,7.2,false
seasonallyAdjusted,15,,光熱・水道（実質）,2018-04,7.8,false
seasonallyAdjusted,16,,家具・家事用品（実質）,2018-04,5,false
seasonallyAdjusted,17,,被服及び履物（実質）,2018-04,4.1,false
seasonallyAdjusted,18,,保健医療（実質）,2018-04,4.5,false
seasonallyAdjusted,19,,交通・通信（実質）,2018-04,14.9,false
seasonallyAdjusted,20,,教育（実質）,2018-04,3.8,false
seasonallyAdjusted,21,,教養娯楽（実質）,2018-04,10.8,false
seasonallyAdjusted,22,,その他の消費支出（実質）,2018-04,,true
seasonallyAdjusted,1,,消費支出（名目）,2018-05,92.8,false
seasonallyAdjusted,2,,食料（名目）,2018-05,24.5,false
seasonallyAdjusted,3,,住居（名目）,2018-05,5.5,false
seasonallyAdjusted,4,,光熱・水道（名目）,2018-05,6.7,false
seasonallyAdjusted,5,,家具・家事用品（名目）,2018-05,3.5,false
seasonallyAdjusted,6,,被服及び履物（名目）,2018-05,3.6,false
seasonallyAdjusted,7,,保健医療（名目）,2018-05,4.4,false
seasonallyAdjusted,8,,交通・通信（名目）,2018-05,16.4,false
seasonallyAdjusted,9,,教育（名目）,2018-05,3.9,false
seasonallyAdjusted,10,,教養娯楽（名目）,2018-05,9.4,false
seasonallyAdjusted,11,,その他の消費支出（名目）,2018-05,,true
seasonallyAdjusted,12,,消費支出（実質）,2018-05,107.1,false
seasonallyAdjusted,13,,食料（実質）,2018-05,31.7,false
seasonallyAdjusted,14,,住居（実質）,2018-05,6.4,false
seasonallyAdjusted,15,,光熱・水道（実質）,2018-05,7.9,false
seasonallyAdjusted,16,,家具・家事用品（実質）,2018-05,4.5,false
seasonallyAdjusted,17,,被服及び履物（実質）,2018-05,4,false
seasonallyAdjusted,18,,保健医療（実質）,2018-05,4.7,false
seasonallyAdjusted,19,,交通・通信（実質）,2018-05,16.2,false
seasonallyAdjusted,20,,教育（実質）,2018-05,3.4,false
seasonallyAdjusted,21,,教養娯楽（実質）,2018-05,11.1,false
seasonallyAdjusted,22,,その他の消費支出（実質）,2018-05,,true
seasonallyAdjusted,1,,消費支出（名目）,2018-06,93.4,false
seasonallyAdjusted,2,,食料（名目）,2018-06,24.3,false
seasonallyAdjusted,3,,住居（名目）,2018-06,6.2,false
seasonallyAdjusted,4,,光熱・水道（名目）,2018-06,6.5,false
seasonallyAdjusted,5,,家具・家事用品（名目）,2018-06,3.6,false
seasonallyAdjusted,6,,被服及び履物（名目）,2018-06,3.6,false
seasonallyAdjusted,7,,保健医療（名目）,2018-06,4.2,false
seasonallyAdjusted,8,,交通・通信（名目）,2018-06,16.3,false
seasonallyAdjusted,9,,教育（名目）,2018-06,4,false
seasonallyAdjusted,10,,教養娯楽（名目）,2018-06,9,false
seasonallyAdjusted,11,,その他の消費支出（名目）,2018-06,,true
seasonallyAdjusted,12,,消費支出（実質）,2018-06,107.6,false
seasonallyAdjusted,13,,食料（実質）,2018-06,31.5,false
seasonallyAdjusted,14,,住居（実質）,2018-06,7.3,false
seasonallyAdjusted,15,,光熱・水道（実質）,2018-06,7.5,false
seasonallyAdjusted,16,,家具・家事用品（実質）,2018-06,4.6,false
seasonallyAdjusted,17,,被服及び履物（実質）,2018-06,4,false
seasonallyAdjusted,18,,保健医療（実質）,2018-06,4.4,false
seasonallyAdjusted,19,,交通・通信（実質）,2018-06,16.1,false
seasonallyAdjusted,20,,教育（実質）,2018-06,3.5,false
seasonallyAdjusted,21,,教養娯楽（実質）,2018-06,10.6,false
seasonallyAdjusted,22,,その他の消費支出（実質）,2018-06,,true
seasonallyAdjusted,1,,消費支出（名目）,2018-07,93.8,false
seasonallyAdjusted,2,,食料（名目）,2018-07,24.4,false
seasonallyAdjusted,3,,住居（名目）,2018-07,6,false
seasonallyAdjusted,4,,光熱・水道（名目）,2018-07,6.8,false
seasonallyAdjusted,5,,家具・家事用品（名目）,2018-07,3.9,false
seasonallyAdjusted,6,,被服及び履物（名目）,2018-07,3.6,false
seasonallyAdjusted,7,,保健医療（名目）,2018-07,4.3,false
seasonallyAdjusted,8,,交通・通信（名目）,2018-07,16.2,false
seasonallyAdjusted,9,,教育（名目）,2018-07,3.9,false
seasonallyAdjusted,10,,教養娯楽（名目）,2018-07,9.3,false
seasonallyAdjusted,11,,その他の消費支出（名目）,2018-07,,true
seasonallyAdjusted,12,,消費支出（実質）,2018-07,107.7,false
seasonallyAdjusted,13,,食料（実質）,2018-07,31.4,false
seasonallyAdjusted,14,,住居（実質）,2018-07,7,false
seasonallyAdjusted,15,,光熱・水道（実質）,2018-07,7.9,false
seasonallyAdjusted,16,,家具・家事用品（実質）,2018-07,4.9,false
seasonallyAdjusted,17,,被服及び履物（実質）,2018-07,4.1,false
seasonallyAdjusted,18,,保健医療（実質）,2018-07,4.5,false
seasonallyAdjusted,19,,交通・通信（実質）,2018-07,16,false
seasonallyAdjusted,20,,教育（実質）,2018-07,3.5,false
seasonallyAdjusted,21,,教養娯楽（実質）,2018-07,10.9,false
seasonallyAdjusted,22,,その他の消費支出（実質）,2018-07,,true
seasonallyAdjusted,1,,消費支出（名目）,2018-08,95.1,false
seasonallyAdjusted,2,,食料（名目）,2018-08,24.7,false
seasonallyAdjusted,3,,住居（名目）,2018-08,6,false
seasonallyAdjusted,4,,光熱・水道（名目）,2018-08,6.9,false
seasonallyAdjusted,5,,家具・家事用品（名目）,2018-08,3.6,false
seasonallyAdjusted,6,,被服及び履物（名目）,2018-08,3.6,false
seasonallyAdjusted,7,,保健医療（名目）,2018-08,4.4,false
seasonallyAdjusted,8,,交通・通信（名目）,2018-08,16.7,false
seasonallyAdjusted,9,,教育（名目）,2018-08,4.1,false
seasonallyAdjusted,10,,教養娯楽（名目）,2018-08,9.4,false
seasonallyAdjusted,11,,その他の消費支出（名目）,2018-08,,true
seasonallyAdjusted,12,,消費支出（実質）,2018-08,108.7,false
seasonallyAdjusted,13,,食料（実質）,2018-08,31.4,false
seasonallyAdjusted,14,,住居（実質）,2018-08,6.9,false
seasonallyAdjusted,15,,光熱・水道（実質）,2018-08,7.9,false
seasonallyAdjusted,16,,家具・家事用品（実質）,2018-08,4.6,false
seasonallyAdjusted,17,,被服及び履物（実質）,2018-08,4,false
seasonallyAdjusted,18,,保健医療（実質）,2018-08,4.6,false
seasonallyAdjusted,19,,交通・通信（実質）,2018-08,16.7,false
seasonallyAdjusted,20,,教育（実質）,2018-08,3.6,false
seasonallyAdjusted,21,,教養娯楽（実質）,2018-08,10.9,false
seasonallyAdjusted,22,,その他の消費支出（実質）,2018-08,,true
seasonallyAdjusted,1,,消費支出（名目）,2018-09,93.8,false
seasonallyAdjusted,2,,食料（名目）,2018-09,24.5,false
seasonallyAdjusted,3,,住居（名目）,2018-09,5.8,false
seasonallyAdjusted,4,,光熱・水道（名目）,2018-09,6.9,false
seasonallyAdjusted,5,,家具・家事用品（名目）,2018-09,3.7,false
seasonallyAdjusted,6,,被服及び履物（名目）,2018-09,3.7,false
seasonallyAdjusted,7,,保健医療（名目）,2018-09,4.3,false
seasonallyAdjusted,8,,交通・通信（名目）,2018-09,15.5,false
seasonallyAdjusted,9,,教育（名目）,2018-09,4.3,false
seasonallyAdjusted,10,,教養娯楽（名目）,2018-09,9.7,false
seasonallyAdjusted,11,,その他の消費支出（名目）,2018-09,,true
seasonallyAdjusted,12,,消費支出（実質）,2018-09,106.9,false
seasonallyAdjusted,13,,食料（実質）,2018-09,31.1,false
seasonallyAdjusted,14,,住居（実質）,2018-09,6.8,false
seasonallyAdjusted,15,,光熱・水道（実質）,2018-09,8,false
seasonallyAdjusted,16,,家具・家事用品（実質）,2018-09,4.7,false
seasonallyAdjusted,17,,被服及び履物（実質）,2018-09,4.1,false
seasonallyAdjusted,18,,保健医療（実質）,2018-09,4.5,false
seasonallyAdjusted,19,,交通・通信（実質）,2018-09,15.4,false
seasonallyAdjusted,20,,教育（実質）,2018-09,3.8,false
seasonallyAdjusted,21,,教養娯楽（実質）,2018-09,11.2,false
seasonallyAdjusted,22,,その他の消費支出（実質）,2018-09,,true
seasonallyAdjusted,1,,消費支出（名目）,2018-10,95.8,false
seasonallyAdjusted,2,,食料（名目）,2018-10,24.9,false
seasonallyAdjusted,3,,住居（名目）,2018-10,6.3,false
seasonallyAdjusted,4,,光熱・水道（名目）,2018-10,6.9,false
seasonallyAdjusted,5,,家具・家事用品（名目）,2018-10,3.8,false
seasonallyAdjusted,6,,被服及び履物（名目）,2018-10,3.5,false
seasonallyAdjusted,7,,保健医療（名目）,2018-10,4.3,false
seasonallyAdjusted,8,,交通・通信（名目）,2018-10,16.3,false
seasonallyAdjusted,9,,教育（名目）,2018-10,4.2,false
seasonallyAdjusted,10,,教養娯楽（名目）,2018-10,9.5,false
seasonallyAdjusted,11,,その他の消費支出（名目）,2018-10,,true
seasonallyAdjusted,12,,消費支出（実質）,2018-10,109.4,false
seasonallyAdjusted,13,,食料（実質）,2018-10,32,false
seasonallyAdjusted,14,,住居（実質）,2018-10,7.3,false
seasonallyAdjusted,15,,光熱・水道（実質）,2018-10,7.9,false
seasonallyAdjusted,16,,家具・家事用品（実質）,2018-10,4.9,false
seasonallyAdjusted,17,,被服及び履物（実質）,2018-10,3.9,false
seasonallyAdjusted,18,,保健医療（実質）,2018-10,4.5,false
seasonallyAdjusted,19,,交通・通信（実質）,2018-10,16.2,false
seasonallyAdjusted,20,,教育（実質）,2018-10,3.6,false
seasonallyAdjusted,21,,教養娯楽（実質）,2018-10,11.1,false
seasonallyAdjusted,22,,その他の消費支出（実質）,2018-10,,true
seasonallyAdjusted,1,,消費支出（名目）,2018-11,95.4,false
seasonallyAdjusted,2,,食料（名目）,2018-11,24.5,false
seasonallyAdjusted,3,,住居（名目）,2018-11,6.2,false
seasonallyAdjusted,4,,光熱・水道（名目）,2018-11,6.6,false
seasonallyAdjusted,5,,家具・家事用品（名目）,2018-11,3.9,false
seasonallyAdjusted,6,,被服及び履物（名目）,2018-11,3.8,false
seasonallyAdjusted,7,,保健医療（名目）,2018-11,4.3,false
seasonallyAdjusted,8,,交通・通信（名目）,2018-11,16.7,false
seasonallyAdjusted,9,,教育（名目）,2018-11,4,false
seasonallyAdjusted,10,,教養娯楽（名目）,2018-11,9.3,false
seasonallyAdjusted,11,,その他の消費支出（名目）,2018-11,,true
seasonallyAdjusted,12,,消費支出（実質）,2018-11,109.1,false
seasonallyAdjusted,13,,食料（実質）,2018-11,31.5,false
seasonallyAdjusted,14,,住居（実質）,2018-11,7.3,false
seasonallyAdjusted,15,,光熱・水道（実質）,2018-11,7.6,false
seasonallyAdjusted,16,,家具・家事用品（実質）,2018-11,5,false
seasonallyAdjusted,17,,被服及び履物（実質）,2018-11,4.2,false
seasonallyAdjusted,18,,保健医療（実質）,2018-11,4.5,false
seasonallyAdjusted,19,,交通・通信（実質）,2018-11,16.3,false
seasonallyAdjusted,20,,教育（実質）,2018-11,3.5,false
seasonallyAdjusted,21,,教養娯楽（実質）,2018-11,10.9,false
seasonallyAdjusted,22,,その他の消費支出（実質）,2018-11,,true
seasonallyAdjusted,1,,消費支出（名目）,2018-12,95.5,false
seasonallyAdjusted,2,,食料（名目）,2018-12,24.4,false
seasonallyAdjusted,3,,住居（名目）,2018-12,6.2,false
seasonallyAdjusted,4,,光熱・水道（名目）,2018-12,6.7,false
seasonallyAdjusted,5,,家具・家事用品（名目）,2018-12,3.9,false
seasonallyAdjusted,6,,被服及び履物（名目）,2018-12,3.8,false
seasonallyAdjusted,7,,保健医療（名目）,2018-12,4.3,false
seasonallyAdjusted,8,,交通・通信（名目）,2018-12,17,false
seasonallyAdjusted,9,,教育（名目）,2018-12,4.1,false
seasonallyAdjusted,10,,教養娯楽（名目）,2018-12,9.8,false
seasonallyAdjusted,11,,その他の消費支出（名目）,2018-12,,true
seasonallyAdjusted,12,,消費支出（実質）,2018-12,109.3,false
seasonallyAdjusted,13,,食料（実質）,2018-12,31.4,false
seasonallyAdjusted,14,,住居（実質）,2018-12,7.2,false
seasonallyAdjusted,15,,光熱・水道（実質）,2018-12,7.7,false
seasonallyAdjusted,16,,家具・家事用品（実質）,2018-12,4.9,false
seasonallyAdjusted,17,,被服及び履物（実質）,2018-12,4.3,false
seasonallyAdjusted,18,,保健医療（実質）,2018-12,4.5,false
seasonallyAdjusted,19,,交通・通信（実質）,2018-12,16.6,false
seasonallyAdjusted,20,,教育（実質）,2018-12,3.6,false
seasonallyAdjusted,21,,教養娯楽（実質）,2018-12,11.4,false
seasonallyAdjusted,22,,その他の消費支出（実質）,2018-12,,true
seasonallyAdjusted,1,,消費支出（名目）,2019-01,95.7,false
seasonallyAdjusted,2,,食料（名目）,2019-01,24.7,false
seasonallyAdjusted,3,,住居（名目）,2019-01,6.2,false
seasonallyAdjusted,4,,光熱・水道（名目）,2019-01,6.8,false
seasonallyAdjusted,5,,家具・家事用品（名目）,2019-01,3.9,false
seasonallyAdjusted,6,,被服及び履物（名目）,2019-01,3.7,false
seasonallyAdjusted,7,,保健医療（名目）,2019-01,4.3,false
seasonallyAdjusted,8,,交通・通信（名目）,2019-01,16.4,false
seasonallyAdjusted,9,,教育（名目）,2019-01,4.3,false
seasonallyAdjusted,10,,教養娯楽（名目）,2019-01,9.9,false
seasonallyAdjusted,11,,その他の消費支出（名目）,2019-01,,true
seasonallyAdjusted,12,,消費支出（実質）,2019-01,109.4,false
seasonallyAdjusted,13,,食料（実質）,2019-01,31.7,false
seasonallyAdjusted,14,,住居（実質）,2019-01,7.2,false
seasonallyAdjusted,15,,光熱・水道（実質）,2019-01,7.8,false
seasonallyAdjusted,16,,家具・家事用品（実質）,2019-01,5,false
seasonallyAdjusted,17,,被服及び履物（実質）,2019-01,4.2,false
seasonallyAdjusted,18,,保健医療（実質）,2019-01,4.5,false
seasonallyAdjusted,19,,交通・通信（実質）,2019-01,16.1,false
seasonallyAdjusted,20,,教育（実質）,2019-01,3.8,false
seasonallyAdjusted,21,,教養娯楽（実質）,2019-01,11.4,false
seasonallyAdjusted,22,,その他の消費支出（実質）,2019-01,,true
seasonallyAdjusted,1,,消費支出（名目）,2019-02,95.9,false
seasonallyAdjusted,2,,食料（名目）,2019-02,24.6,false
seasonallyAdjusted,3,,住居（名目）,2019-02,6.1,false
seasonallyAdjusted,4,,光熱・水道（名目）,2019-02,6.9,false
seasonallyAdjusted,5,,家具・家事用品（名目）,2019-02,3.8,false
seasonallyAdjusted,6,,被服及び履物（名目）,2019-02,3.8,false
seasonallyAdjusted,7,,保健医療（名目）,2019-02,4.3,false
seasonallyAdjusted,8,,交通・通信（名目）,2019-02,16.8,false
seasonallyAdjusted,9,,教育（名目）,2019-02,4,false
seasonallyAdjusted,10,,教養娯楽（名目）,2019-02,10,false
seasonallyAdjusted,11,,その他の消費支出（名目）,2019-02,,true
seasonallyAdjusted,12,,消費支出（実質）,2019-02,109.5,false
seasonallyAdjusted,13,,食料（実質）,2019-02,31.6,false
seasonallyAdjusted,14,,住居（実質）,2019-02,7.1,false
seasonallyAdjusted,15,,光熱・水道（実質）,2019-02,7.8,false
seasonallyAdjusted,16,,家具・家事用品（実質）,2019-02,4.8,false
seasonallyAdjusted,17,,被服及び履物（実質）,2019-02,4.3,false
seasonallyAdjusted,18,,保健医療（実質）,2019-02,4.5,false
seasonallyAdjusted,19,,交通・通信（実質）,2019-02,16.9,false
seasonallyAdjusted,20,,教育（実質）,2019-02,3.5,false
seasonallyAdjusted,21,,教養娯楽（実質）,2019-02,11.5,false
seasonallyAdjusted,22,,その他の消費支出（実質）,2019-02,,true
seasonallyAdjusted,1,,消費支出（名目）,2019-03,95.6,false
seasonallyAdjusted,2,,食料（名目）,2019-03,24.5,false
seasonallyAdjusted,3,,住居（名目）,2019-03,6,false
seasonallyAdjusted,4,,光熱・水道（名目）,2019-03,6.8,false
seasonallyAdjusted,5,,家具・家事用品（名目）,2019-03,3.8,false
seasonallyAdjusted,6,,被服及び履物（名目）,2019-03,3.7,false
seasonallyAdjusted,7,,保健医療（名目）,2019-03,4.3,false
seasonallyAdjusted,8,,交通・通信（名目）,2019-03,16.8,false
seasonallyAdjusted,9,,教育（名目）,2019-03,4.2,false
seasonallyAdjusted,10,,教養娯楽（名目）,2019-03,9.6,false
seasonallyAdjusted,11,,その他の消費支出（名目）,2019-03,,true
seasonallyAdjusted,12,,消費支出（実質）,2019-03,109.3,false
seasonallyAdjusted,13,,食料（実質）,2019-03,31.4,false
seasonallyAdjusted,14,,住居（実質）,2019-03,7,false
seasonallyAdjusted,15,,光熱・水道（実質）,2019-03,7.6,false
seasonallyAdjusted,16,,家具・家事用品（実質）,2019-03,4.8,false
seasonallyAdjusted,17,,被服及び履物（実質）,2019-03,4.2,false
seasonallyAdjusted,18,,保健医療（実質）,2019-03,4.5,false
seasonallyAdjusted,19,,交通・通信（実質）,2019-03,16.9,false
seasonallyAdjusted,20,,教育（実質）,2019-03,3.7,false
seasonallyAdjusted,21,,教養娯楽（実質）,2019-03,11.1,false
seasonallyAdjusted,22,,その他の消費支出（実質）,2019-03,,true
seasonallyAdjusted,1,,消費支出（名目）,2019-04,95.2,false
seasonallyAdjusted,2,,食料（名目）,2019-04,24.9,false
seasonallyAdjusted,3,,住居（名目）,2019-04,5.9,false
seasonallyAdjusted,4,,光熱・水道（名目）,2019-04,6.6,false
seasonallyAdjusted,5,,家具・家事用品（名目）,2019-04,3.9,false
seasonallyAdjusted,6,,被服及び履物（名目）,2019-04,3.6,false
seasonallyAdjusted,7,,保健医療（名目）,2019-04,4.4,false
seasonallyAdjusted,8,,交通・通信（名目）,2019-04,16.5,false
seasonallyAdjusted,9,,教育（名目）,2019-04,4.1,false
seasonallyAdjusted,10,,教養娯楽（名目）,2019-04,9.8,false
seasonallyAdjusted,11,,その他の消費支出（名目）,2019-04,,true
seasonallyAdjusted,12,,消費支出（実質）,2019-04,108.4,false
seasonallyAdjusted,13,,食料（実質）,2019-04,31.9,false
seasonallyAdjusted,14,,住居（実質）,2019-04,6.8,false
seasonallyAdjusted,15,,光熱・水道（実質）,2019-04,7.5,false
seasonallyAdjusted,16,,家具・家事用品（実質）,2019-04,4.8,false
seasonallyAdjusted,17,,被服及び履物（実質）,2019-04,4.1,false
seasonallyAdjusted,18,,保健医療（実質）,2019-04,4.6,false
seasonallyAdjusted,19,,交通・通信（実質）,2019-04,16.7,false
seasonallyAdjusted,20,,教育（実質）,2019-04,3.6,false
seasonallyAdjusted,21,,教養娯楽（実質）,2019-04,11.3,false
seasonallyAdjusted,22,,その他の消費支出（実質）,2019-04,,true
seasonallyAdjusted,1,,消費支出（名目）,2019-05,98.4,false
seasonallyAdjusted,2,,食料（名目）,2019-05,24.6,false
seasonallyAdjusted,3,,住居（名目）,2019-05,6.3,false
seasonallyAdjusted,4,,光熱・水道（名目）,2019-05,7.4,false
seasonallyAdjusted,5,,家具・家事用品（名目）,2019-05,4,false
seasonallyAdjusted,6,,被服及び履物（名目）,2019-05,3.7,false
seasonallyAdjusted,7,,保健医療（名目）,2019-05,4.5,false
seasonallyAdjusted,8,,交通・通信（名目）,2019-05,16.8,false
seasonallyAdjusted,9,,教育（名目）,2019-05,4.4,false
seasonallyAdjusted,10,,教養娯楽（名目）,2019-05,10.1,false
seasonallyAdjusted,11,,その他の消費支出（名目）,2019-05,,true
seasonallyAdjusted,12,,消費支出（実質）,2019-05,112.4,false
seasonallyAdjusted,13,,食料（実質）,2019-05,31.6,false
seasonallyAdjusted,14,,住居（実質）,2019-05,7.3,false
seasonallyAdjusted,15,,光熱・水道（実質）,2019-05,8.4,false
seasonallyAdjusted,16,,家具・家事用品（実質）,2019-05,4.9,false
seasonallyAdjusted,17,,被服及び履物（実質）,2019-05,4.1,false
seasonallyAdjusted,18,,保健医療（実質）,2019-05,4.7,false
seasonallyAdjusted,19,,交通・通信（実質）,2019-05,16.8,false
seasonallyAdjusted,20,,教育（実質）,2019-05,3.9,false
seasonallyAdjusted,21,,教養娯楽（実質）,2019-05,11.8,false
seasonallyAdjusted,22,,その他の消費支出（実質）,2019-05,,true
seasonallyAdjusted,1,,消費支出（名目）,2019-06,96.3,false
seasonallyAdjusted,2,,食料（名目）,2019-06,24.7,false
seasonallyAdjusted,3,,住居（名目）,2019-06,6.1,false
seasonallyAdjusted,4,,光熱・水道（名目）,2019-06,6.8,false
seasonallyAdjusted,5,,家具・家事用品（名目）,2019-06,3.9,false
seasonallyAdjusted,6,,被服及び履物（名目）,2019-06,3.7,false
seasonallyAdjusted,7,,保健医療（名目）,2019-06,4.7,false
seasonallyAdjusted,8,,交通・通信（名目）,2019-06,16.7,false
seasonallyAdjusted,9,,教育（名目）,2019-06,4.4,false
seasonallyAdjusted,10,,教養娯楽（名目）,2019-06,9.8,false
seasonallyAdjusted,11,,その他の消費支出（名目）,2019-06,,true
seasonallyAdjusted,12,,消費支出（実質）,2019-06,110,false
seasonallyAdjusted,13,,食料（実質）,2019-06,31.5,false
seasonallyAdjusted,14,,住居（実質）,2019-06,7,false
seasonallyAdjusted,15,,光熱・水道（実質）,2019-06,7.8,false
seasonallyAdjusted,16,,家具・家事用品（実質）,2019-06,4.9,false
seasonallyAdjusted,17,,被服及び履物（実質）,2019-06,4.1,false
seasonallyAdjusted,18,,保健医療（実質）,2019-06,4.9,false
seasonallyAdjusted,19,,交通・通信（実質）,2019-06,16.6,false
seasonallyAdjusted,20,,教育（実質）,2019-06,3.8,false
seasonallyAdjusted,21,,教養娯楽（実質）,2019-06,11.3,false
seasonallyAdjusted,22,,その他の消費支出（実質）,2019-06,,true
seasonallyAdjusted,1,,消費支出（名目）,2019-07,95.3,false
seasonallyAdjusted,2,,食料（名目）,2019-07,24.7,false
seasonallyAdjusted,3,,住居（名目）,2019-07,5.9,false
seasonallyAdjusted,4,,光熱・水道（名目）,2019-07,6.7,false
seasonallyAdjusted,5,,家具・家事用品（名目）,2019-07,3.6,false
seasonallyAdjusted,6,,被服及び履物（名目）,2019-07,3.5,false
seasonallyAdjusted,7,,保健医療（名目）,2019-07,4.6,false
seasonallyAdjusted,8,,交通・通信（名目）,2019-07,16.9,false
seasonallyAdjusted,9,,教育（名目）,2019-07,4.2,false
seasonallyAdjusted,10,,教養娯楽（名目）,2019-07,9.6,false
seasonallyAdjusted,11,,その他の消費支出（名目）,2019-07,,true
seasonallyAdjusted,12,,消費支出（実質）,2019-07,108.7,false
seasonallyAdjusted,13,,食料（実質）,2019-07,31.5,false
seasonallyAdjusted,14,,住居（実質）,2019-07,6.9,false
seasonallyAdjusted,15,,光熱・水道（実質）,2019-07,7.7,false
seasonallyAdjusted,16,,家具・家事用品（実質）,2019-07,4.6,false
seasonallyAdjusted,17,,被服及び履物（実質）,2019-07,4,false
seasonallyAdjusted,18,,保健医療（実質）,2019-07,4.8,false
seasonallyAdjusted,19,,交通・通信（実質）,2019-07,16.8,false
seasonallyAdjusted,20,,教育（実質）,2019-07,3.7,false
seasonallyAdjusted,21,,教養娯楽（実質）,2019-07,11.2,false
seasonallyAdjusted,22,,その他の消費支出（実質）,2019-07,,true
seasonallyAdjusted,1,,消費支出（名目）,2019-08,96.6,false
seasonallyAdjusted,2,,食料（名目）,2019-08,24.8,false
seasonallyAdjusted,3,,住居（名目）,2019-08,5.9,false
seasonallyAdjusted,4,,光熱・水道（名目）,2019-08,6.4,false
seasonallyAdjusted,5,,家具・家事用品（名目）,2019-08,4.2,false
seasonallyAdjusted,6,,被服及び履物（名目）,2019-08,3.8,false
seasonallyAdjusted,7,,保健医療（名目）,2019-08,4.5,false
seasonallyAdjusted,8,,交通・通信（名目）,2019-08,16.9,false
seasonallyAdjusted,9,,教育（名目）,2019-08,4.1,false
seasonallyAdjusted,10,,教養娯楽（名目）,2019-08,9.8,false
seasonallyAdjusted,11,,その他の消費支出（名目）,2019-08,,true
seasonallyAdjusted,12,,消費支出（実質）,2019-08,110.1,false
seasonallyAdjusted,13,,食料（実質）,2019-08,31.6,false
seasonallyAdjusted,14,,住居（実質）,2019-08,6.8,false
seasonallyAdjusted,15,,光熱・水道（実質）,2019-08,7.3,false
seasonallyAdjusted,16,,家具・家事用品（実質）,2019-08,5.2,false
seasonallyAdjusted,17,,被服及び履物（実質）,2019-08,4.2,false
seasonallyAdjusted,18,,保健医療（実質）,2019-08,4.7,false
seasonallyAdjusted,19,,交通・通信（実質）,2019-08,17.3,false
seasonallyAdjusted,20,,教育（実質）,2019-08,3.6,false
seasonallyAdjusted,21,,教養娯楽（実質）,2019-08,11.2,false
seasonallyAdjusted,22,,その他の消費支出（実質）,2019-08,,true
seasonallyAdjusted,1,,消費支出（名目）,2019-09,103.2,false
seasonallyAdjusted,2,,食料（名目）,2019-09,25.4,false
seasonallyAdjusted,3,,住居（名目）,2019-09,6.6,false
seasonallyAdjusted,4,,光熱・水道（名目）,2019-09,6.7,false
seasonallyAdjusted,5,,家具・家事用品（名目）,2019-09,5.9,false
seasonallyAdjusted,6,,被服及び履物（名目）,2019-09,4.3,false
seasonallyAdjusted,7,,保健医療（名目）,2019-09,5.2,false
seasonallyAdjusted,8,,交通・通信（名目）,2019-09,17.5,false
seasonallyAdjusted,9,,教育（名目）,2019-09,4.1,false
seasonallyAdjusted,10,,教養娯楽（名目）,2019-09,10.8,false
seasonallyAdjusted,11,,その他の消費支出（名目）,2019-09,,true
seasonallyAdjusted,12,,消費支出（実質）,2019-09,117.1,false
seasonallyAdjusted,13,,食料（実質）,2019-09,32.3,false
seasonallyAdjusted,14,,住居（実質）,2019-09,7.6,false
seasonallyAdjusted,15,,光熱・水道（実質）,2019-09,7.7,false
seasonallyAdjusted,16,,家具・家事用品（実質）,2019-09,7.3,false
seasonallyAdjusted,17,,被服及び履物（実質）,2019-09,4.8,false
seasonallyAdjusted,18,,保健医療（実質）,2019-09,5.5,false
seasonallyAdjusted,19,,交通・通信（実質）,2019-09,17.8,false
seasonallyAdjusted,20,,教育（実質）,2019-09,3.6,false
seasonallyAdjusted,21,,教養娯楽（実質）,2019-09,12.4,false
seasonallyAdjusted,22,,その他の消費支出（実質）,2019-09,,true
seasonallyAdjusted,1,,消費支出（名目）,2019-10,89.9,false
seasonallyAdjusted,2,,食料（名目）,2019-10,23.9,false
seasonallyAdjusted,3,,住居（名目）,2019-10,5.2,false
seasonallyAdjusted,4,,光熱・水道（名目）,2019-10,6.5,false
seasonallyAdjusted,5,,家具・家事用品（名目）,2019-10,3.3,false
seasonallyAdjusted,6,,被服及び履物（名目）,2019-10,3.1,false
seasonallyAdjusted,7,,保健医療（名目）,2019-10,4.2,false
seasonallyAdjusted,8,,交通・通信（名目）,2019-10,14.4,false
seasonallyAdjusted,9,,教育（名目）,2019-10,3.7,false
seasonallyAdjusted,10,,教養娯楽（名目）,2019-10,9.1,false
seasonallyAdjusted,11,,その他の消費支出（名目）,2019-10,,true
seasonallyAdjusted,12,,消費支出（実質）,2019-10,102.2,false
seasonallyAdjusted,13,,食料（実質）,2019-10,30.5,false
seasonallyAdjusted,14,,住居（実質）,2019-10,5.9,false
seasonallyAdjusted,15,,光熱・水道（実質）,2019-10,7.6,false
seasonallyAdjusted,16,,家具・家事用品（実質）,2019-10,4,false
seasonallyAdjusted,17,,被服及び履物（実質）,2019-10,3.5,false
seasonallyAdjusted,18,,保健医療（実質）,2019-10,4.4,false
seasonallyAdjusted,19,,交通・通信（実質）,2019-10,14.4,false
seasonallyAdjusted,20,,教育（実質）,2019-10,3.5,false
seasonallyAdjusted,21,,教養娯楽（実質）,2019-10,10.3,false
seasonallyAdjusted,22,,その他の消費支出（実質）,2019-10,,true
seasonallyAdjusted,1,,消費支出（名目）,2019-11,91.5,false
seasonallyAdjusted,2,,食料（名目）,2019-11,24.7,false
seasonallyAdjusted,3,,住居（名目）,2019-11,5.7,false
seasonallyAdjusted,4,,光熱・水道（名目）,2019-11,6.6,false
seasonallyAdjusted,5,,家具・家事用品（名目）,2019-11,3.6,false
seasonallyAdjusted,6,,被服及び履物（名目）,2019-11,3.5,false
seasonallyAdjusted,7,,保健医療（名目）,2019-11,4.5,false
seasonallyAdjusted,8,,交通・通信（名目）,2019-11,15,false
seasonallyAdjusted,9,,教育（名目）,2019-11,3.6,false
seasonallyAdjusted,10,,教養娯楽（名目）,2019-11,9.6,false
seasonallyAdjusted,11,,その他の消費支出（名目）,2019-11,,true
seasonallyAdjusted,12,,消費支出（実質）,2019-11,104.2,false
seasonallyAdjusted,13,,食料（実質）,2019-11,31.2,false
seasonallyAdjusted,14,,住居（実質）,2019-11,6.4,false
seasonallyAdjusted,15,,光熱・水道（実質）,2019-11,7.5,false
seasonallyAdjusted,16,,家具・家事用品（実質）,2019-11,4.5,false
seasonallyAdjusted,17,,被服及び履物（実質）,2019-11,3.9,false
seasonallyAdjusted,18,,保健医療（実質）,2019-11,4.7,false
seasonallyAdjusted,19,,交通・通信（実質）,2019-11,14.7,false
seasonallyAdjusted,20,,教育（実質）,2019-11,3.4,false
seasonallyAdjusted,21,,教養娯楽（実質）,2019-11,10.9,false
seasonallyAdjusted,22,,その他の消費支出（実質）,2019-11,,true
seasonallyAdjusted,1,,消費支出（名目）,2019-12,92.6,false
seasonallyAdjusted,2,,食料（名目）,2019-12,24.8,false
seasonallyAdjusted,3,,住居（名目）,2019-12,5.8,false
seasonallyAdjusted,4,,光熱・水道（名目）,2019-12,6.6,false
seasonallyAdjusted,5,,家具・家事用品（名目）,2019-12,3.6,false
seasonallyAdjusted,6,,被服及び履物（名目）,2019-12,3.5,false
seasonallyAdjusted,7,,保健医療（名目）,2019-12,4.6,false
seasonallyAdjusted,8,,交通・通信（名目）,2019-12,15.8,false
seasonallyAdjusted,9,,教育（名目）,2019-12,3.6,false
seasonallyAdjusted,10,,教養娯楽（名目）,2019-12,9.7,false
seasonallyAdjusted,11,,その他の消費支出（名目）,2019-12,,true
seasonallyAdjusted,12,,消費支出（実質）,2019-12,105,false
seasonallyAdjusted,13,,食料（実質）,2019-12,31.4,false
seasonallyAdjusted,14,,住居（実質）,2019-12,6.6,false
seasonallyAdjusted,15,,光熱・水道（実質）,2019-12,7.5,false
seasonallyAdjusted,16,,家具・家事用品（実質）,2019-12,4.5,false
seasonallyAdjusted,17,,被服及び履物（実質）,2019-12,3.8,false
seasonallyAdjusted,18,,保健医療（実質）,2019-12,4.8,false
seasonallyAdjusted,19,,交通・通信（実質）,2019-12,15.3,false
seasonallyAdjusted,20,,教育（実質）,2019-12,3.4,false
seasonallyAdjusted,21,,教養娯楽（実質）,2019-12,11,false
seasonallyAdjusted,22,,その他の消費支出（実質）,2019-12,,true
seasonallyAdjusted,1,,消費支出（名目）,2020-01,92.3,false
seasonallyAdjusted,2,,食料（名目）,2020-01,24.7,false
seasonallyAdjusted,3,,住居（名目）,2020-01,6.1,false
seasonallyAdjusted,4,,光熱・水道（名目）,2020-01,6.4,false
seasonallyAdjusted,5,,家具・家事用品（名目）,2020-01,3.6,false
seasonallyAdjusted,6,,被服及び履物（名目）,2020-01,3.6,false
seasonallyAdjusted,7,,保健医療（名目）,2020-01,4.5,false
seasonallyAdjusted,8,,交通・通信（名目）,2020-01,15.4,false
seasonallyAdjusted,9,,教育（名目）,2020-01,3.6,false
seasonallyAdjusted,10,,教養娯楽（名目）,2020-01,9.6,false
seasonallyAdjusted,11,,その他の消費支出（名目）,2020-01,15.2,false
seasonallyAdjusted,12,,消費支出（実質）,2020-01,104.6,false
seasonallyAdjusted,13,,食料（実質）,2020-01,31.2,false
seasonallyAdjusted,14,,住居（実質）,2020-01,6.9,false
seasonallyAdjusted,15,,光熱・水道（実質）,2020-01,7.3,false
seasonallyAdjusted,16,,家具・家事用品（実質）,2020-01,4.4,false
seasonallyAdjusted,17,,被服及び履物（実質）,2020-01,4,false
seasonallyAdjusted,18,,保健医療（実質）,2020-01,4.7,false
seasonallyAdjusted,19,,交通・通信（実質）,2020-01,14.9,false
seasonallyAdjusted,20,,教育（実質）,2020-01,3.4,false
seasonallyAdjusted,21,,教養娯楽（実質）,2020-01,10.9,false
seasonallyAdjusted,22,,その他の消費支出（実質）,2020-01,17.2,false
seasonallyAdjusted,1,,消費支出（名目）,2020-02,93.4,false
seasonallyAdjusted,2,,食料（名目）,2020-02,24.7,false
seasonallyAdjusted,3,,住居（名目）,2020-02,6.7,false
seasonallyAdjusted,4,,光熱・水道（名目）,2020-02,6.5,false
seasonallyAdjusted,5,,家具・家事用品（名目）,2020-02,4.4,false
seasonallyAdjusted,6,,被服及び履物（名目）,2020-02,3.5,false
seasonallyAdjusted,7,,保健医療（名目）,2020-02,4.4,false
seasonallyAdjusted,8,,交通・通信（名目）,2020-02,16.9,false
seasonallyAdjusted,9,,教育（名目）,2020-02,3.6,false
seasonallyAdjusted,10,,教養娯楽（名目）,2020-02,9.2,false
seasonallyAdjusted,11,,その他の消費支出（名目）,2020-02,15.7,false
seasonallyAdjusted,12,,消費支出（実質）,2020-02,105.7,false
seasonallyAdjusted,13,,食料（実質）,2020-02,31.3,false
seasonallyAdjusted,14,,住居（実質）,2020-02,7.6,false
seasonallyAdjusted,15,,光熱・水道（実質）,2020-02,7.4,false
seasonallyAdjusted,16,,家具・家事用品（実質）,2020-02,5.4,false
seasonallyAdjusted,17,,被服及び履物（実質）,2020-02,3.9,false
seasonallyAdjusted,18,,保健医療（実質）,2020-02,4.6,false
seasonallyAdjusted,19,,交通・通信（実質）,2020-02,16.8,false
seasonallyAdjusted,20,,教育（実質）,2020-02,3.4,false
seasonallyAdjusted,21,,教養娯楽（実質）,2020-02,10.5,false
seasonallyAdjusted,22,,その他の消費支出（実質）,2020-02,17.7,false
seasonallyAdjusted,1,,消費支出（名目）,2020-03,87.9,false
seasonallyAdjusted,2,,食料（名目）,2020-03,24.5,false
seasonallyAdjusted,3,,住居（名目）,2020-03,6.2,false
seasonallyAdjusted,4,,光熱・水道（名目）,2020-03,6.6,false
seasonallyAdjusted,5,,家具・家事用品（名目）,2020-03,3.8,false
seasonallyAdjusted,6,,被服及び履物（名目）,2020-03,2.8,false
seasonallyAdjusted,7,,保健医療（名目）,2020-03,4.3,false
seasonallyAdjusted,8,,交通・通信（名目）,2020-03,14.9,false
seasonallyAdjusted,9,,教育（名目）,2020-03,3.7,false
seasonallyAdjusted,10,,教養娯楽（名目）,2020-03,7.4,false
seasonallyAdjusted,11,,その他の消費支出（名目）,2020-03,13.8,false
seasonallyAdjusted,12,,消費支出（実質）,2020-03,99.9,false
seasonallyAdjusted,13,,食料（実質）,2020-03,30.9,false
seasonallyAdjusted,14,,住居（実質）,2020-03,7,false
seasonallyAdjusted,15,,光熱・水道（実質）,2020-03,7.5,false
seasonallyAdjusted,16,,家具・家事用品（実質）,2020-03,4.7,false
seasonallyAdjusted,17,,被服及び履物（実質）,2020-03,3.1,false
seasonallyAdjusted,18,,保健医療（実質）,2020-03,4.5,false
seasonallyAdjusted,19,,交通・通信（実質）,2020-03,15,false
seasonallyAdjusted,20,,教育（実質）,2020-03,3.5,false
seasonallyAdjusted,21,,教養娯楽（実質）,2020-03,8.4,false
seasonallyAdjusted,22,,その他の消費支出（実質）,2020-03,15.7,false
seasonallyAdjusted,1,,消費支出（名目）,2020-04,83,false
seasonallyAdjusted,2,,食料（名目）,2020-04,23.8,false
seasonallyAdjusted,3,,住居（名目）,2020-04,6.1,false
seasonallyAdjusted,4,,光熱・水道（名目）,2020-04,6.9,false
seasonallyAdjusted,5,,家具・家事用品（名目）,2020-04,3.7,false
seasonallyAdjusted,6,,被服及び履物（名目）,2020-04,1.6,false
seasonallyAdjusted,7,,保健医療（名目）,2020-04,4.3,false
seasonallyAdjusted,8,,交通・通信（名目）,2020-04,14.1,false
seasonallyAdjusted,9,,教育（名目）,2020-04,3.8,false
seasonallyAdjusted,10,,教養娯楽（名目）,2020-04,6.5,false
seasonallyAdjusted,11,,その他の消費支出（名目）,2020-04,12.3,false
seasonallyAdjusted,12,,消費支出（実質）,2020-04,94.3,false
seasonallyAdjusted,13,,食料（実質）,2020-04,29.8,false
seasonallyAdjusted,14,,住居（実質）,2020-04,6.9,false
seasonallyAdjusted,15,,光熱・水道（実質）,2020-04,8,false
seasonallyAdjusted,16,,家具・家事用品（実質）,2020-04,4.5,false
seasonallyAdjusted,17,,被服及び履物（実質）,2020-04,1.8,false
seasonallyAdjusted,18,,保健医療（実質）,2020-04,4.4,false
seasonallyAdjusted,19,,交通・通信（実質）,2020-04,14.5,false
seasonallyAdjusted,20,,教育（実質）,2020-04,3.8,false
seasonallyAdjusted,21,,教養娯楽（実質）,2020-04,7.4,false
seasonallyAdjusted,22,,その他の消費支出（実質）,2020-04,13.9,false
seasonallyAdjusted,1,,消費支出（名目）,2020-05,82.7,false
seasonallyAdjusted,2,,食料（名目）,2020-05,23.6,false
seasonallyAdjusted,3,,住居（名目）,2020-05,5.2,false
seasonallyAdjusted,4,,光熱・水道（名目）,2020-05,6.9,false
seasonallyAdjusted,5,,家具・家事用品（名目）,2020-05,4.3,false
seasonallyAdjusted,6,,被服及び履物（名目）,2020-05,2.3,false
seasonallyAdjusted,7,,保健医療（名目）,2020-05,4.1,false
seasonallyAdjusted,8,,交通・通信（名目）,2020-05,13.5,false
seasonallyAdjusted,9,,教育（名目）,2020-05,3.7,false
seasonallyAdjusted,10,,教養娯楽（名目）,2020-05,6.4,false
seasonallyAdjusted,11,,その他の消費支出（名目）,2020-05,12.4,false
seasonallyAdjusted,12,,消費支出（実質）,2020-05,94.6,false
seasonallyAdjusted,13,,食料（実質）,2020-05,29.5,false
seasonallyAdjusted,14,,住居（実質）,2020-05,5.9,false
seasonallyAdjusted,15,,光熱・水道（実質）,2020-05,8,false
seasonallyAdjusted,16,,家具・家事用品（実質）,2020-05,5.2,false
seasonallyAdjusted,17,,被服及び履物（実質）,2020-05,2.5,false
seasonallyAdjusted,18,,保健医療（実質）,2020-05,4.3,false
seasonallyAdjusted,19,,交通・通信（実質）,2020-05,13.7,false
seasonallyAdjusted,20,,教育（実質）,2020-05,3.7,false
seasonallyAdjusted,21,,教養娯楽（実質）,2020-05,7.3,false
seasonallyAdjusted,22,,その他の消費支出（実質）,2020-05,14.1,false
seasonallyAdjusted,1,,消費支出（名目）,2020-06,94,false
seasonallyAdjusted,2,,食料（名目）,2020-06,24.8,false
seasonallyAdjusted,3,,住居（名目）,2020-06,5.8,false
seasonallyAdjusted,4,,光熱・水道（名目）,2020-06,7,false
seasonallyAdjusted,5,,家具・家事用品（名目）,2020-06,5.3,false
seasonallyAdjusted,6,,被服及び履物（名目）,2020-06,3.7,false
seasonallyAdjusted,7,,保健医療（名目）,2020-06,4.5,false
seasonallyAdjusted,8,,交通・通信（名目）,2020-06,15.1,false
seasonallyAdjusted,9,,教育（名目）,2020-06,4.1,false
seasonallyAdjusted,10,,教養娯楽（名目）,2020-06,8.1,false
seasonallyAdjusted,11,,その他の消費支出（名目）,2020-06,15.4,false
seasonallyAdjusted,12,,消費支出（実質）,2020-06,107.3,false
seasonallyAdjusted,13,,食料（実質）,2020-06,31.1,false
seasonallyAdjusted,14,,住居（実質）,2020-06,6.6,false
seasonallyAdjusted,15,,光熱・水道（実質）,2020-06,8.1,false
seasonallyAdjusted,16,,家具・家事用品（実質）,2020-06,6.4,false
seasonallyAdjusted,17,,被服及び履物（実質）,2020-06,4.1,false
seasonallyAdjusted,18,,保健医療（実質）,2020-06,4.7,false
seasonallyAdjusted,19,,交通・通信（実質）,2020-06,15.1,false
seasonallyAdjusted,20,,教育（実質）,2020-06,4,false
seasonallyAdjusted,21,,教養娯楽（実質）,2020-06,9.2,false
seasonallyAdjusted,22,,その他の消費支出（実質）,2020-06,17.6,false
seasonallyAdjusted,1,,消費支出（名目）,2020-07,89.4,false
seasonallyAdjusted,2,,食料（名目）,2020-07,24.2,false
seasonallyAdjusted,3,,住居（名目）,2020-07,5.8,false
seasonallyAdjusted,4,,光熱・水道（名目）,2020-07,6.8,false
seasonallyAdjusted,5,,家具・家事用品（名目）,2020-07,4.3,false
seasonallyAdjusted,6,,被服及び履物（名目）,2020-07,3,false
seasonallyAdjusted,7,,保健医療（名目）,2020-07,4.8,false
seasonallyAdjusted,8,,交通・通信（名目）,2020-07,13.7,false
seasonallyAdjusted,9,,教育（名目）,2020-07,4.1,false
seasonallyAdjusted,10,,教養娯楽（名目）,2020-07,7.8,false
seasonallyAdjusted,11,,その他の消費支出（名目）,2020-07,14.6,false
seasonallyAdjusted,12,,消費支出（実質）,2020-07,101.5,false
seasonallyAdjusted,13,,食料（実質）,2020-07,30.3,false
seasonallyAdjusted,14,,住居（実質）,2020-07,6.6,false
seasonallyAdjusted,15,,光熱・水道（実質）,2020-07,8,false
seasonallyAdjusted,16,,家具・家事用品（実質）,2020-07,5.3,false
seasonallyAdjusted,17,,被服及び履物（実質）,2020-07,3.4,false
seasonallyAdjusted,18,,保健医療（実質）,2020-07,5,false
seasonallyAdjusted,19,,交通・通信（実質）,2020-07,13.6,false
seasonallyAdjusted,20,,教育（実質）,2020-07,4,false
seasonallyAdjusted,21,,教養娯楽（実質）,2020-07,9,false
seasonallyAdjusted,22,,その他の消費支出（実質）,2020-07,16.7,false
seasonallyAdjusted,1,,消費支出（名目）,2020-08,89.7,false
seasonallyAdjusted,2,,食料（名目）,2020-08,24.2,false
seasonallyAdjusted,3,,住居（名目）,2020-08,5.9,false
seasonallyAdjusted,4,,光熱・水道（名目）,2020-08,6.6,false
seasonallyAdjusted,5,,家具・家事用品（名目）,2020-08,4.6,false
seasonallyAdjusted,6,,被服及び履物（名目）,2020-08,3.1,false
seasonallyAdjusted,7,,保健医療（名目）,2020-08,4.8,false
seasonallyAdjusted,8,,交通・通信（名目）,2020-08,15.2,false
seasonallyAdjusted,9,,教育（名目）,2020-08,4.2,false
seasonallyAdjusted,10,,教養娯楽（名目）,2020-08,7.7,false
seasonallyAdjusted,11,,その他の消費支出（名目）,2020-08,13.5,false
seasonallyAdjusted,12,,消費支出（実質）,2020-08,102.2,false
seasonallyAdjusted,13,,食料（実質）,2020-08,30.1,false
seasonallyAdjusted,14,,住居（実質）,2020-08,6.7,false
seasonallyAdjusted,15,,光熱・水道（実質）,2020-08,7.7,false
seasonallyAdjusted,16,,家具・家事用品（実質）,2020-08,5.6,false
seasonallyAdjusted,17,,被服及び履物（実質）,2020-08,3.4,false
seasonallyAdjusted,18,,保健医療（実質）,2020-08,5,false
seasonallyAdjusted,19,,交通・通信（実質）,2020-08,15.6,false
seasonallyAdjusted,20,,教育（実質）,2020-08,4.2,false
seasonallyAdjusted,21,,教養娯楽（実質）,2020-08,9,false
seasonallyAdjusted,22,,その他の消費支出（実質）,2020-08,15.4,false
seasonallyAdjusted,1,,消費支出（名目）,2020-09,91.8,false
seasonallyAdjusted,2,,食料（名目）,2020-09,25,false
seasonallyAdjusted,3,,住居（名目）,2020-09,6.1,false
seasonallyAdjusted,4,,光熱・水道（名目）,2020-09,6.8,false
seasonallyAdjusted,5,,家具・家事用品（名目）,2020-09,4.5,false
seasonallyAdjusted,6,,被服及び履物（名目）,2020-09,3.2,false
seasonallyAdjusted,7,,保健医療（名目）,2020-09,4.5,false
seasonallyAdjusted,8,,交通・通信（名目）,2020-09,15.1,false
seasonallyAdjusted,9,,教育（名目）,2020-09,4,false
seasonallyAdjusted,10,,教養娯楽（名目）,2020-09,8.4,false
seasonallyAdjusted,11,,その他の消費支出（名目）,2020-09,13.5,false
seasonallyAdjusted,12,,消費支出（実質）,2020-09,104.6,false
seasonallyAdjusted,13,,食料（実質）,2020-09,31.4,false
seasonallyAdjusted,14,,住居（実質）,2020-09,6.9,false
seasonallyAdjusted,15,,光熱・水道（実質）,2020-09,8,false
seasonallyAdjusted,16,,家具・家事用品（実質）,2020-09,5.4,false
seasonallyAdjusted,17,,被服及び履物（実質）,2020-09,3.5,false
seasonallyAdjusted,18,,保健医療（実質）,2020-09,4.7,false
seasonallyAdjusted,19,,交通・通信（実質）,2020-09,15.3,false
seasonallyAdjusted,20,,教育（実質）,2020-09,3.9,false
seasonallyAdjusted,21,,教養娯楽（実質）,2020-09,9.9,false
seasonallyAdjusted,22,,その他の消費支出（実質）,2020-09,15.4,false
seasonallyAdjusted,1,,消費支出（名目）,2020-10,93.7,false
seasonallyAdjusted,2,,食料（名目）,2020-10,24.7,false
seasonallyAdjusted,3,,住居（名目）,2020-10,6,false
seasonallyAdjusted,4,,光熱・水道（名目）,2020-10,6.8,false
seasonallyAdjusted,5,,家具・家事用品（名目）,2020-10,4.4,false
seasonallyAdjusted,6,,被服及び履物（名目）,2020-10,3.3,false
seasonallyAdjusted,7,,保健医療（名目）,2020-10,4.7,false
seasonallyAdjusted,8,,交通・通信（名目）,2020-10,16.2,false
seasonallyAdjusted,9,,教育（名目）,2020-10,3.9,false
seasonallyAdjusted,10,,教養娯楽（名目）,2020-10,8.8,false
seasonallyAdjusted,11,,その他の消費支出（名目）,2020-10,14,false
seasonallyAdjusted,12,,消費支出（実質）,2020-10,107.3,false
seasonallyAdjusted,13,,食料（実質）,2020-10,31.2,false
seasonallyAdjusted,14,,住居（実質）,2020-10,6.8,false
seasonallyAdjusted,15,,光熱・水道（実質）,2020-10,8.2,false
seasonallyAdjusted,16,,家具・家事用品（実質）,2020-10,5.3,false
seasonallyAdjusted,17,,被服及び履物（実質）,2020-10,3.6,false
seasonallyAdjusted,18,,保健医療（実質）,2020-10,4.9,false
seasonallyAdjusted,19,,交通・通信（実質）,2020-10,16.2,false
seasonallyAdjusted,20,,教育（実質）,2020-10,3.9,false
seasonallyAdjusted,21,,教養娯楽（実質）,2020-10,10.4,false
seasonallyAdjusted,22,,その他の消費支出（実質）,2020-10,16,false
seasonallyAdjusted,1,,消費支出（名目）,2020-11,92,false
seasonallyAdjusted,2,,食料（名目）,2020-11,24.8,false
seasonallyAdjusted,3,,住居（名目）,2020-11,6.4,false
seasonallyAdjusted,4,,光熱・水道（名目）,2020-11,6.7,false
seasonallyAdjusted,5,,家具・家事用品（名目）,2020-11,4.2,false
seasonallyAdjusted,6,,被服及び履物（名目）,2020-11,3,false
seasonallyAdjusted,7,,保健医療（名目）,2020-11,4.6,false
seasonallyAdjusted,8,,交通・通信（名目）,2020-11,16,false
seasonallyAdjusted,9,,教育（名目）,2020-11,4.4,false
seasonallyAdjusted,10,,教養娯楽（名目）,2020-11,8.6,false
seasonallyAdjusted,11,,その他の消費支出（名目）,2020-11,13.9,false
seasonallyAdjusted,12,,消費支出（実質）,2020-11,105.7,false
seasonallyAdjusted,13,,食料（実質）,2020-11,31.4,false
seasonallyAdjusted,14,,住居（実質）,2020-11,7.2,false
seasonallyAdjusted,15,,光熱・水道（実質）,2020-11,8.1,false
seasonallyAdjusted,16,,家具・家事用品（実質）,2020-11,5.1,false
seasonallyAdjusted,17,,被服及び履物（実質）,2020-11,3.4,false
seasonallyAdjusted,18,,保健医療（実質）,2020-11,4.8,false
seasonallyAdjusted,19,,交通・通信（実質）,2020-11,15.9,false
seasonallyAdjusted,20,,教育（実質）,2020-11,4.3,false
seasonallyAdjusted,21,,教養娯楽（実質）,2020-11,10.2,false
seasonallyAdjusted,22,,その他の消費支出（実質）,2020-11,16,false
seasonallyAdjusted,1,,消費支出（名目）,2020-12,91.3,false
seasonallyAdjusted,2,,食料（名目）,2020-12,24.5,false
seasonallyAdjusted,3,,住居（名目）,2020-12,6.1,false
seasonallyAdjusted,4,,光熱・水道（名目）,2020-12,6.4,false
seasonallyAdjusted,5,,家具・家事用品（名目）,2020-12,4.2,false
seasonallyAdjusted,6,,被服及び履物（名目）,2020-12,3.1,false
seasonallyAdjusted,7,,保健医療（名目）,2020-12,4.3,false
seasonallyAdjusted,8,,交通・通信（名目）,2020-12,15.3,false
seasonallyAdjusted,9,,教育（名目）,2020-12,4.2,false
seasonallyAdjusted,10,,教養娯楽（名目）,2020-12,8.6,false
seasonallyAdjusted,11,,その他の消費支出（名目）,2020-12,14.5,false
seasonallyAdjusted,12,,消費支出（実質）,2020-12,105,false
seasonallyAdjusted,13,,食料（実質）,2020-12,31.3,false
seasonallyAdjusted,14,,住居（実質）,2020-12,6.9,false
seasonallyAdjusted,15,,光熱・水道（実質）,2020-12,7.8,false
seasonallyAdjusted,16,,家具・家事用品（実質）,2020-12,5.1,false
seasonallyAdjusted,17,,被服及び履物（実質）,2020-12,3.5,false
seasonallyAdjusted,18,,保健医療（実質）,2020-12,4.6,false
seasonallyAdjusted,19,,交通・通信（実質）,2020-12,15,false
seasonallyAdjusted,20,,教育（実質）,2020-12,4,false
seasonallyAdjusted,21,,教養娯楽（実質）,2020-12,10.2,false
seasonallyAdjusted,22,,その他の消費支出（実質）,2020-12,16.7,false
seasonallyAdjusted,1,,消費支出（名目）,2021-01,86.8,false
seasonallyAdjusted,2,,食料（名目）,2021-01,23.8,false
seasonallyAdjusted,3,,住居（名目）,2021-01,6.2,false
seasonallyAdjusted,4,,光熱・水道（名目）,2021-01,6.3,false
seasonallyAdjusted,5,,家具・家事用品（名目）,2021-01,4.2,false
seasonallyAdjusted,6,,被服及び履物（名目）,2021-01,2.5,false
seasonallyAdjusted,7,,保健医療（名目）,2021-01,4.3,false
seasonallyAdjusted,8,,交通・通信（名目）,2021-01,15.8,false
seasonallyAdjusted,9,,教育（名目）,2021-01,3.8,false
seasonallyAdjusted,10,,教養娯楽（名目）,2021-01,7.7,false
seasonallyAdjusted,11,,その他の消費支出（名目）,2021-01,13,false
seasonallyAdjusted,12,,消費支出（実質）,2021-01,99.2,false
seasonallyAdjusted,13,,食料（実質）,2021-01,30,false
seasonallyAdjusted,14,,住居（実質）,2021-01,6.9,false
seasonallyAdjusted,15,,光熱・水道（実質）,2021-01,7.8,false
seasonallyAdjusted,16,,家具・家事用品（実質）,2021-01,5,false
seasonallyAdjusted,17,,被服及び履物（実質）,2021-01,2.8,false
seasonallyAdjusted,18,,保健医療（実質）,2021-01,4.5,false
seasonallyAdjusted,19,,交通・通信（実質）,2021-01,15.5,false
seasonallyAdjusted,20,,教育（実質）,2021-01,3.7,false
seasonallyAdjusted,21,,教養娯楽（実質）,2021-01,8.7,false
seasonallyAdjusted,22,,その他の消費支出（実質）,2021-01,14.8,false
seasonallyAdjusted,1,,消費支出（名目）,2021-02,88.4,false
seasonallyAdjusted,2,,食料（名目）,2021-02,24.6,false
seasonallyAdjusted,3,,住居（名目）,2021-02,6.4,false
seasonallyAdjusted,4,,光熱・水道（名目）,2021-02,6.3,false
seasonallyAdjusted,5,,家具・家事用品（名目）,2021-02,4.3,false
seasonallyAdjusted,6,,被服及び履物（名目）,2021-02,3,false
seasonallyAdjusted,7,,保健医療（名目）,2021-02,4.3,false
seasonallyAdjusted,8,,交通・通信（名目）,2021-02,14.9,false
seasonallyAdjusted,9,,教育（名目）,2021-02,4.1,false
seasonallyAdjusted,10,,教養娯楽（名目）,2021-02,7.7,false
seasonallyAdjusted,11,,その他の消費支出（名目）,2021-02,13.5,false
seasonallyAdjusted,12,,消費支出（実質）,2021-02,100.8,false
seasonallyAdjusted,13,,食料（実質）,2021-02,31.1,false
seasonallyAdjusted,14,,住居（実質）,2021-02,7.1,false
seasonallyAdjusted,15,,光熱・水道（実質）,2021-02,7.5,false
seasonallyAdjusted,16,,家具・家事用品（実質）,2021-02,5.2,false
seasonallyAdjusted,17,,被服及び履物（実質）,2021-02,3.3,false
seasonallyAdjusted,18,,保健医療（実質）,2021-02,4.6,false
seasonallyAdjusted,19,,交通・通信（実質）,2021-02,15,false
seasonallyAdjusted,20,,教育（実質）,2021-02,4,false
seasonallyAdjusted,21,,教養娯楽（実質）,2021-02,8.8,false
seasonallyAdjusted,22,,その他の消費支出（実質）,2021-02,15.3,false
seasonallyAdjusted,1,,消費支出（名目）,2021-03,92.5,false
seasonallyAdjusted,2,,食料（名目）,2021-03,24.5,false
seasonallyAdjusted,3,,住居（名目）,2021-03,7.6,false
seasonallyAdjusted,4,,光熱・水道（名目）,2021-03,6.6,false
seasonallyAdjusted,5,,家具・家事用品（名目）,2021-03,4.3,false
seasonallyAdjusted,6,,被服及び履物（名目）,2021-03,3,false
seasonallyAdjusted,7,,保健医療（名目）,2021-03,4.5,false
seasonallyAdjusted,8,,交通・通信（名目）,2021-03,15.3,false
seasonallyAdjusted,9,,教育（名目）,2021-03,4.3,false
seasonallyAdjusted,10,,教養娯楽（名目）,2021-03,8.3,false
seasonallyAdjusted,11,,その他の消費支出（名目）,2021-03,14.4,false
seasonallyAdjusted,12,,消費支出（実質）,2021-03,105.7,false
seasonallyAdjusted,13,,食料（実質）,2021-03,31,false
seasonallyAdjusted,14,,住居（実質）,2021-03,8.4,false
seasonallyAdjusted,15,,光熱・水道（実質）,2021-03,7.9,false
seasonallyAdjusted,16,,家具・家事用品（実質）,2021-03,5.1,false
seasonallyAdjusted,17,,被服及び履物（実質）,2021-03,3.3,false
seasonallyAdjusted,18,,保健医療（実質）,2021-03,4.7,false
seasonallyAdjusted,19,,交通・通信（実質）,2021-03,15.4,false
seasonallyAdjusted,20,,教育（実質）,2021-03,4.1,false
seasonallyAdjusted,21,,教養娯楽（実質）,2021-03,9.5,false
seasonallyAdjusted,22,,その他の消費支出（実質）,2021-03,16.5,false
seasonallyAdjusted,1,,消費支出（名目）,2021-04,92.2,false
seasonallyAdjusted,2,,食料（名目）,2021-04,24.4,false
seasonallyAdjusted,3,,住居（名目）,2021-04,7.1,false
seasonallyAdjusted,4,,光熱・水道（名目）,2021-04,6.3,false
seasonallyAdjusted,5,,家具・家事用品（名目）,2021-04,4.2,false
seasonallyAdjusted,6,,被服及び履物（名目）,2021-04,3,false
seasonallyAdjusted,7,,保健医療（名目）,2021-04,4.6,false
seasonallyAdjusted,8,,交通・通信（名目）,2021-04,16,false
seasonallyAdjusted,9,,教育（名目）,2021-04,4.1,false
seasonallyAdjusted,10,,教養娯楽（名目）,2021-04,8.2,false
seasonallyAdjusted,11,,その他の消費支出（名目）,2021-04,14.2,false
seasonallyAdjusted,12,,消費支出（実質）,2021-04,106.2,false
seasonallyAdjusted,13,,食料（実質）,2021-04,30.9,false
seasonallyAdjusted,14,,住居（実質）,2021-04,7.8,false
seasonallyAdjusted,15,,光熱・水道（実質）,2021-04,7.5,false
seasonallyAdjusted,16,,家具・家事用品（実質）,2021-04,5.1,false
seasonallyAdjusted,17,,被服及び履物（実質）,2021-04,3.3,false
seasonallyAdjusted,18,,保健医療（実質）,2021-04,4.8,false
seasonallyAdjusted,19,,交通・通信（実質）,2021-04,17.5,false
seasonallyAdjusted,20,,教育（実質）,2021-04,4,false
seasonallyAdjusted,21,,教養娯楽（実質）,2021-04,9.4,false
seasonallyAdjusted,22,,その他の消費支出（実質）,2021-04,16.3,false
seasonallyAdjusted,1,,消費支出（名目）,2021-05,90.5,false
seasonallyAdjusted,2,,食料（名目）,2021-05,23.9,false
seasonallyAdjusted,3,,住居（名目）,2021-05,6.5,false
seasonallyAdjusted,4,,光熱・水道（名目）,2021-05,6.6,false
seasonallyAdjusted,5,,家具・家事用品（名目）,2021-05,4.2,false
seasonallyAdjusted,6,,被服及び履物（名目）,2021-05,2.6,false
seasonallyAdjusted,7,,保健医療（名目）,2021-05,4.8,false
seasonallyAdjusted,8,,交通・通信（名目）,2021-05,16,false
seasonallyAdjusted,9,,教育（名目）,2021-05,4.2,false
seasonallyAdjusted,10,,教養娯楽（名目）,2021-05,7.6,false
seasonallyAdjusted,11,,その他の消費支出（名目）,2021-05,14.2,false
seasonallyAdjusted,12,,消費支出（実質）,2021-05,104.4,false
seasonallyAdjusted,13,,食料（実質）,2021-05,30.2,false
seasonallyAdjusted,14,,住居（実質）,2021-05,7.2,false
seasonallyAdjusted,15,,光熱・水道（実質）,2021-05,7.6,false
seasonallyAdjusted,16,,家具・家事用品（実質）,2021-05,5,false
seasonallyAdjusted,17,,被服及び履物（実質）,2021-05,2.9,false
seasonallyAdjusted,18,,保健医療（実質）,2021-05,5,false
seasonallyAdjusted,19,,交通・通信（実質）,2021-05,17.1,false
seasonallyAdjusted,20,,教育（実質）,2021-05,4,false
seasonallyAdjusted,21,,教養娯楽（実質）,2021-05,8.6,false
seasonallyAdjusted,22,,その他の消費支出（実質）,2021-05,16.3,false
seasonallyAdjusted,1,,消費支出（名目）,2021-06,89.8,false
seasonallyAdjusted,2,,食料（名目）,2021-06,24.5,false
seasonallyAdjusted,3,,住居（名目）,2021-06,6.1,false
seasonallyAdjusted,4,,光熱・水道（名目）,2021-06,6.7,false
seasonallyAdjusted,5,,家具・家事用品（名目）,2021-06,4.2,false
seasonallyAdjusted,6,,被服及び履物（名目）,2021-06,3.1,false
seasonallyAdjusted,7,,保健医療（名目）,2021-06,4.6,false
seasonallyAdjusted,8,,交通・通信（名目）,2021-06,14.9,false
seasonallyAdjusted,9,,教育（名目）,2021-06,4,false
seasonallyAdjusted,10,,教養娯楽（名目）,2021-06,7.8,false
seasonallyAdjusted,11,,その他の消費支出（名目）,2021-06,13.9,false
seasonallyAdjusted,12,,消費支出（実質）,2021-06,103.2,false
seasonallyAdjusted,13,,食料（実質）,2021-06,30.8,false
seasonallyAdjusted,14,,住居（実質）,2021-06,6.7,false
seasonallyAdjusted,15,,光熱・水道（実質）,2021-06,7.7,false
seasonallyAdjusted,16,,家具・家事用品（実質）,2021-06,5,false
seasonallyAdjusted,17,,被服及び履物（実質）,2021-06,3.4,false
seasonallyAdjusted,18,,保健医療（実質）,2021-06,4.8,false
seasonallyAdjusted,19,,交通・通信（実質）,2021-06,15.7,false
seasonallyAdjusted,20,,教育（実質）,2021-06,3.9,false
seasonallyAdjusted,21,,教養娯楽（実質）,2021-06,8.8,false
seasonallyAdjusted,22,,その他の消費支出（実質）,2021-06,15.9,false
seasonallyAdjusted,1,,消費支出（名目）,2021-07,89.8,false
seasonallyAdjusted,2,,食料（名目）,2021-07,24.4,false
seasonallyAdjusted,3,,住居（名目）,2021-07,6.1,false
seasonallyAdjusted,4,,光熱・水道（名目）,2021-07,6.7,false
seasonallyAdjusted,5,,家具・家事用品（名目）,2021-07,3.9,false
seasonallyAdjusted,6,,被服及び履物（名目）,2021-07,2.9,false
seasonallyAdjusted,7,,保健医療（名目）,2021-07,4.6,false
seasonallyAdjusted,8,,交通・通信（名目）,2021-07,15,false
seasonallyAdjusted,9,,教育（名目）,2021-07,4,false
seasonallyAdjusted,10,,教養娯楽（名目）,2021-07,8,false
seasonallyAdjusted,11,,その他の消費支出（名目）,2021-07,14,false
seasonallyAdjusted,12,,消費支出（実質）,2021-07,102.4,false
seasonallyAdjusted,13,,食料（実質）,2021-07,30.7,false
seasonallyAdjusted,14,,住居（実質）,2021-07,6.7,false
seasonallyAdjusted,15,,光熱・水道（実質）,2021-07,7.6,false
seasonallyAdjusted,16,,家具・家事用品（実質）,2021-07,4.8,false
seasonallyAdjusted,17,,被服及び履物（実質）,2021-07,3.2,false
seasonallyAdjusted,18,,保健医療（実質）,2021-07,4.8,false
seasonallyAdjusted,19,,交通・通信（実質）,2021-07,15.7,false
seasonallyAdjusted,20,,教育（実質）,2021-07,3.8,false
seasonallyAdjusted,21,,教養娯楽（実質）,2021-07,9,false
seasonallyAdjusted,22,,その他の消費支出（実質）,2021-07,16.1,false
seasonallyAdjusted,1,,消費支出（名目）,2021-08,86.3,false
seasonallyAdjusted,2,,食料（名目）,2021-08,23.4,false
seasonallyAdjusted,3,,住居（名目）,2021-08,6.4,false
seasonallyAdjusted,4,,光熱・水道（名目）,2021-08,6.7,false
seasonallyAdjusted,5,,家具・家事用品（名目）,2021-08,4.2,false
seasonallyAdjusted,6,,被服及び履物（名目）,2021-08,2.6,false
seasonallyAdjusted,7,,保健医療（名目）,2021-08,4.5,false
seasonallyAdjusted,8,,交通・通信（名目）,2021-08,13.9,false
seasonallyAdjusted,9,,教育（名目）,2021-08,4,false
seasonallyAdjusted,10,,教養娯楽（名目）,2021-08,7.3,false
seasonallyAdjusted,11,,その他の消費支出（名目）,2021-08,13.3,false
seasonallyAdjusted,12,,消費支出（実質）,2021-08,98.8,false
seasonallyAdjusted,13,,食料（実質）,2021-08,29.5,false
seasonallyAdjusted,14,,住居（実質）,2021-08,7.1,false
seasonallyAdjusted,15,,光熱・水道（実質）,2021-08,7.7,false
seasonallyAdjusted,16,,家具・家事用品（実質）,2021-08,4.9,false
seasonallyAdjusted,17,,被服及び履物（実質）,2021-08,2.9,false
seasonallyAdjusted,18,,保健医療（実質）,2021-08,4.7,false
seasonallyAdjusted,19,,交通・通信（実質）,2021-08,15.2,false
seasonallyAdjusted,20,,教育（実質）,2021-08,3.9,false
seasonallyAdjusted,21,,教養娯楽（実質）,2021-08,8.3,false
seasonallyAdjusted,22,,その他の消費支出（実質）,2021-08,15.2,false
seasonallyAdjusted,1,,消費支出（名目）,2021-09,90.9,false
seasonallyAdjusted,2,,食料（名目）,2021-09,24.4,false
seasonallyAdjusted,3,,住居（名目）,2021-09,6.6,false
seasonallyAdjusted,4,,光熱・水道（名目）,2021-09,6.7,false
seasonallyAdjusted,5,,家具・家事用品（名目）,2021-09,3.9,false
seasonallyAdjusted,6,,被服及び履物（名目）,2021-09,2.9,false
seasonallyAdjusted,7,,保健医療（名目）,2021-09,4.9,false
seasonallyAdjusted,8,,交通・通信（名目）,2021-09,14.5,false
seasonallyAdjusted,9,,教育（名目）,2021-09,4.1,false
seasonallyAdjusted,10,,教養娯楽（名目）,2021-09,7.8,false
seasonallyAdjusted,11,,その他の消費支出（名目）,2021-09,14.7,false
seasonallyAdjusted,12,,消費支出（実質）,2021-09,103.3,false
seasonallyAdjusted,13,,食料（実質）,2021-09,30.4,false
seasonallyAdjusted,14,,住居（実質）,2021-09,7.2,false
seasonallyAdjusted,15,,光熱・水道（実質）,2021-09,7.6,false
seasonallyAdjusted,16,,家具・家事用品（実質）,2021-09,4.6,false
seasonallyAdjusted,17,,被服及び履物（実質）,2021-09,3.2,false
seasonallyAdjusted,18,,保健医療（実質）,2021-09,5.1,false
seasonallyAdjusted,19,,交通・通信（実質）,2021-09,15.7,false
seasonallyAdjusted,20,,教育（実質）,2021-09,4,false
seasonallyAdjusted,21,,教養娯楽（実質）,2021-09,8.9,false
seasonallyAdjusted,22,,その他の消費支出（実質）,2021-09,16.7,false
seasonallyAdjusted,1,,消費支出（名目）,2021-10,90.3,false
seasonallyAdjusted,2,,食料（名目）,2021-10,24.4,false
seasonallyAdjusted,3,,住居（名目）,2021-10,5.9,false
seasonallyAdjusted,4,,光熱・水道（名目）,2021-10,6.7,false
seasonallyAdjusted,5,,家具・家事用品（名目）,2021-10,4,false
seasonallyAdjusted,6,,被服及び履物（名目）,2021-10,2.9,false
seasonallyAdjusted,7,,保健医療（名目）,2021-10,4.5,false
seasonallyAdjusted,8,,交通・通信（名目）,2021-10,14.8,false
seasonallyAdjusted,9,,教育（名目）,2021-10,4.3,false
seasonallyAdjusted,10,,教養娯楽（名目）,2021-10,8.5,false
seasonallyAdjusted,11,,その他の消費支出（名目）,2021-10,13.5,false
seasonallyAdjusted,12,,消費支出（実質）,2021-10,103.3,false
seasonallyAdjusted,13,,食料（実質）,2021-10,30.7,false
seasonallyAdjusted,14,,住居（実質）,2021-10,6.6,false
seasonallyAdjusted,15,,光熱・水道（実質）,2021-10,7.6,false
seasonallyAdjusted,16,,家具・家事用品（実質）,2021-10,4.7,false
seasonallyAdjusted,17,,被服及び履物（実質）,2021-10,3.2,false
seasonallyAdjusted,18,,保健医療（実質）,2021-10,4.8,false
seasonallyAdjusted,19,,交通・通信（実質）,2021-10,16,false
seasonallyAdjusted,20,,教育（実質）,2021-10,4.1,false
seasonallyAdjusted,21,,教養娯楽（実質）,2021-10,9.6,false
seasonallyAdjusted,22,,その他の消費支出（実質）,2021-10,15.4,false
seasonallyAdjusted,1,,消費支出（名目）,2021-11,91.8,false
seasonallyAdjusted,2,,食料（名目）,2021-11,24.4,false
seasonallyAdjusted,3,,住居（名目）,2021-11,6,false
seasonallyAdjusted,4,,光熱・水道（名目）,2021-11,6.9,false
seasonallyAdjusted,5,,家具・家事用品（名目）,2021-11,4.1,false
seasonallyAdjusted,6,,被服及び履物（名目）,2021-11,3.3,false
seasonallyAdjusted,7,,保健医療（名目）,2021-11,4.7,false
seasonallyAdjusted,8,,交通・通信（名目）,2021-11,15.3,false
seasonallyAdjusted,9,,教育（名目）,2021-11,4.1,false
seasonallyAdjusted,10,,教養娯楽（名目）,2021-11,8.5,false
seasonallyAdjusted,11,,その他の消費支出（名目）,2021-11,14.7,false
seasonallyAdjusted,12,,消費支出（実質）,2021-11,104.9,false
seasonallyAdjusted,13,,食料（実質）,2021-11,30.6,false
seasonallyAdjusted,14,,住居（実質）,2021-11,6.6,false
seasonallyAdjusted,15,,光熱・水道（実質）,2021-11,7.6,false
seasonallyAdjusted,16,,家具・家事用品（実質）,2021-11,4.9,false
seasonallyAdjusted,17,,被服及び履物（実質）,2021-11,3.7,false
seasonallyAdjusted,18,,保健医療（実質）,2021-11,4.9,false
seasonallyAdjusted,19,,交通・通信（実質）,2021-11,16.3,false
seasonallyAdjusted,20,,教育（実質）,2021-11,3.9,false
seasonallyAdjusted,21,,教養娯楽（実質）,2021-11,9.7,false
seasonallyAdjusted,22,,その他の消費支出（実質）,2021-11,16.8,false
seasonallyAdjusted,1,,消費支出（名目）,2021-12,91.5,false
seasonallyAdjusted,2,,食料（名目）,2021-12,24.7,false
seasonallyAdjusted,3,,住居（名目）,2021-12,6.4,false
seasonallyAdjusted,4,,光熱・水道（名目）,2021-12,6.7,false
seasonallyAdjusted,5,,家具・家事用品（名目）,2021-12,3.9,false
seasonallyAdjusted,6,,被服及び履物（名目）,2021-12,3.1,false
seasonallyAdjusted,7,,保健医療（名目）,2021-12,4.3,false
seasonallyAdjusted,8,,交通・通信（名目）,2021-12,15.5,false
seasonallyAdjusted,9,,教育（名目）,2021-12,4.2,false
seasonallyAdjusted,10,,教養娯楽（名目）,2021-12,8.7,false
seasonallyAdjusted,11,,その他の消費支出（名目）,2021-12,13.9,false
seasonallyAdjusted,12,,消費支出（実質）,2021-12,104.2,false
seasonallyAdjusted,13,,食料（実質）,2021-12,30.8,false
seasonallyAdjusted,14,,住居（実質）,2021-12,7.1,false
seasonallyAdjusted,15,,光熱・水道（実質）,2021-12,7.4,false
seasonallyAdjusted,16,,家具・家事用品（実質）,2021-12,4.7,false
seasonallyAdjusted,17,,被服及び履物（実質）,2021-12,3.4,false
seasonallyAdjusted,18,,保健医療（実質）,2021-12,4.5,false
seasonallyAdjusted,19,,交通・通信（実質）,2021-12,16.5,false
seasonallyAdjusted,20,,教育（実質）,2021-12,4,false
seasonallyAdjusted,21,,教養娯楽（実質）,2021-12,9.9,false
seasonallyAdjusted,22,,その他の消費支出（実質）,2021-12,15.9,false
seasonallyAdjusted,1,,消費支出（名目）,2022-01,90.5,false
seasonallyAdjusted,2,,食料（名目）,2022-01,24.4,false
seasonallyAdjusted,3,,住居（名目）,2022-01,6.3,false
seasonallyAdjusted,4,,光熱・水道（名目）,2022-01,6.8,false
seasonallyAdjusted,5,,家具・家事用品（名目）,2022-01,4.3,false
seasonallyAdjusted,6,,被服及び履物（名目）,2022-01,2.7,false
seasonallyAdjusted,7,,保健医療（名目）,2022-01,4.4,false
seasonallyAdjusted,8,,交通・通信（名目）,2022-01,16.6,false
seasonallyAdjusted,9,,教育（名目）,2022-01,3.6,false
seasonallyAdjusted,10,,教養娯楽（名目）,2022-01,8.2,false
seasonallyAdjusted,11,,その他の消費支出（名目）,2022-01,13.9,false
seasonallyAdjusted,12,,消費支出（実質）,2022-01,102.9,false
seasonallyAdjusted,13,,食料（実質）,2022-01,30.2,false
seasonallyAdjusted,14,,住居（実質）,2022-01,6.9,false
seasonallyAdjusted,15,,光熱・水道（実質）,2022-01,7.5,false
seasonallyAdjusted,16,,家具・家事用品（実質）,2022-01,5.2,false
seasonallyAdjusted,17,,被服及び履物（実質）,2022-01,3,false
seasonallyAdjusted,18,,保健医療（実質）,2022-01,4.6,false
seasonallyAdjusted,19,,交通・通信（実質）,2022-01,17.7,false
seasonallyAdjusted,20,,教育（実質）,2022-01,3.6,false
seasonallyAdjusted,21,,教養娯楽（実質）,2022-01,9.3,false
seasonallyAdjusted,22,,その他の消費支出（実質）,2022-01,15.8,false
seasonallyAdjusted,1,,消費支出（名目）,2022-02,89.6,false
seasonallyAdjusted,2,,食料（名目）,2022-02,24.3,false
seasonallyAdjusted,3,,住居（名目）,2022-02,6.1,false
seasonallyAdjusted,4,,光熱・水道（名目）,2022-02,7.4,false
seasonallyAdjusted,5,,家具・家事用品（名目）,2022-02,4,false
seasonallyAdjusted,6,,被服及び履物（名目）,2022-02,2.7,false
seasonallyAdjusted,7,,保健医療（名目）,2022-02,4.3,false
seasonallyAdjusted,8,,交通・通信（名目）,2022-02,15.2,false
seasonallyAdjusted,9,,教育（名目）,2022-02,4.1,false
seasonallyAdjusted,10,,教養娯楽（名目）,2022-02,7.9,false
seasonallyAdjusted,11,,その他の消費支出（名目）,2022-02,13.7,false
seasonallyAdjusted,12,,消費支出（実質）,2022-02,101,false
seasonallyAdjusted,13,,食料（実質）,2022-02,29.9,false
seasonallyAdjusted,14,,住居（実質）,2022-02,6.7,false
seasonallyAdjusted,15,,光熱・水道（実質）,2022-02,7.7,false
seasonallyAdjusted,16,,家具・家事用品（実質）,2022-02,4.8,false
seasonallyAdjusted,17,,被服及び履物（実質）,2022-02,3,false
seasonallyAdjusted,18,,保健医療（実質）,2022-02,4.5,false
seasonallyAdjusted,19,,交通・通信（実質）,2022-02,16.4,false
seasonallyAdjusted,20,,教育（実質）,2022-02,3.9,false
seasonallyAdjusted,21,,教養娯楽（実質）,2022-02,8.8,false
seasonallyAdjusted,22,,その他の消費支出（実質）,2022-02,15.4,false
seasonallyAdjusted,1,,消費支出（名目）,2022-03,90.9,false
seasonallyAdjusted,2,,食料（名目）,2022-03,24.6,false
seasonallyAdjusted,3,,住居（名目）,2022-03,6,false
seasonallyAdjusted,4,,光熱・水道（名目）,2022-03,7.6,false
seasonallyAdjusted,5,,家具・家事用品（名目）,2022-03,4.1,false
seasonallyAdjusted,6,,被服及び履物（名目）,2022-03,3,false
seasonallyAdjusted,7,,保健医療（名目）,2022-03,4.4,false
seasonallyAdjusted,8,,交通・通信（名目）,2022-03,14.8,false
seasonallyAdjusted,9,,教育（名目）,2022-03,4,false
seasonallyAdjusted,10,,教養娯楽（名目）,2022-03,8.3,false
seasonallyAdjusted,11,,その他の消費支出（名目）,2022-03,14,false
seasonallyAdjusted,12,,消費支出（実質）,2022-03,102.3,false
seasonallyAdjusted,13,,食料（実質）,2022-03,30,false
seasonallyAdjusted,14,,住居（実質）,2022-03,6.6,false
seasonallyAdjusted,15,,光熱・水道（実質）,2022-03,7.7,false
seasonallyAdjusted,16,,家具・家事用品（実質）,2022-03,4.8,false
seasonallyAdjusted,17,,被服及び履物（実質）,2022-03,3.3,false
seasonallyAdjusted,18,,保健医療（実質）,2022-03,4.7,false
seasonallyAdjusted,19,,交通・通信（実質）,2022-03,16,false
seasonallyAdjusted,20,,教育（実質）,2022-03,3.9,false
seasonallyAdjusted,21,,教養娯楽（実質）,2022-03,9.4,false
seasonallyAdjusted,22,,その他の消費支出（実質）,2022-03,15.9,false
seasonallyAdjusted,1,,消費支出（名目）,2022-04,91.7,false
seasonallyAdjusted,2,,食料（名目）,2022-04,24.7,false
seasonallyAdjusted,3,,住居（名目）,2022-04,6.5,false
seasonallyAdjusted,4,,光熱・水道（名目）,2022-04,7.5,false
seasonallyAdjusted,5,,家具・家事用品（名目）,2022-04,4.2,false
seasonallyAdjusted,6,,被服及び履物（名目）,2022-04,3.2,false
seasonallyAdjusted,7,,保健医療（名目）,2022-04,4.6,false
seasonallyAdjusted,8,,交通・通信（名目）,2022-04,14.5,false
seasonallyAdjusted,9,,教育（名目）,2022-04,4,false
seasonallyAdjusted,10,,教養娯楽（名目）,2022-04,8.7,false
seasonallyAdjusted,11,,その他の消費支出（名目）,2022-04,13.7,false
seasonallyAdjusted,12,,消費支出（実質）,2022-04,102.7,false
seasonallyAdjusted,13,,食料（実質）,2022-04,30.1,false
seasonallyAdjusted,14,,住居（実質）,2022-04,7.1,false
seasonallyAdjusted,15,,光熱・水道（実質）,2022-04,7.8,false
seasonallyAdjusted,16,,家具・家事用品（実質）,2022-04,5,false
seasonallyAdjusted,17,,被服及び履物（実質）,2022-04,3.4,false
seasonallyAdjusted,18,,保健医療（実質）,2022-04,4.8,false
seasonallyAdjusted,19,,交通・通信（実質）,2022-04,15.9,false
seasonallyAdjusted,20,,教育（実質）,2022-04,3.9,false
seasonallyAdjusted,21,,教養娯楽（実質）,2022-04,9.7,false
seasonallyAdjusted,22,,その他の消費支出（実質）,2022-04,15.2,false
seasonallyAdjusted,1,,消費支出（名目）,2022-05,91.9,false
seasonallyAdjusted,2,,食料（名目）,2022-05,24.9,false
seasonallyAdjusted,3,,住居（名目）,2022-05,6.2,false
seasonallyAdjusted,4,,光熱・水道（名目）,2022-05,7.5,false
seasonallyAdjusted,5,,家具・家事用品（名目）,2022-05,4.2,false
seasonallyAdjusted,6,,被服及び履物（名目）,2022-05,3,false
seasonallyAdjusted,7,,保健医療（名目）,2022-05,4.6,false
seasonallyAdjusted,8,,交通・通信（名目）,2022-05,14.7,false
seasonallyAdjusted,9,,教育（名目）,2022-05,3.9,false
seasonallyAdjusted,10,,教養娯楽（名目）,2022-05,8.7,false
seasonallyAdjusted,11,,その他の消費支出（名目）,2022-05,14,false
seasonallyAdjusted,12,,消費支出（実質）,2022-05,102.9,false
seasonallyAdjusted,13,,食料（実質）,2022-05,30.2,false
seasonallyAdjusted,14,,住居（実質）,2022-05,6.8,false
seasonallyAdjusted,15,,光熱・水道（実質）,2022-05,7.6,false
seasonallyAdjusted,16,,家具・家事用品（実質）,2022-05,4.9,false
seasonallyAdjusted,17,,被服及び履物（実質）,2022-05,3.3,false
seasonallyAdjusted,18,,保健医療（実質）,2022-05,4.8,false
seasonallyAdjusted,19,,交通・通信（実質）,2022-05,15.9,false
seasonallyAdjusted,20,,教育（実質）,2022-05,3.8,false
seasonallyAdjusted,21,,教養娯楽（実質）,2022-05,9.8,false
seasonallyAdjusted,22,,その他の消費支出（実質）,2022-05,15.5,false
seasonallyAdjusted,1,,消費支出（名目）,2022-06,93.4,false
seasonallyAdjusted,2,,食料（名目）,2022-06,25.1,false
seasonallyAdjusted,3,,住居（名目）,2022-06,6.6,false
seasonallyAdjusted,4,,光熱・水道（名目）,2022-06,7.4,false
seasonallyAdjusted,5,,家具・家事用品（名目）,2022-06,4.1,false
seasonallyAdjusted,6,,被服及び履物（名目）,2022-06,3.1,false
seasonallyAdjusted,7,,保健医療（名目）,2022-06,4.9,false
seasonallyAdjusted,8,,交通・通信（名目）,2022-06,15.1,false
seasonallyAdjusted,9,,教育（名目）,2022-06,3.9,false
seasonallyAdjusted,10,,教養娯楽（名目）,2022-06,9,false
seasonallyAdjusted,11,,その他の消費支出（名目）,2022-06,14.2,false
seasonallyAdjusted,12,,消費支出（実質）,2022-06,104.2,false
seasonallyAdjusted,13,,食料（実質）,2022-06,30.5,false
seasonallyAdjusted,14,,住居（実質）,2022-06,7.1,false
seasonallyAdjusted,15,,光熱・水道（実質）,2022-06,7.5,false
seasonallyAdjusted,16,,家具・家事用品（実質）,2022-06,4.7,false
seasonallyAdjusted,17,,被服及び履物（実質）,2022-06,3.4,false
seasonallyAdjusted,18,,保健医療（実質）,2022-06,5.1,false
seasonallyAdjusted,19,,交通・通信（実質）,2022-06,16,false
seasonallyAdjusted,20,,教育（実質）,2022-06,3.7,false
seasonallyAdjusted,21,,教養娯楽（実質）,2022-06,10,false
seasonallyAdjusted,22,,その他の消費支出（実質）,2022-06,15.8,false
seasonallyAdjusted,1,,消費支出（名目）,2022-07,93.7,false
seasonallyAdjusted,2,,食料（名目）,2022-07,25,false
seasonallyAdjusted,3,,住居（名目）,2022-07,6.5,false
seasonallyAdjusted,4,,光熱・水道（名目）,2022-07,7.4,false
seasonallyAdjusted,5,,家具・家事用品（名目）,2022-07,3.9,false
seasonallyAdjusted,6,,被服及び履物（名目）,2022-07,3,false
seasonallyAdjusted,7,,保健医療（名目）,2022-07,4.8,false
seasonallyAdjusted,8,,交通・通信（名目）,2022-07,15.8,false
seasonallyAdjusted,9,,教育（名目）,2022-07,4.1,false
seasonallyAdjusted,10,,教養娯楽（名目）,2022-07,8.8,false
seasonallyAdjusted,11,,その他の消費支出（名目）,2022-07,14.3,false
seasonallyAdjusted,12,,消費支出（実質）,2022-07,103.9,false
seasonallyAdjusted,13,,食料（実質）,2022-07,30.1,false
seasonallyAdjusted,14,,住居（実質）,2022-07,7.1,false
seasonallyAdjusted,15,,光熱・水道（実質）,2022-07,7.5,false
seasonallyAdjusted,16,,家具・家事用品（実質）,2022-07,4.6,false
seasonallyAdjusted,17,,被服及び履物（実質）,2022-07,3.2,false
seasonallyAdjusted,18,,保健医療（実質）,2022-07,5,false
seasonallyAdjusted,19,,交通・通信（実質）,2022-07,16.6,false
seasonallyAdjusted,20,,教育（実質）,2022-07,3.9,false
seasonallyAdjusted,21,,教養娯楽（実質）,2022-07,9.9,false
seasonallyAdjusted,22,,その他の消費支出（実質）,2022-07,15.9,false
seasonallyAdjusted,1,,消費支出（名目）,2022-08,91.9,false
seasonallyAdjusted,2,,食料（名目）,2022-08,24.8,false
seasonallyAdjusted,3,,住居（名目）,2022-08,6.2,false
seasonallyAdjusted,4,,光熱・水道（名目）,2022-08,7.5,false
seasonallyAdjusted,5,,家具・家事用品（名目）,2022-08,3.9,false
seasonallyAdjusted,6,,被服及び履物（名目）,2022-08,3.1,false
seasonallyAdjusted,7,,保健医療（名目）,2022-08,4.9,false
seasonallyAdjusted,8,,交通・通信（名目）,2022-08,14.9,false
seasonallyAdjusted,9,,教育（名目）,2022-08,4.1,false
seasonallyAdjusted,10,,教養娯楽（名目）,2022-08,8.6,false
seasonallyAdjusted,11,,その他の消費支出（名目）,2022-08,14,false
seasonallyAdjusted,12,,消費支出（実質）,2022-08,101.7,false
seasonallyAdjusted,13,,食料（実質）,2022-08,29.8,false
seasonallyAdjusted,14,,住居（実質）,2022-08,6.8,false
seasonallyAdjusted,15,,光熱・水道（実質）,2022-08,7.4,false
seasonallyAdjusted,16,,家具・家事用品（実質）,2022-08,4.4,false
seasonallyAdjusted,17,,被服及び履物（実質）,2022-08,3.4,false
seasonallyAdjusted,18,,保健医療（実質）,2022-08,5.2,false
seasonallyAdjusted,19,,交通・通信（実質）,2022-08,16.2,false
seasonallyAdjusted,20,,教育（実質）,2022-08,4,false
seasonallyAdjusted,21,,教養娯楽（実質）,2022-08,9.7,false
seasonallyAdjusted,22,,その他の消費支出（実質）,2022-08,15.4,false
seasonallyAdjusted,1,,消費支出（名目）,2022-09,94.9,false
seasonallyAdjusted,2,,食料（名目）,2022-09,25.6,false
seasonallyAdjusted,3,,住居（名目）,2022-09,6.5,false
seasonallyAdjusted,4,,光熱・水道（名目）,2022-09,7.6,false
seasonallyAdjusted,5,,家具・家事用品（名目）,2022-09,4.3,false
seasonallyAdjusted,6,,被服及び履物（名目）,2022-09,3.3,false
seasonallyAdjusted,7,,保健医療（名目）,2022-09,4.7,false
seasonallyAdjusted,8,,交通・通信（名目）,2022-09,15.2,false
seasonallyAdjusted,9,,教育（名目）,2022-09,4.2,false
seasonallyAdjusted,10,,教養娯楽（名目）,2022-09,8.9,false
seasonallyAdjusted,11,,その他の消費支出（名目）,2022-09,14.1,false
seasonallyAdjusted,12,,消費支出（実質）,2022-09,104.1,false
seasonallyAdjusted,13,,食料（実質）,2022-09,30.6,false
seasonallyAdjusted,14,,住居（実質）,2022-09,7,false
seasonallyAdjusted,15,,光熱・水道（実質）,2022-09,7.5,false
seasonallyAdjusted,16,,家具・家事用品（実質）,2022-09,4.9,false
seasonallyAdjusted,17,,被服及び履物（実質）,2022-09,3.6,false
seasonallyAdjusted,18,,保健医療（実質）,2022-09,5,false
seasonallyAdjusted,19,,交通・通信（実質）,2022-09,16.2,false
seasonallyAdjusted,20,,教育（実質）,2022-09,4,false
seasonallyAdjusted,21,,教養娯楽（実質）,2022-09,9.9,false
seasonallyAdjusted,22,,その他の消費支出（実質）,2022-09,15.5,false
seasonallyAdjusted,1,,消費支出（名目）,2022-10,94.5,false
seasonallyAdjusted,2,,食料（名目）,2022-10,25.6,false
seasonallyAdjusted,3,,住居（名目）,2022-10,6.6,false
seasonallyAdjusted,4,,光熱・水道（名目）,2022-10,7.7,false
seasonallyAdjusted,5,,家具・家事用品（名目）,2022-10,4.4,false
seasonallyAdjusted,6,,被服及び履物（名目）,2022-10,3.3,false
seasonallyAdjusted,7,,保健医療（名目）,2022-10,4.8,false
seasonallyAdjusted,8,,交通・通信（名目）,2022-10,15.1,false
seasonallyAdjusted,9,,教育（名目）,2022-10,3.7,false
seasonallyAdjusted,10,,教養娯楽（名目）,2022-10,9.1,false
seasonallyAdjusted,11,,その他の消費支出（名目）,2022-10,14.2,false
seasonallyAdjusted,12,,消費支出（実質）,2022-10,103.2,false
seasonallyAdjusted,13,,食料（実質）,2022-10,30.3,false
seasonallyAdjusted,14,,住居（実質）,2022-10,7.1,false
seasonallyAdjusted,15,,光熱・水道（実質）,2022-10,7.6,false
seasonallyAdjusted,16,,家具・家事用品（実質）,2022-10,4.9,false
seasonallyAdjusted,17,,被服及び履物（実質）,2022-10,3.6,false
seasonallyAdjusted,18,,保健医療（実質）,2022-10,5,false
seasonallyAdjusted,19,,交通・通信（実質）,2022-10,16,false
seasonallyAdjusted,20,,教育（実質）,2022-10,3.5,false
seasonallyAdjusted,21,,教養娯楽（実質）,2022-10,10.3,false
seasonallyAdjusted,22,,その他の消費支出（実質）,2022-10,15.5,false
seasonallyAdjusted,1,,消費支出（名目）,2022-11,93.8,false
seasonallyAdjusted,2,,食料（名目）,2022-11,25.4,false
seasonallyAdjusted,3,,住居（名目）,2022-11,6.6,false
seasonallyAdjusted,4,,光熱・水道（名目）,2022-11,7.8,false
seasonallyAdjusted,5,,家具・家事用品（名目）,2022-11,4,false
seasonallyAdjusted,6,,被服及び履物（名目）,2022-11,3,false
seasonallyAdjusted,7,,保健医療（名目）,2022-11,4.8,false
seasonallyAdjusted,8,,交通・通信（名目）,2022-11,15.4,false
seasonallyAdjusted,9,,教育（名目）,2022-11,4,false
seasonallyAdjusted,10,,教養娯楽（名目）,2022-11,9,false
seasonallyAdjusted,11,,その他の消費支出（名目）,2022-11,13.9,false
seasonallyAdjusted,12,,消費支出（実質）,2022-11,102.5,false
seasonallyAdjusted,13,,食料（実質）,2022-11,29.8,false
seasonallyAdjusted,14,,住居（実質）,2022-11,7,false
seasonallyAdjusted,15,,光熱・水道（実質）,2022-11,7.6,false
seasonallyAdjusted,16,,家具・家事用品（実質）,2022-11,4.5,false
seasonallyAdjusted,17,,被服及び履物（実質）,2022-11,3.2,false
seasonallyAdjusted,18,,保健医療（実質）,2022-11,5,false
seasonallyAdjusted,19,,交通・通信（実質）,2022-11,16.2,false
seasonallyAdjusted,20,,教育（実質）,2022-11,3.8,false
seasonallyAdjusted,21,,教養娯楽（実質）,2022-11,10.2,false
seasonallyAdjusted,22,,その他の消費支出（実質）,2022-11,15.3,false
seasonallyAdjusted,1,,消費支出（名目）,2022-12,95,false
seasonallyAdjusted,2,,食料（名目）,2022-12,25.5,false
seasonallyAdjusted,3,,住居（名目）,2022-12,6.4,false
seasonallyAdjusted,4,,光熱・水道（名目）,2022-12,7.9,false
seasonallyAdjusted,5,,家具・家事用品（名目）,2022-12,4.3,false
seasonallyAdjusted,6,,被服及び履物（名目）,2022-12,3.2,false
seasonallyAdjusted,7,,保健医療（名目）,2022-12,4.6,false
seasonallyAdjusted,8,,交通・通信（名目）,2022-12,15.9,false
seasonallyAdjusted,9,,教育（名目）,2022-12,4.2,false
seasonallyAdjusted,10,,教養娯楽（名目）,2022-12,8.9,false
seasonallyAdjusted,11,,その他の消費支出（名目）,2022-12,14,false
seasonallyAdjusted,12,,消費支出（実質）,2022-12,103.3,false
seasonallyAdjusted,13,,食料（実質）,2022-12,29.8,false
seasonallyAdjusted,14,,住居（実質）,2022-12,6.8,false
seasonallyAdjusted,15,,光熱・水道（実質）,2022-12,7.5,false
seasonallyAdjusted,16,,家具・家事用品（実質）,2022-12,4.8,false
seasonallyAdjusted,17,,被服及び履物（実質）,2022-12,3.5,false
seasonallyAdjusted,18,,保健医療（実質）,2022-12,4.8,false
seasonallyAdjusted,19,,交通・通信（実質）,2022-12,16.7,false
seasonallyAdjusted,20,,教育（実質）,2022-12,4,false
seasonallyAdjusted,21,,教養娯楽（実質）,2022-12,10.2,false
seasonallyAdjusted,22,,その他の消費支出（実質）,2022-12,15.3,false
seasonallyAdjusted,1,,消費支出（名目）,2023-01,96.4,false
seasonallyAdjusted,2,,食料（名目）,2023-01,26.1,false
seasonallyAdjusted,3,,住居（名目）,2023-01,6.5,false
seasonallyAdjusted,4,,光熱・水道（名目）,2023-01,8.3,false
seasonallyAdjusted,5,,家具・家事用品（名目）,2023-01,4.3,false
seasonallyAdjusted,6,,被服及び履物（名目）,2023-01,3.1,false
seasonallyAdjusted,7,,保健医療（名目）,2023-01,4.4,false
seasonallyAdjusted,8,,交通・通信（名目）,2023-01,16.3,false
seasonallyAdjusted,9,,教育（名目）,2023-01,3.8,false
seasonallyAdjusted,10,,教養娯楽（名目）,2023-01,9.5,false
seasonallyAdjusted,11,,その他の消費支出（名目）,2023-01,14,false
seasonallyAdjusted,12,,消費支出（実質）,2023-01,104.2,false
seasonallyAdjusted,13,,食料（実質）,2023-01,30.1,false
seasonallyAdjusted,14,,住居（実質）,2023-01,6.8,false
seasonallyAdjusted,15,,光熱・水道（実質）,2023-01,8,false
seasonallyAdjusted,16,,家具・家事用品（実質）,2023-01,4.7,false
seasonallyAdjusted,17,,被服及び履物（実質）,2023-01,3.3,false
seasonallyAdjusted,18,,保健医療（実質）,2023-01,4.6,false
seasonallyAdjusted,19,,交通・通信（実質）,2023-01,17.2,false
seasonallyAdjusted,20,,教育（実質）,2023-01,3.7,false
seasonallyAdjusted,21,,教養娯楽（実質）,2023-01,10.6,false
seasonallyAdjusted,22,,その他の消費支出（実質）,2023-01,15.1,false
seasonallyAdjusted,1,,消費支出（名目）,2023-02,95.4,false
seasonallyAdjusted,2,,食料（名目）,2023-02,26.3,false
seasonallyAdjusted,3,,住居（名目）,2023-02,6.2,false
seasonallyAdjusted,4,,光熱・水道（名目）,2023-02,8.5,false
seasonallyAdjusted,5,,家具・家事用品（名目）,2023-02,4.1,false
seasonallyAdjusted,6,,被服及び履物（名目）,2023-02,3.1,false
seasonallyAdjusted,7,,保健医療（名目）,2023-02,4.7,false
seasonallyAdjusted,8,,交通・通信（名目）,2023-02,15.4,false
seasonallyAdjusted,9,,教育（名目）,2023-02,3.7,false
seasonallyAdjusted,10,,教養娯楽（名目）,2023-02,9.4,false
seasonallyAdjusted,11,,その他の消費支出（名目）,2023-02,13.9,false
seasonallyAdjusted,12,,消費支出（実質）,2023-02,103.7,false
seasonallyAdjusted,13,,食料（実質）,2023-02,30,false
seasonallyAdjusted,14,,住居（実質）,2023-02,6.5,false
seasonallyAdjusted,15,,光熱・水道（実質）,2023-02,8.7,false
seasonallyAdjusted,16,,家具・家事用品（実質）,2023-02,4.5,false
seasonallyAdjusted,17,,被服及び履物（実質）,2023-02,3.3,false
seasonallyAdjusted,18,,保健医療（実質）,2023-02,4.8,false
seasonallyAdjusted,19,,交通・通信（実質）,2023-02,16.3,false
seasonallyAdjusted,20,,教育（実質）,2023-02,3.5,false
seasonallyAdjusted,21,,教養娯楽（実質）,2023-02,10.4,false
seasonallyAdjusted,22,,その他の消費支出（実質）,2023-02,15,false
seasonallyAdjusted,1,,消費支出（名目）,2023-03,95.4,false
seasonallyAdjusted,2,,食料（名目）,2023-03,26.2,false
seasonallyAdjusted,3,,住居（名目）,2023-03,6.3,false
seasonallyAdjusted,4,,光熱・水道（名目）,2023-03,7.8,false
seasonallyAdjusted,5,,家具・家事用品（名目）,2023-03,4.3,false
seasonallyAdjusted,6,,被服及び履物（名目）,2023-03,3.3,false
seasonallyAdjusted,7,,保健医療（名目）,2023-03,4.8,false
seasonallyAdjusted,8,,交通・通信（名目）,2023-03,15.8,false
seasonallyAdjusted,9,,教育（名目）,2023-03,3.8,false
seasonallyAdjusted,10,,教養娯楽（名目）,2023-03,9.5,false
seasonallyAdjusted,11,,その他の消費支出（名目）,2023-03,13.6,false
seasonallyAdjusted,12,,消費支出（実質）,2023-03,103.3,false
seasonallyAdjusted,13,,食料（実質）,2023-03,29.6,false
seasonallyAdjusted,14,,住居（実質）,2023-03,6.6,false
seasonallyAdjusted,15,,光熱・水道（実質）,2023-03,8.1,false
seasonallyAdjusted,16,,家具・家事用品（実質）,2023-03,4.6,false
seasonallyAdjusted,17,,被服及び履物（実質）,2023-03,3.5,false
seasonallyAdjusted,18,,保健医療（実質）,2023-03,5,false
seasonallyAdjusted,19,,交通・通信（実質）,2023-03,16.8,false
seasonallyAdjusted,20,,教育（実質）,2023-03,3.7,false
seasonallyAdjusted,21,,教養娯楽（実質）,2023-03,10.5,false
seasonallyAdjusted,22,,その他の消費支出（実質）,2023-03,14.7,false
seasonallyAdjusted,1,,消費支出（名目）,2023-04,95.7,false
seasonallyAdjusted,2,,食料（名目）,2023-04,26.5,false
seasonallyAdjusted,3,,住居（名目）,2023-04,6.3,false
seasonallyAdjusted,4,,光熱・水道（名目）,2023-04,7.4,false
seasonallyAdjusted,5,,家具・家事用品（名目）,2023-04,4.2,false
seasonallyAdjusted,6,,被服及び履物（名目）,2023-04,3.1,false
seasonallyAdjusted,7,,保健医療（名目）,2023-04,4.9,false
seasonallyAdjusted,8,,交通・通信（名目）,2023-04,17,false
seasonallyAdjusted,9,,教育（名目）,2023-04,4,false
seasonallyAdjusted,10,,教養娯楽（名目）,2023-04,9.3,false
seasonallyAdjusted,11,,その他の消費支出（名目）,2023-04,13.8,false
seasonallyAdjusted,12,,消費支出（実質）,2023-04,103.2,false
seasonallyAdjusted,13,,食料（実質）,2023-04,29.8,false
seasonallyAdjusted,14,,住居（実質）,2023-04,6.6,false
seasonallyAdjusted,15,,光熱・水道（実質）,2023-04,7.9,false
seasonallyAdjusted,16,,家具・家事用品（実質）,2023-04,4.4,false
seasonallyAdjusted,17,,被服及び履物（実質）,2023-04,3.2,false
seasonallyAdjusted,18,,保健医療（実質）,2023-04,5.1,false
seasonallyAdjusted,19,,交通・通信（実質）,2023-04,18.1,false
seasonallyAdjusted,20,,教育（実質）,2023-04,3.8,false
seasonallyAdjusted,21,,教養娯楽（実質）,2023-04,10.2,false
seasonallyAdjusted,22,,その他の消費支出（実質）,2023-04,14.8,false
seasonallyAdjusted,1,,消費支出（名目）,2023-05,94.3,false
seasonallyAdjusted,2,,食料（名目）,2023-05,26.6,false
seasonallyAdjusted,3,,住居（名目）,2023-05,5.9,false
seasonallyAdjusted,4,,光熱・水道（名目）,2023-05,7.2,false
seasonallyAdjusted,5,,家具・家事用品（名目）,2023-05,4.1,false
seasonallyAdjusted,6,,被服及び履物（名目）,2023-05,3.1,false
seasonallyAdjusted,7,,保健医療（名目）,2023-05,4.5,false
seasonallyAdjusted,8,,交通・通信（名目）,2023-05,15.8,false
seasonallyAdjusted,9,,教育（名目）,2023-05,4.1,false
seasonallyAdjusted,10,,教養娯楽（名目）,2023-05,9.5,false
seasonallyAdjusted,11,,その他の消費支出（名目）,2023-05,13.2,false
seasonallyAdjusted,12,,消費支出（実質）,2023-05,101.7,false
seasonallyAdjusted,13,,食料（実質）,2023-05,29.7,false
seasonallyAdjusted,14,,住居（実質）,2023-05,6.2,false
seasonallyAdjusted,15,,光熱・水道（実質）,2023-05,7.9,false
seasonallyAdjusted,16,,家具・家事用品（実質）,2023-05,4.4,false
seasonallyAdjusted,17,,被服及び履物（実質）,2023-05,3.3,false
seasonallyAdjusted,18,,保健医療（実質）,2023-05,4.7,false
seasonallyAdjusted,19,,交通・通信（実質）,2023-05,16.7,false
seasonallyAdjusted,20,,教育（実質）,2023-05,3.9,false
seasonallyAdjusted,21,,教養娯楽（実質）,2023-05,10.3,false
seasonallyAdjusted,22,,その他の消費支出（実質）,2023-05,14.1,false
seasonallyAdjusted,1,,消費支出（名目）,2023-06,94.3,false
seasonallyAdjusted,2,,食料（名目）,2023-06,26.2,false
seasonallyAdjusted,3,,住居（名目）,2023-06,6.1,false
seasonallyAdjusted,4,,光熱・水道（名目）,2023-06,7,false
seasonallyAdjusted,5,,家具・家事用品（名目）,2023-06,3.8,false
seasonallyAdjusted,6,,被服及び履物（名目）,2023-06,3.2,false
seasonallyAdjusted,7,,保健医療（名目）,2023-06,4.5,false
seasonallyAdjusted,8,,交通・通信（名目）,2023-06,16.3,false
seasonallyAdjusted,9,,教育（名目）,2023-06,4.1,false
seasonallyAdjusted,10,,教養娯楽（名目）,2023-06,9.2,false
seasonallyAdjusted,11,,その他の消費支出（名目）,2023-06,13.7,false
seasonallyAdjusted,12,,消費支出（実質）,2023-06,101.2,false
seasonallyAdjusted,13,,食料（実質）,2023-06,29.3,false
seasonallyAdjusted,14,,住居（実質）,2023-06,6.4,false
seasonallyAdjusted,15,,光熱・水道（実質）,2023-06,7.7,false
seasonallyAdjusted,16,,家具・家事用品（実質）,2023-06,4,false
seasonallyAdjusted,17,,被服及び履物（実質）,2023-06,3.3,false
seasonallyAdjusted,18,,保健医療（実質）,2023-06,4.6,false
seasonallyAdjusted,19,,交通・通信（実質）,2023-06,16.9,false
seasonallyAdjusted,20,,教育（実質）,2023-06,3.8,false
seasonallyAdjusted,21,,教養娯楽（実質）,2023-06,10,false
seasonallyAdjusted,22,,その他の消費支出（実質）,2023-06,14.6,false
seasonallyAdjusted,1,,消費支出（名目）,2023-07,94.8,false
seasonallyAdjusted,2,,食料（名目）,2023-07,26.6,false
seasonallyAdjusted,3,,住居（名目）,2023-07,5.9,false
seasonallyAdjusted,4,,光熱・水道（名目）,2023-07,6.8,false
seasonallyAdjusted,5,,家具・家事用品（名目）,2023-07,4.2,false
seasonallyAdjusted,6,,被服及び履物（名目）,2023-07,3.4,false
seasonallyAdjusted,7,,保健医療（名目）,2023-07,4.6,false
seasonallyAdjusted,8,,交通・通信（名目）,2023-07,16.4,false
seasonallyAdjusted,9,,教育（名目）,2023-07,3.9,false
seasonallyAdjusted,10,,教養娯楽（名目）,2023-07,9.2,false
seasonallyAdjusted,11,,その他の消費支出（名目）,2023-07,13.6,false
seasonallyAdjusted,12,,消費支出（実質）,2023-07,101.1,false
seasonallyAdjusted,13,,食料（実質）,2023-07,29.5,false
seasonallyAdjusted,14,,住居（実質）,2023-07,6.2,false
seasonallyAdjusted,15,,光熱・水道（実質）,2023-07,7.7,false
seasonallyAdjusted,16,,家具・家事用品（実質）,2023-07,4.5,false
seasonallyAdjusted,17,,被服及び履物（実質）,2023-07,3.5,false
seasonallyAdjusted,18,,保健医療（実質）,2023-07,4.7,false
seasonallyAdjusted,19,,交通・通信（実質）,2023-07,16.9,false
seasonallyAdjusted,20,,教育（実質）,2023-07,3.7,false
seasonallyAdjusted,21,,教養娯楽（実質）,2023-07,9.9,false
seasonallyAdjusted,22,,その他の消費支出（実質）,2023-07,14.6,false
seasonallyAdjusted,1,,消費支出（名目）,2023-08,94.4,false
seasonallyAdjusted,2,,食料（名目）,2023-08,26.4,false
seasonallyAdjusted,3,,住居（名目）,2023-08,6.3,false
seasonallyAdjusted,4,,光熱・水道（名目）,2023-08,6.7,false
seasonallyAdjusted,5,,家具・家事用品（名目）,2023-08,4,false
seasonallyAdjusted,6,,被服及び履物（名目）,2023-08,3.1,false
seasonallyAdjusted,7,,保健医療（名目）,2023-08,4.6,false
seasonallyAdjusted,8,,交通・通信（名目）,2023-08,16.1,false
seasonallyAdjusted,9,,教育（名目）,2023-08,4,false
seasonallyAdjusted,10,,教養娯楽（名目）,2023-08,9.5,false
seasonallyAdjusted,11,,その他の消費支出（名目）,2023-08,13.6,false
seasonallyAdjusted,12,,消費支出（実質）,2023-08,100.8,false
seasonallyAdjusted,13,,食料（実質）,2023-08,29.3,false
seasonallyAdjusted,14,,住居（実質）,2023-08,6.5,false
seasonallyAdjusted,15,,光熱・水道（実質）,2023-08,7.5,false
seasonallyAdjusted,16,,家具・家事用品（実質）,2023-08,4.3,false
seasonallyAdjusted,17,,被服及び履物（実質）,2023-08,3.2,false
seasonallyAdjusted,18,,保健医療（実質）,2023-08,4.7,false
seasonallyAdjusted,19,,交通・通信（実質）,2023-08,16.8,false
seasonallyAdjusted,20,,教育（実質）,2023-08,3.8,false
seasonallyAdjusted,21,,教養娯楽（実質）,2023-08,10.2,false
seasonallyAdjusted,22,,その他の消費支出（実質）,2023-08,14.5,false
seasonallyAdjusted,1,,消費支出（名目）,2023-09,94.4,false
seasonallyAdjusted,2,,食料（名目）,2023-09,26.9,false
seasonallyAdjusted,3,,住居（名目）,2023-09,6,false
seasonallyAdjusted,4,,光熱・水道（名目）,2023-09,6.6,false
seasonallyAdjusted,5,,家具・家事用品（名目）,2023-09,4.2,false
seasonallyAdjusted,6,,被服及び履物（名目）,2023-09,2.9,false
seasonallyAdjusted,7,,保健医療（名目）,2023-09,4.7,false
seasonallyAdjusted,8,,交通・通信（名目）,2023-09,15.8,false
seasonallyAdjusted,9,,教育（名目）,2023-09,3.9,false
seasonallyAdjusted,10,,教養娯楽（名目）,2023-09,9.4,false
seasonallyAdjusted,11,,その他の消費支出（名目）,2023-09,13.7,false
seasonallyAdjusted,12,,消費支出（実質）,2023-09,100.2,false
seasonallyAdjusted,13,,食料（実質）,2023-09,29.6,false
seasonallyAdjusted,14,,住居（実質）,2023-09,6.2,false
seasonallyAdjusted,15,,光熱・水道（実質）,2023-09,7.6,false
seasonallyAdjusted,16,,家具・家事用品（実質）,2023-09,4.4,false
seasonallyAdjusted,17,,被服及び履物（実質）,2023-09,3,false
seasonallyAdjusted,18,,保健医療（実質）,2023-09,4.9,false
seasonallyAdjusted,19,,交通・通信（実質）,2023-09,16.2,false
seasonallyAdjusted,20,,教育（実質）,2023-09,3.7,false
seasonallyAdjusted,21,,教養娯楽（実質）,2023-09,10,false
seasonallyAdjusted,22,,その他の消費支出（実質）,2023-09,14.5,false
seasonallyAdjusted,1,,消費支出（名目）,2023-10,96.4,false
seasonallyAdjusted,2,,食料（名目）,2023-10,27,false
seasonallyAdjusted,3,,住居（名目）,2023-10,6.3,false
seasonallyAdjusted,4,,光熱・水道（名目）,2023-10,6.8,false
seasonallyAdjusted,5,,家具・家事用品（名目）,2023-10,4.2,false
seasonallyAdjusted,6,,被服及び履物（名目）,2023-10,3.2,false
seasonallyAdjusted,7,,保健医療（名目）,2023-10,5,false
seasonallyAdjusted,8,,交通・通信（名目）,2023-10,16,false
seasonallyAdjusted,9,,教育（名目）,2023-10,4,false
seasonallyAdjusted,10,,教養娯楽（名目）,2023-10,9.7,false
seasonallyAdjusted,11,,その他の消費支出（名目）,2023-10,13.8,false
seasonallyAdjusted,12,,消費支出（実質）,2023-10,101.3,false
seasonallyAdjusted,13,,食料（実質）,2023-10,29.3,false
seasonallyAdjusted,14,,住居（実質）,2023-10,6.6,false
seasonallyAdjusted,15,,光熱・水道（実質）,2023-10,7.4,false
seasonallyAdjusted,16,,家具・家事用品（実質）,2023-10,4.5,false
seasonallyAdjusted,17,,被服及び履物（実質）,2023-10,3.4,false
seasonallyAdjusted,18,,保健医療（実質）,2023-10,5.2,false
seasonallyAdjusted,19,,交通・通信（実質）,2023-10,16.5,false
seasonallyAdjusted,20,,教育（実質）,2023-10,3.8,false
seasonallyAdjusted,21,,教養娯楽（実質）,2023-10,10.2,false
seasonallyAdjusted,22,,その他の消費支出（実質）,2023-10,14.5,false
seasonallyAdjusted,1,,消費支出（名目）,2023-11,95.7,false
seasonallyAdjusted,2,,食料（名目）,2023-11,26.9,false
seasonallyAdjusted,3,,住居（名目）,2023-11,5.9,false
seasonallyAdjusted,4,,光熱・水道（名目）,2023-11,6.9,false
seasonallyAdjusted,5,,家具・家事用品（名目）,2023-11,4.4,false
seasonallyAdjusted,6,,被服及び履物（名目）,2023-11,3.4,false
seasonallyAdjusted,7,,保健医療（名目）,2023-11,4.7,false
seasonallyAdjusted,8,,交通・通信（名目）,2023-11,15.7,false
seasonallyAdjusted,9,,教育（名目）,2023-11,4,false
seasonallyAdjusted,10,,教養娯楽（名目）,2023-11,9.7,false
seasonallyAdjusted,11,,その他の消費支出（名目）,2023-11,14.2,false
seasonallyAdjusted,12,,消費支出（実質）,2023-11,101.1,false
seasonallyAdjusted,13,,食料（実質）,2023-11,29.4,false
seasonallyAdjusted,14,,住居（実質）,2023-11,6.1,false
seasonallyAdjusted,15,,光熱・水道（実質）,2023-11,7.5,false
seasonallyAdjusted,16,,家具・家事用品（実質）,2023-11,4.6,false
seasonallyAdjusted,17,,被服及び履物（実質）,2023-11,3.6,false
seasonallyAdjusted,18,,保健医療（実質）,2023-11,4.8,false
seasonallyAdjusted,19,,交通・通信（実質）,2023-11,16.2,false
seasonallyAdjusted,20,,教育（実質）,2023-11,3.8,false
seasonallyAdjusted,21,,教養娯楽（実質）,2023-11,10.2,false
seasonallyAdjusted,22,,その他の消費支出（実質）,2023-11,15,false
seasonallyAdjusted,1,,消費支出（名目）,2023-12,94.4,false
seasonallyAdjusted,2,,食料（名目）,2023-12,26.8,false
seasonallyAdjusted,3,,住居（名目）,2023-12,6,false
seasonallyAdjusted,4,,光熱・水道（名目）,2023-12,6.8,false
seasonallyAdjusted,5,,家具・家事用品（名目）,2023-12,4.2,false
seasonallyAdjusted,6,,被服及び履物（名目）,2023-12,3.1,false
seasonallyAdjusted,7,,保健医療（名目）,2023-12,4.6,false
seasonallyAdjusted,8,,交通・通信（名目）,2023-12,15.7,false
seasonallyAdjusted,9,,教育（名目）,2023-12,4,false
seasonallyAdjusted,10,,教養娯楽（名目）,2023-12,9.4,false
seasonallyAdjusted,11,,その他の消費支出（名目）,2023-12,13.7,false
seasonallyAdjusted,12,,消費支出（実質）,2023-12,99.9,false
seasonallyAdjusted,13,,食料（実質）,2023-12,29.4,false
seasonallyAdjusted,14,,住居（実質）,2023-12,6.2,false
seasonallyAdjusted,15,,光熱・水道（実質）,2023-12,7.5,false
seasonallyAdjusted,16,,家具・家事用品（実質）,2023-12,4.3,false
seasonallyAdjusted,17,,被服及び履物（実質）,2023-12,3.2,false
seasonallyAdjusted,18,,保健医療（実質）,2023-12,4.7,false
seasonallyAdjusted,19,,交通・通信（実質）,2023-12,16.1,false
seasonallyAdjusted,20,,教育（実質）,2023-12,3.8,false
seasonallyAdjusted,21,,教養娯楽（実質）,2023-12,10,false
seasonallyAdjusted,22,,その他の消費支出（実質）,2023-12,14.5,false
seasonallyAdjusted,1,,消費支出（名目）,2024-01,94.7,false
seasonallyAdjusted,2,,食料（名目）,2024-01,27.1,false
seasonallyAdjusted,3,,住居（名目）,2024-01,5.8,false
seasonallyAdjusted,4,,光熱・水道（名目）,2024-01,6.5,false
seasonallyAdjusted,5,,家具・家事用品（名目）,2024-01,4.4,false
seasonallyAdjusted,6,,被服及び履物（名目）,2024-01,3.2,false
seasonallyAdjusted,7,,保健医療（名目）,2024-01,4.7,false
seasonallyAdjusted,8,,交通・通信（名目）,2024-01,15.4,false
seasonallyAdjusted,9,,教育（名目）,2024-01,4.2,false
seasonallyAdjusted,10,,教養娯楽（名目）,2024-01,9.7,false
seasonallyAdjusted,11,,その他の消費支出（名目）,2024-01,13.9,false
seasonallyAdjusted,12,,消費支出（実質）,2024-01,99.8,false
seasonallyAdjusted,13,,食料（実質）,2024-01,29.5,false
seasonallyAdjusted,14,,住居（実質）,2024-01,6,false
seasonallyAdjusted,15,,光熱・水道（実質）,2024-01,7.2,false
seasonallyAdjusted,16,,家具・家事用品（実質）,2024-01,4.6,false
seasonallyAdjusted,17,,被服及び履物（実質）,2024-01,3.4,false
seasonallyAdjusted,18,,保健医療（実質）,2024-01,4.8,false
seasonallyAdjusted,19,,交通・通信（実質）,2024-01,15.9,false
seasonallyAdjusted,20,,教育（実質）,2024-01,4,false
seasonallyAdjusted,21,,教養娯楽（実質）,2024-01,10.1,false
seasonallyAdjusted,22,,その他の消費支出（実質）,2024-01,14.7,false
seasonallyAdjusted,1,,消費支出（名目）,2024-02,94.8,false
seasonallyAdjusted,2,,食料（名目）,2024-02,27.1,false
seasonallyAdjusted,3,,住居（名目）,2024-02,6.3,false
seasonallyAdjusted,4,,光熱・水道（名目）,2024-02,6.6,false
seasonallyAdjusted,5,,家具・家事用品（名目）,2024-02,4.4,false
seasonallyAdjusted,6,,被服及び履物（名目）,2024-02,3.4,false
seasonallyAdjusted,7,,保健医療（名目）,2024-02,4.8,false
seasonallyAdjusted,8,,交通・通信（名目）,2024-02,15.8,false
seasonallyAdjusted,9,,教育（名目）,2024-02,4.4,false
seasonallyAdjusted,10,,教養娯楽（名目）,2024-02,9.9,false
seasonallyAdjusted,11,,その他の消費支出（名目）,2024-02,14.3,false
seasonallyAdjusted,12,,消費支出（実質）,2024-02,99.4,false
seasonallyAdjusted,13,,食料（実質）,2024-02,29.5,false
seasonallyAdjusted,14,,住居（実質）,2024-02,6.5,false
seasonallyAdjusted,15,,光熱・水道（実質）,2024-02,7,false
seasonallyAdjusted,16,,家具・家事用品（実質）,2024-02,4.6,false
seasonallyAdjusted,17,,被服及び履物（実質）,2024-02,3.5,false
seasonallyAdjusted,18,,保健医療（実質）,2024-02,4.9,false
seasonallyAdjusted,19,,交通・通信（実質）,2024-02,16.3,false
seasonallyAdjusted,20,,教育（実質）,2024-02,4.1,false
seasonallyAdjusted,21,,教養娯楽（実質）,2024-02,10.1,false
seasonallyAdjusted,22,,その他の消費支出（実質）,2024-02,15.1,false
seasonallyAdjusted,1,,消費支出（名目）,2024-03,95.7,false
seasonallyAdjusted,2,,食料（名目）,2024-03,27.7,false
seasonallyAdjusted,3,,住居（名目）,2024-03,6.4,false
seasonallyAdjusted,4,,光熱・水道（名目）,2024-03,6.8,false
seasonallyAdjusted,5,,家具・家事用品（名目）,2024-03,4.2,false
seasonallyAdjusted,6,,被服及び履物（名目）,2024-03,3.2,false
seasonallyAdjusted,7,,保健医療（名目）,2024-03,4.8,false
seasonallyAdjusted,8,,交通・通信（名目）,2024-03,15.9,false
seasonallyAdjusted,9,,教育（名目）,2024-03,4.1,false
seasonallyAdjusted,10,,教養娯楽（名目）,2024-03,9.7,false
seasonallyAdjusted,11,,その他の消費支出（名目）,2024-03,13.2,false
seasonallyAdjusted,12,,消費支出（実質）,2024-03,100.6,false
seasonallyAdjusted,13,,食料（実質）,2024-03,29.8,false
seasonallyAdjusted,14,,住居（実質）,2024-03,6.7,false
seasonallyAdjusted,15,,光熱・水道（実質）,2024-03,7.2,false
seasonallyAdjusted,16,,家具・家事用品（実質）,2024-03,4.4,false
seasonallyAdjusted,17,,被服及び履物（実質）,2024-03,3.3,false
seasonallyAdjusted,18,,保健医療（実質）,2024-03,4.9,false
seasonallyAdjusted,19,,交通・通信（実質）,2024-03,16.4,false
seasonallyAdjusted,20,,教育（実質）,2024-03,3.9,false
seasonallyAdjusted,21,,教養娯楽（実質）,2024-03,9.9,false
seasonallyAdjusted,22,,その他の消費支出（実質）,2024-03,13.8,false
seasonallyAdjusted,1,,消費支出（名目）,2024-04,95.7,false
seasonallyAdjusted,2,,食料（名目）,2024-04,27,false
seasonallyAdjusted,3,,住居（名目）,2024-04,6.1,false
seasonallyAdjusted,4,,光熱・水道（名目）,2024-04,7,false
seasonallyAdjusted,5,,家具・家事用品（名目）,2024-04,4.3,false
seasonallyAdjusted,6,,被服及び履物（名目）,2024-04,3.4,false
seasonallyAdjusted,7,,保健医療（名目）,2024-04,4.7,false
seasonallyAdjusted,8,,交通・通信（名目）,2024-04,15.8,false
seasonallyAdjusted,9,,教育（名目）,2024-04,4.2,false
seasonallyAdjusted,10,,教養娯楽（名目）,2024-04,9.3,false
seasonallyAdjusted,11,,その他の消費支出（名目）,2024-04,14,false
seasonallyAdjusted,12,,消費支出（実質）,2024-04,100.1,false
seasonallyAdjusted,13,,食料（実質）,2024-04,29.2,false
seasonallyAdjusted,14,,住居（実質）,2024-04,6.3,false
seasonallyAdjusted,15,,光熱・水道（実質）,2024-04,7.5,false
seasonallyAdjusted,16,,家具・家事用品（実質）,2024-04,4.4,false
seasonallyAdjusted,17,,被服及び履物（実質）,2024-04,3.4,false
seasonallyAdjusted,18,,保健医療（実質）,2024-04,4.8,false
seasonallyAdjusted,19,,交通・通信（実質）,2024-04,16.5,false
seasonallyAdjusted,20,,教育（実質）,2024-04,4,false
seasonallyAdjusted,21,,教養娯楽（実質）,2024-04,9.6,false
seasonallyAdjusted,22,,その他の消費支出（実質）,2024-04,14.6,false
seasonallyAdjusted,1,,消費支出（名目）,2024-05,96.9,false
seasonallyAdjusted,2,,食料（名目）,2024-05,26.9,false
seasonallyAdjusted,3,,住居（名目）,2024-05,6.4,false
seasonallyAdjusted,4,,光熱・水道（名目）,2024-05,7,false
seasonallyAdjusted,5,,家具・家事用品（名目）,2024-05,4.1,false
seasonallyAdjusted,6,,被服及び履物（名目）,2024-05,3.1,false
seasonallyAdjusted,7,,保健医療（名目）,2024-05,4.9,false
seasonallyAdjusted,8,,交通・通信（名目）,2024-05,16,false
seasonallyAdjusted,9,,教育（名目）,2024-05,4.4,false
seasonallyAdjusted,10,,教養娯楽（名目）,2024-05,9.4,false
seasonallyAdjusted,11,,その他の消費支出（名目）,2024-05,14.4,false
seasonallyAdjusted,12,,消費支出（実質）,2024-05,101.1,false
seasonallyAdjusted,13,,食料（実質）,2024-05,29,false
seasonallyAdjusted,14,,住居（実質）,2024-05,6.6,false
seasonallyAdjusted,15,,光熱・水道（実質）,2024-05,7.2,false
seasonallyAdjusted,16,,家具・家事用品（実質）,2024-05,4.2,false
seasonallyAdjusted,17,,被服及び履物（実質）,2024-05,3.2,false
seasonallyAdjusted,18,,保健医療（実質）,2024-05,5.1,false
seasonallyAdjusted,19,,交通・通信（実質）,2024-05,16.4,false
seasonallyAdjusted,20,,教育（実質）,2024-05,4.2,false
seasonallyAdjusted,21,,教養娯楽（実質）,2024-05,9.7,false
seasonallyAdjusted,22,,その他の消費支出（実質）,2024-05,15,false
seasonallyAdjusted,1,,消費支出（名目）,2024-06,98,false
seasonallyAdjusted,2,,食料（名目）,2024-06,27.3,false
seasonallyAdjusted,3,,住居（名目）,2024-06,6.6,false
seasonallyAdjusted,4,,光熱・水道（名目）,2024-06,7.1,false
seasonallyAdjusted,5,,家具・家事用品（名目）,2024-06,4.4,false
seasonallyAdjusted,6,,被服及び履物（名目）,2024-06,3.2,false
seasonallyAdjusted,7,,保健医療（名目）,2024-06,4.8,false
seasonallyAdjusted,8,,交通・通信（名目）,2024-06,16.4,false
seasonallyAdjusted,9,,教育（名目）,2024-06,4.4,false
seasonallyAdjusted,10,,教養娯楽（名目）,2024-06,9.7,false
seasonallyAdjusted,11,,その他の消費支出（名目）,2024-06,13.9,false
seasonallyAdjusted,12,,消費支出（実質）,2024-06,102,false
seasonallyAdjusted,13,,食料（実質）,2024-06,29.5,false
seasonallyAdjusted,14,,住居（実質）,2024-06,6.8,false
seasonallyAdjusted,15,,光熱・水道（実質）,2024-06,7.3,false
seasonallyAdjusted,16,,家具・家事用品（実質）,2024-06,4.5,false
seasonallyAdjusted,17,,被服及び履物（実質）,2024-06,3.3,false
seasonallyAdjusted,18,,保健医療（実質）,2024-06,4.8,false
seasonallyAdjusted,19,,交通・通信（実質）,2024-06,16.7,false
seasonallyAdjusted,20,,教育（実質）,2024-06,4.2,false
seasonallyAdjusted,21,,教養娯楽（実質）,2024-06,10,false
seasonallyAdjusted,22,,その他の消費支出（実質）,2024-06,14.4,false
seasonallyAdjusted,1,,消費支出（名目）,2024-07,97.4,false
seasonallyAdjusted,2,,食料（名目）,2024-07,27.4,false
seasonallyAdjusted,3,,住居（名目）,2024-07,6.7,false
seasonallyAdjusted,4,,光熱・水道（名目）,2024-07,7.4,false
seasonallyAdjusted,5,,家具・家事用品（名目）,2024-07,4.3,false
seasonallyAdjusted,6,,被服及び履物（名目）,2024-07,3.2,false
seasonallyAdjusted,7,,保健医療（名目）,2024-07,4.7,false
seasonallyAdjusted,8,,交通・通信（名目）,2024-07,15.2,false
seasonallyAdjusted,9,,教育（名目）,2024-07,4.2,false
seasonallyAdjusted,10,,教養娯楽（名目）,2024-07,10.1,false
seasonallyAdjusted,11,,その他の消費支出（名目）,2024-07,14,false
seasonallyAdjusted,12,,消費支出（実質）,2024-07,100.9,false
seasonallyAdjusted,13,,食料（実質）,2024-07,29.5,false
seasonallyAdjusted,14,,住居（実質）,2024-07,6.8,false
seasonallyAdjusted,15,,光熱・水道（実質）,2024-07,7.3,false
seasonallyAdjusted,16,,家具・家事用品（実質）,2024-07,4.4,false
seasonallyAdjusted,17,,被服及び履物（実質）,2024-07,3.3,false
seasonallyAdjusted,18,,保健医療（実質）,2024-07,4.8,false
seasonallyAdjusted,19,,交通・通信（実質）,2024-07,15.6,false
seasonallyAdjusted,20,,教育（実質）,2024-07,4,false
seasonallyAdjusted,21,,教養娯楽（実質）,2024-07,10.4,false
seasonallyAdjusted,22,,その他の消費支出（実質）,2024-07,14.5,false
seasonallyAdjusted,1,,消費支出（名目）,2024-08,97.9,false
seasonallyAdjusted,2,,食料（名目）,2024-08,27.8,false
seasonallyAdjusted,3,,住居（名目）,2024-08,6.4,false
seasonallyAdjusted,4,,光熱・水道（名目）,2024-08,7.6,false
seasonallyAdjusted,5,,家具・家事用品（名目）,2024-08,4.3,false
seasonallyAdjusted,6,,被服及び履物（名目）,2024-08,3.2,false
seasonallyAdjusted,7,,保健医療（名目）,2024-08,4.8,false
seasonallyAdjusted,8,,交通・通信（名目）,2024-08,15.6,false
seasonallyAdjusted,9,,教育（名目）,2024-08,4.1,false
seasonallyAdjusted,10,,教養娯楽（名目）,2024-08,9.7,false
seasonallyAdjusted,11,,その他の消費支出（名目）,2024-08,14.3,false
seasonallyAdjusted,12,,消費支出（実質）,2024-08,100.9,false
seasonallyAdjusted,13,,食料（実質）,2024-08,29.8,false
seasonallyAdjusted,14,,住居（実質）,2024-08,6.5,false
seasonallyAdjusted,15,,光熱・水道（実質）,2024-08,7.4,false
seasonallyAdjusted,16,,家具・家事用品（実質）,2024-08,4.5,false
seasonallyAdjusted,17,,被服及び履物（実質）,2024-08,3.3,false
seasonallyAdjusted,18,,保健医療（実質）,2024-08,4.9,false
seasonallyAdjusted,19,,交通・通信（実質）,2024-08,16.1,false
seasonallyAdjusted,20,,教育（実質）,2024-08,3.9,false
seasonallyAdjusted,21,,教養娯楽（実質）,2024-08,9.9,false
seasonallyAdjusted,22,,その他の消費支出（実質）,2024-08,14.7,false
seasonallyAdjusted,1,,消費支出（名目）,2024-09,97.8,false
seasonallyAdjusted,2,,食料（名目）,2024-09,27.6,false
seasonallyAdjusted,3,,住居（名目）,2024-09,6.4,false
seasonallyAdjusted,4,,光熱・水道（名目）,2024-09,7.7,false
seasonallyAdjusted,5,,家具・家事用品（名目）,2024-09,4.2,false
seasonallyAdjusted,6,,被服及び履物（名目）,2024-09,3.2,false
seasonallyAdjusted,7,,保健医療（名目）,2024-09,4.8,false
seasonallyAdjusted,8,,交通・通信（名目）,2024-09,16.1,false
seasonallyAdjusted,9,,教育（名目）,2024-09,4.2,false
seasonallyAdjusted,10,,教養娯楽（名目）,2024-09,9.8,false
seasonallyAdjusted,11,,その他の消費支出（名目）,2024-09,13.8,false
seasonallyAdjusted,12,,消費支出（実質）,2024-09,100.8,false
seasonallyAdjusted,13,,食料（実質）,2024-09,29.3,false
seasonallyAdjusted,14,,住居（実質）,2024-09,6.5,false
seasonallyAdjusted,15,,光熱・水道（実質）,2024-09,8,false
seasonallyAdjusted,16,,家具・家事用品（実質）,2024-09,4.3,false
seasonallyAdjusted,17,,被服及び履物（実質）,2024-09,3.3,false
seasonallyAdjusted,18,,保健医療（実質）,2024-09,4.8,false
seasonallyAdjusted,19,,交通・通信（実質）,2024-09,16.6,false
seasonallyAdjusted,20,,教育（実質）,2024-09,4,false
seasonallyAdjusted,21,,教養娯楽（実質）,2024-09,10,false
seasonallyAdjusted,22,,その他の消費支出（実質）,2024-09,14.3,false
seasonallyAdjusted,1,,消費支出（名目）,2024-10,98.2,false
seasonallyAdjusted,2,,食料（名目）,2024-10,27.8,false
seasonallyAdjusted,3,,住居（名目）,2024-10,6.1,false
seasonallyAdjusted,4,,光熱・水道（名目）,2024-10,7.6,false
seasonallyAdjusted,5,,家具・家事用品（名目）,2024-10,4.1,false
seasonallyAdjusted,6,,被服及び履物（名目）,2024-10,2.9,false
seasonallyAdjusted,7,,保健医療（名目）,2024-10,4.9,false
seasonallyAdjusted,8,,交通・通信（名目）,2024-10,16.3,false
seasonallyAdjusted,9,,教育（名目）,2024-10,4.2,false
seasonallyAdjusted,10,,教養娯楽（名目）,2024-10,9.7,false
seasonallyAdjusted,11,,その他の消費支出（名目）,2024-10,14.3,false
seasonallyAdjusted,12,,消費支出（実質）,2024-10,100.6,false
seasonallyAdjusted,13,,食料（実質）,2024-10,29.3,false
seasonallyAdjusted,14,,住居（実質）,2024-10,6.2,false
seasonallyAdjusted,15,,光熱・水道（実質）,2024-10,8,false
seasonallyAdjusted,16,,家具・家事用品（実質）,2024-10,4.1,false
seasonallyAdjusted,17,,被服及び履物（実質）,2024-10,3,false
seasonallyAdjusted,18,,保健医療（実質）,2024-10,5,false
seasonallyAdjusted,19,,交通・通信（実質）,2024-10,16.7,false
seasonallyAdjusted,20,,教育（実質）,2024-10,4,false
seasonallyAdjusted,21,,教養娯楽（実質）,2024-10,9.9,false
seasonallyAdjusted,22,,その他の消費支出（実質）,2024-10,14.7,false
seasonallyAdjusted,1,,消費支出（名目）,2024-11,98,false
seasonallyAdjusted,2,,食料（名目）,2024-11,28.1,false
seasonallyAdjusted,3,,住居（名目）,2024-11,6.7,false
seasonallyAdjusted,4,,光熱・水道（名目）,2024-11,7.3,false
seasonallyAdjusted,5,,家具・家事用品（名目）,2024-11,4.2,false
seasonallyAdjusted,6,,被服及び履物（名目）,2024-11,3.1,false
seasonallyAdjusted,7,,保健医療（名目）,2024-11,4.8,false
seasonallyAdjusted,8,,交通・通信（名目）,2024-11,15.8,false
seasonallyAdjusted,9,,教育（名目）,2024-11,4.3,false
seasonallyAdjusted,10,,教養娯楽（名目）,2024-11,9.8,false
seasonallyAdjusted,11,,その他の消費支出（名目）,2024-11,13.8,false
seasonallyAdjusted,12,,消費支出（実質）,2024-11,100.4,false
seasonallyAdjusted,13,,食料（実質）,2024-11,29.3,false
seasonallyAdjusted,14,,住居（実質）,2024-11,6.8,false
seasonallyAdjusted,15,,光熱・水道（実質）,2024-11,7.4,false
seasonallyAdjusted,16,,家具・家事用品（実質）,2024-11,4.2,false
seasonallyAdjusted,17,,被服及び履物（実質）,2024-11,3.2,false
seasonallyAdjusted,18,,保健医療（実質）,2024-11,4.8,false
seasonallyAdjusted,19,,交通・通信（実質）,2024-11,16.1,false
seasonallyAdjusted,20,,教育（実質）,2024-11,4.1,false
seasonallyAdjusted,21,,教養娯楽（実質）,2024-11,9.9,false
seasonallyAdjusted,22,,その他の消費支出（実質）,2024-11,14.1,false
seasonallyAdjusted,1,,消費支出（名目）,2024-12,99.5,false
seasonallyAdjusted,2,,食料（名目）,2024-12,28.4,false
seasonallyAdjusted,3,,住居（名目）,2024-12,6.3,false
seasonallyAdjusted,4,,光熱・水道（名目）,2024-12,7.3,false
seasonallyAdjusted,5,,家具・家事用品（名目）,2024-12,4.3,false
seasonallyAdjusted,6,,被服及び履物（名目）,2024-12,3.3,false
seasonallyAdjusted,7,,保健医療（名目）,2024-12,5,false
seasonallyAdjusted,8,,交通・通信（名目）,2024-12,16.2,false
seasonallyAdjusted,9,,教育（名目）,2024-12,4,false
seasonallyAdjusted,10,,教養娯楽（名目）,2024-12,10.1,false
seasonallyAdjusted,11,,その他の消費支出（名目）,2024-12,14.5,false
seasonallyAdjusted,12,,消費支出（実質）,2024-12,101,false
seasonallyAdjusted,13,,食料（実質）,2024-12,29.2,false
seasonallyAdjusted,14,,住居（実質）,2024-12,6.4,false
seasonallyAdjusted,15,,光熱・水道（実質）,2024-12,7.2,false
seasonallyAdjusted,16,,家具・家事用品（実質）,2024-12,4.3,false
seasonallyAdjusted,17,,被服及び履物（実質）,2024-12,3.3,false
seasonallyAdjusted,18,,保健医療（実質）,2024-12,5,false
seasonallyAdjusted,19,,交通・通信（実質）,2024-12,16.5,false
seasonallyAdjusted,20,,教育（実質）,2024-12,3.8,false
seasonallyAdjusted,21,,教養娯楽（実質）,2024-12,10.2,false
seasonallyAdjusted,22,,その他の消費支出（実質）,2024-12,14.7,false
seasonallyAdjusted,1,,消費支出（名目）,2025-01,98,false
seasonallyAdjusted,2,,食料（名目）,2025-01,28.7,false
seasonallyAdjusted,3,,住居（名目）,2025-01,6.5,false
seasonallyAdjusted,4,,光熱・水道（名目）,2025-01,7.4,false
seasonallyAdjusted,5,,家具・家事用品（名目）,2025-01,4,false
seasonallyAdjusted,6,,被服及び履物（名目）,2025-01,3.2,false
seasonallyAdjusted,7,,保健医療（名目）,2025-01,4.8,false
seasonallyAdjusted,8,,交通・通信（名目）,2025-01,15.8,false
seasonallyAdjusted,9,,教育（名目）,2025-01,4.3,false
seasonallyAdjusted,10,,教養娯楽（名目）,2025-01,9.6,false
seasonallyAdjusted,11,,その他の消費支出（名目）,2025-01,13.9,false
seasonallyAdjusted,12,,消費支出（実質）,2025-01,98.6,false
seasonallyAdjusted,13,,食料（実質）,2025-01,29.1,false
seasonallyAdjusted,14,,住居（実質）,2025-01,6.6,false
seasonallyAdjusted,15,,光熱・水道（実質）,2025-01,7.4,false
seasonallyAdjusted,16,,家具・家事用品（実質）,2025-01,4,false
seasonallyAdjusted,17,,被服及び履物（実質）,2025-01,3.2,false
seasonallyAdjusted,18,,保健医療（実質）,2025-01,4.9,false
seasonallyAdjusted,19,,交通・通信（実質）,2025-01,16,false
seasonallyAdjusted,20,,教育（実質）,2025-01,4.2,false
seasonallyAdjusted,21,,教養娯楽（実質）,2025-01,9.7,false
seasonallyAdjusted,22,,その他の消費支出（実質）,2025-01,14,false
seasonallyAdjusted,1,,消費支出（名目）,2025-02,100.3,false
seasonallyAdjusted,2,,食料（名目）,2025-02,28.9,false
seasonallyAdjusted,3,,住居（名目）,2025-02,6.7,false
seasonallyAdjusted,4,,光熱・水道（名目）,2025-02,7.7,false
seasonallyAdjusted,5,,家具・家事用品（名目）,2025-02,4.2,false
seasonallyAdjusted,6,,被服及び履物（名目）,2025-02,3.2,false
seasonallyAdjusted,7,,保健医療（名目）,2025-02,4.8,false
seasonallyAdjusted,8,,交通・通信（名目）,2025-02,16.1,false
seasonallyAdjusted,9,,教育（名目）,2025-02,4.8,false
seasonallyAdjusted,10,,教養娯楽（名目）,2025-02,9.9,false
seasonallyAdjusted,11,,その他の消費支出（名目）,2025-02,14,false
seasonallyAdjusted,12,,消費支出（実質）,2025-02,101.1,false
seasonallyAdjusted,13,,食料（実質）,2025-02,29.3,false
seasonallyAdjusted,14,,住居（実質）,2025-02,6.7,false
seasonallyAdjusted,15,,光熱・水道（実質）,2025-02,7.6,false
seasonallyAdjusted,16,,家具・家事用品（実質）,2025-02,4.2,false
seasonallyAdjusted,17,,被服及び履物（実質）,2025-02,3.2,false
seasonallyAdjusted,18,,保健医療（実質）,2025-02,4.9,false
seasonallyAdjusted,19,,交通・通信（実質）,2025-02,16.3,false
seasonallyAdjusted,20,,教育（実質）,2025-02,4.7,false
seasonallyAdjusted,21,,教養娯楽（実質）,2025-02,9.9,false
seasonallyAdjusted,22,,その他の消費支出（実質）,2025-02,14.2,false
seasonallyAdjusted,1,,消費支出（名目）,2025-03,99.3,false
seasonallyAdjusted,2,,食料（名目）,2025-03,29.6,false
seasonallyAdjusted,3,,住居（名目）,2025-03,6.3,false
seasonallyAdjusted,4,,光熱・水道（名目）,2025-03,7.6,false
seasonallyAdjusted,5,,家具・家事用品（名目）,2025-03,4.4,false
seasonallyAdjusted,6,,被服及び履物（名目）,2025-03,3.2,false
seasonallyAdjusted,7,,保健医療（名目）,2025-03,4.7,false
seasonallyAdjusted,8,,交通・通信（名目）,2025-03,15.9,false
seasonallyAdjusted,9,,教育（名目）,2025-03,4.2,false
seasonallyAdjusted,10,,教養娯楽（名目）,2025-03,10,false
seasonallyAdjusted,11,,その他の消費支出（名目）,2025-03,14.1,false
seasonallyAdjusted,12,,消費支出（実質）,2025-03,100,false
seasonallyAdjusted,13,,食料（実質）,2025-03,29.6,false
seasonallyAdjusted,14,,住居（実質）,2025-03,6.4,false
seasonallyAdjusted,15,,光熱・水道（実質）,2025-03,7.6,false
seasonallyAdjusted,16,,家具・家事用品（実質）,2025-03,4.3,false
seasonallyAdjusted,17,,被服及び履物（実質）,2025-03,3.2,false
seasonallyAdjusted,18,,保健医療（実質）,2025-03,4.8,false
seasonallyAdjusted,19,,交通・通信（実質）,2025-03,16,false
seasonallyAdjusted,20,,教育（実質）,2025-03,4.1,false
seasonallyAdjusted,21,,教養娯楽（実質）,2025-03,10,false
seasonallyAdjusted,22,,その他の消費支出（実質）,2025-03,14.1,false
seasonallyAdjusted,1,,消費支出（名目）,2025-04,99.3,false
seasonallyAdjusted,2,,食料（名目）,2025-04,29,false
seasonallyAdjusted,3,,住居（名目）,2025-04,6.2,false
seasonallyAdjusted,4,,光熱・水道（名目）,2025-04,7.6,false
seasonallyAdjusted,5,,家具・家事用品（名目）,2025-04,4.4,false
seasonallyAdjusted,6,,被服及び履物（名目）,2025-04,3.5,false
seasonallyAdjusted,7,,保健医療（名目）,2025-04,4.9,false
seasonallyAdjusted,8,,交通・通信（名目）,2025-04,15.6,false
seasonallyAdjusted,9,,教育（名目）,2025-04,4.2,false
seasonallyAdjusted,10,,教養娯楽（名目）,2025-04,10.1,false
seasonallyAdjusted,11,,その他の消費支出（名目）,2025-04,14,false
seasonallyAdjusted,12,,消費支出（実質）,2025-04,100,false
seasonallyAdjusted,13,,食料（実質）,2025-04,29.4,false
seasonallyAdjusted,14,,住居（実質）,2025-04,6.3,false
seasonallyAdjusted,15,,光熱・水道（実質）,2025-04,7.6,false
seasonallyAdjusted,16,,家具・家事用品（実質）,2025-04,4.4,false
seasonallyAdjusted,17,,被服及び履物（実質）,2025-04,3.4,false
seasonallyAdjusted,18,,保健医療（実質）,2025-04,4.9,false
seasonallyAdjusted,19,,交通・通信（実質）,2025-04,15.8,false
seasonallyAdjusted,20,,教育（実質）,2025-04,4.2,false
seasonallyAdjusted,21,,教養娯楽（実質）,2025-04,10.1,false
seasonallyAdjusted,22,,その他の消費支出（実質）,2025-04,14.1,false
seasonallyAdjusted,1,,消費支出（名目）,2025-05,101.8,false
seasonallyAdjusted,2,,食料（名目）,2025-05,29.1,false
seasonallyAdjusted,3,,住居（名目）,2025-05,6.3,false
seasonallyAdjusted,4,,光熱・水道（名目）,2025-05,7.6,false
seasonallyAdjusted,5,,家具・家事用品（名目）,2025-05,4.3,false
seasonallyAdjusted,6,,被服及び履物（名目）,2025-05,3.4,false
seasonallyAdjusted,7,,保健医療（名目）,2025-05,4.9,false
seasonallyAdjusted,8,,交通・通信（名目）,2025-05,17.8,false
seasonallyAdjusted,9,,教育（名目）,2025-05,4.1,false
seasonallyAdjusted,10,,教養娯楽（名目）,2025-05,10.1,false
seasonallyAdjusted,11,,その他の消費支出（名目）,2025-05,14.1,false
seasonallyAdjusted,12,,消費支出（実質）,2025-05,101.9,false
seasonallyAdjusted,13,,食料（実質）,2025-05,29.3,false
seasonallyAdjusted,14,,住居（実質）,2025-05,6.4,false
seasonallyAdjusted,15,,光熱・水道（実質）,2025-05,7.2,false
seasonallyAdjusted,16,,家具・家事用品（実質）,2025-05,4.3,false
seasonallyAdjusted,17,,被服及び履物（実質）,2025-05,3.4,false
seasonallyAdjusted,18,,保健医療（実質）,2025-05,4.9,false
seasonallyAdjusted,19,,交通・通信（実質）,2025-05,17.8,false
seasonallyAdjusted,20,,教育（実質）,2025-05,4.2,false
seasonallyAdjusted,21,,教養娯楽（実質）,2025-05,10.1,false
seasonallyAdjusted,22,,その他の消費支出（実質）,2025-05,14,false
seasonallyAdjusted,1,,消費支出（名目）,2025-06,99.3,false
seasonallyAdjusted,2,,食料（名目）,2025-06,29.1,false
seasonallyAdjusted,3,,住居（名目）,2025-06,6,false
seasonallyAdjusted,4,,光熱・水道（名目）,2025-06,7.7,false
seasonallyAdjusted,5,,家具・家事用品（名目）,2025-06,4.4,false
seasonallyAdjusted,6,,被服及び履物（名目）,2025-06,3.2,false
seasonallyAdjusted,7,,保健医療（名目）,2025-06,5.2,false
seasonallyAdjusted,8,,交通・通信（名目）,2025-06,15.9,false
seasonallyAdjusted,9,,教育（名目）,2025-06,3.9,false
seasonallyAdjusted,10,,教養娯楽（名目）,2025-06,9.9,false
seasonallyAdjusted,11,,その他の消費支出（名目）,2025-06,13.9,false
seasonallyAdjusted,12,,消費支出（実質）,2025-06,99.4,false
seasonallyAdjusted,13,,食料（実質）,2025-06,29.2,false
seasonallyAdjusted,14,,住居（実質）,2025-06,6,false
seasonallyAdjusted,15,,光熱・水道（実質）,2025-06,7.6,false
seasonallyAdjusted,16,,家具・家事用品（実質）,2025-06,4.4,false
seasonallyAdjusted,17,,被服及び履物（実質）,2025-06,3.2,false
seasonallyAdjusted,18,,保健医療（実質）,2025-06,5.2,false
seasonallyAdjusted,19,,交通・通信（実質）,2025-06,15.8,false
seasonallyAdjusted,20,,教育（実質）,2025-06,3.9,false
seasonallyAdjusted,21,,教養娯楽（実質）,2025-06,9.9,false
seasonallyAdjusted,22,,その他の消費支出（実質）,2025-06,13.9,false
seasonallyAdjusted,1,,消費支出（名目）,2025-07,100.9,false
seasonallyAdjusted,2,,食料（名目）,2025-07,29.2,false
seasonallyAdjusted,3,,住居（名目）,2025-07,6.2,false
seasonallyAdjusted,4,,光熱・水道（名目）,2025-07,7.8,false
seasonallyAdjusted,5,,家具・家事用品（名目）,2025-07,4.3,false
seasonallyAdjusted,6,,被服及び履物（名目）,2025-07,3.3,false
seasonallyAdjusted,7,,保健医療（名目）,2025-07,5.1,false
seasonallyAdjusted,8,,交通・通信（名目）,2025-07,16.5,false
seasonallyAdjusted,9,,教育（名目）,2025-07,4.5,false
seasonallyAdjusted,10,,教養娯楽（名目）,2025-07,10,false
seasonallyAdjusted,11,,その他の消費支出（名目）,2025-07,13.9,false
seasonallyAdjusted,12,,消費支出（実質）,2025-07,100.8,false
seasonallyAdjusted,13,,食料（実質）,2025-07,29.1,false
seasonallyAdjusted,14,,住居（実質）,2025-07,6.2,false
seasonallyAdjusted,15,,光熱・水道（実質）,2025-07,7.8,false
seasonallyAdjusted,16,,家具・家事用品（実質）,2025-07,4.3,false
seasonallyAdjusted,17,,被服及び履物（実質）,2025-07,3.3,false
seasonallyAdjusted,18,,保健医療（実質）,2025-07,5.1,false
seasonallyAdjusted,19,,交通・通信（実質）,2025-07,16.4,false
seasonallyAdjusted,20,,教育（実質）,2025-07,4.5,false
seasonallyAdjusted,21,,教養娯楽（実質）,2025-07,10.1,false
seasonallyAdjusted,22,,その他の消費支出（実質）,2025-07,13.8,false
seasonallyAdjusted,1,,消費支出（名目）,2025-08,101.7,false
seasonallyAdjusted,2,,食料（名目）,2025-08,29.4,false
seasonallyAdjusted,3,,住居（名目）,2025-08,6.7,false
seasonallyAdjusted,4,,光熱・水道（名目）,2025-08,7.7,false
seasonallyAdjusted,5,,家具・家事用品（名目）,2025-08,4.2,false
seasonallyAdjusted,6,,被服及び履物（名目）,2025-08,3.4,false
seasonallyAdjusted,7,,保健医療（名目）,2025-08,5,false
seasonallyAdjusted,8,,交通・通信（名目）,2025-08,16.3,false
seasonallyAdjusted,9,,教育（名目）,2025-08,4.2,false
seasonallyAdjusted,10,,教養娯楽（名目）,2025-08,10.6,false
seasonallyAdjusted,11,,その他の消費支出（名目）,2025-08,14.1,false
seasonallyAdjusted,12,,消費支出（実質）,2025-08,101.6,false
seasonallyAdjusted,13,,食料（実質）,2025-08,29.3,false
seasonallyAdjusted,14,,住居（実質）,2025-08,6.7,false
seasonallyAdjusted,15,,光熱・水道（実質）,2025-08,7.8,false
seasonallyAdjusted,16,,家具・家事用品（実質）,2025-08,4.2,false
seasonallyAdjusted,17,,被服及び履物（実質）,2025-08,3.4,false
seasonallyAdjusted,18,,保健医療（実質）,2025-08,5,false
seasonallyAdjusted,19,,交通・通信（実質）,2025-08,16.2,false
seasonallyAdjusted,20,,教育（実質）,2025-08,4.2,false
seasonallyAdjusted,21,,教養娯楽（実質）,2025-08,10.6,false
seasonallyAdjusted,22,,その他の消費支出（実質）,2025-08,14.2,false
seasonallyAdjusted,1,,消費支出（名目）,2025-09,101.7,false
seasonallyAdjusted,2,,食料（名目）,2025-09,29.6,false
seasonallyAdjusted,3,,住居（名目）,2025-09,6.1,false
seasonallyAdjusted,4,,光熱・水道（名目）,2025-09,7.6,false
seasonallyAdjusted,5,,家具・家事用品（名目）,2025-09,4.3,false
seasonallyAdjusted,6,,被服及び履物（名目）,2025-09,3.2,false
seasonallyAdjusted,7,,保健医療（名目）,2025-09,5.3,false
seasonallyAdjusted,8,,交通・通信（名目）,2025-09,16.5,false
seasonallyAdjusted,9,,教育（名目）,2025-09,4,false
seasonallyAdjusted,10,,教養娯楽（名目）,2025-09,10.5,false
seasonallyAdjusted,11,,その他の消費支出（名目）,2025-09,14.5,false
seasonallyAdjusted,12,,消費支出（実質）,2025-09,101.3,false
seasonallyAdjusted,13,,食料（実質）,2025-09,29.5,false
seasonallyAdjusted,14,,住居（実質）,2025-09,6.1,false
seasonallyAdjusted,15,,光熱・水道（実質）,2025-09,7.9,false
seasonallyAdjusted,16,,家具・家事用品（実質）,2025-09,4.3,false
seasonallyAdjusted,17,,被服及び履物（実質）,2025-09,3.1,false
seasonallyAdjusted,18,,保健医療（実質）,2025-09,5.2,false
seasonallyAdjusted,19,,交通・通信（実質）,2025-09,16.4,false
seasonallyAdjusted,20,,教育（実質）,2025-09,4,false
seasonallyAdjusted,21,,教養娯楽（実質）,2025-09,10.5,false
seasonallyAdjusted,22,,その他の消費支出（実質）,2025-09,14.4,false
seasonallyAdjusted,1,,消費支出（名目）,2025-10,98.2,false
seasonallyAdjusted,2,,食料（名目）,2025-10,29.4,false
seasonallyAdjusted,3,,住居（名目）,2025-10,6,false
seasonallyAdjusted,4,,光熱・水道（名目）,2025-10,7.5,false
seasonallyAdjusted,5,,家具・家事用品（名目）,2025-10,4.2,false
seasonallyAdjusted,6,,被服及び履物（名目）,2025-10,3.2,false
seasonallyAdjusted,7,,保健医療（名目）,2025-10,4.9,false
seasonallyAdjusted,8,,交通・通信（名目）,2025-10,15,false
seasonallyAdjusted,9,,教育（名目）,2025-10,3.8,false
seasonallyAdjusted,10,,教養娯楽（名目）,2025-10,10.3,false
seasonallyAdjusted,11,,その他の消費支出（名目）,2025-10,13.7,false
seasonallyAdjusted,12,,消費支出（実質）,2025-10,97.3,false
seasonallyAdjusted,13,,食料（実質）,2025-10,29.2,false
seasonallyAdjusted,14,,住居（実質）,2025-10,5.9,false
seasonallyAdjusted,15,,光熱・水道（実質）,2025-10,7.8,false
seasonallyAdjusted,16,,家具・家事用品（実質）,2025-10,4.2,false
seasonallyAdjusted,17,,被服及び履物（実質）,2025-10,3.2,false
seasonallyAdjusted,18,,保健医療（実質）,2025-10,4.9,false
seasonallyAdjusted,19,,交通・通信（実質）,2025-10,14.8,false
seasonallyAdjusted,20,,教育（実質）,2025-10,3.8,false
seasonallyAdjusted,21,,教養娯楽（実質）,2025-10,10.2,false
seasonallyAdjusted,22,,その他の消費支出（実質）,2025-10,13.7,false
seasonallyAdjusted,1,,消費支出（名目）,2025-11,100.9,false
seasonallyAdjusted,2,,食料（名目）,2025-11,29.8,false
seasonallyAdjusted,3,,住居（名目）,2025-11,5.9,false
seasonallyAdjusted,4,,光熱・水道（名目）,2025-11,7.4,false
seasonallyAdjusted,5,,家具・家事用品（名目）,2025-11,4.5,false
seasonallyAdjusted,6,,被服及び履物（名目）,2025-11,3.3,false
seasonallyAdjusted,7,,保健医療（名目）,2025-11,5.1,false
seasonallyAdjusted,8,,交通・通信（名目）,2025-11,16.4,false
seasonallyAdjusted,9,,教育（名目）,2025-11,4.5,false
seasonallyAdjusted,10,,教養娯楽（名目）,2025-11,10.5,false
seasonallyAdjusted,11,,その他の消費支出（名目）,2025-11,13.6,false
seasonallyAdjusted,12,,消費支出（実質）,2025-11,100.1,false
seasonallyAdjusted,13,,食料（実質）,2025-11,29.4,false
seasonallyAdjusted,14,,住居（実質）,2025-11,5.8,false
seasonallyAdjusted,15,,光熱・水道（実質）,2025-11,7.3,false
seasonallyAdjusted,16,,家具・家事用品（実質）,2025-11,4.4,false
seasonallyAdjusted,17,,被服及び履物（実質）,2025-11,3.3,false
seasonallyAdjusted,18,,保健医療（実質）,2025-11,5.1,false
seasonallyAdjusted,19,,交通・通信（実質）,2025-11,16.2,false
seasonallyAdjusted,20,,教育（実質）,2025-11,4.5,false
seasonallyAdjusted,21,,教養娯楽（実質）,2025-11,10.3,false
seasonallyAdjusted,22,,その他の消費支出（実質）,2025-11,13.5,false
seasonallyAdjusted,1,,消費支出（名目）,2025-12,99.5,false
seasonallyAdjusted,2,,食料（名目）,2025-12,29.5,false
seasonallyAdjusted,3,,住居（名目）,2025-12,6.1,false
seasonallyAdjusted,4,,光熱・水道（名目）,2025-12,7.4,false
seasonallyAdjusted,5,,家具・家事用品（名目）,2025-12,4.3,false
seasonallyAdjusted,6,,被服及び履物（名目）,2025-12,3.2,false
seasonallyAdjusted,7,,保健医療（名目）,2025-12,5.3,false
seasonallyAdjusted,8,,交通・通信（名目）,2025-12,15.4,false
seasonallyAdjusted,9,,教育（名目）,2025-12,4.6,false
seasonallyAdjusted,10,,教養娯楽（名目）,2025-12,10.3,false
seasonallyAdjusted,11,,その他の消費支出（名目）,2025-12,13.4,false
seasonallyAdjusted,12,,消費支出（実質）,2025-12,98.8,false
seasonallyAdjusted,13,,食料（実質）,2025-12,29.1,false
seasonallyAdjusted,14,,住居（実質）,2025-12,6,false
seasonallyAdjusted,15,,光熱・水道（実質）,2025-12,7.4,false
seasonallyAdjusted,16,,家具・家事用品（実質）,2025-12,4.2,false
seasonallyAdjusted,17,,被服及び履物（実質）,2025-12,3.2,false
seasonallyAdjusted,18,,保健医療（実質）,2025-12,5.3,false
seasonallyAdjusted,19,,交通・通信（実質）,2025-12,15.4,false
seasonallyAdjusted,20,,教育（実質）,2025-12,4.7,false
seasonallyAdjusted,21,,教養娯楽（実質）,2025-12,10.2,false
seasonallyAdjusted,22,,その他の消費支出（実質）,2025-12,13.2,false
seasonallyAdjusted,1,,消費支出（名目）,2026-01,99.8,false
seasonallyAdjusted,2,,食料（名目）,2026-01,30,false
seasonallyAdjusted,3,,住居（名目）,2026-01,6.6,false
seasonallyAdjusted,4,,光熱・水道（名目）,2026-01,7.1,false
seasonallyAdjusted,5,,家具・家事用品（名目）,2026-01,4.5,false
seasonallyAdjusted,6,,被服及び履物（名目）,2026-01,3.1,false
seasonallyAdjusted,7,,保健医療（名目）,2026-01,5,false
seasonallyAdjusted,8,,交通・通信（名目）,2026-01,15.9,false
seasonallyAdjusted,9,,教育（名目）,2026-01,3.7,false
seasonallyAdjusted,10,,教養娯楽（名目）,2026-01,10.6,false
seasonallyAdjusted,11,,その他の消費支出（名目）,2026-01,13.5,false
seasonallyAdjusted,12,,消費支出（実質）,2026-01,98.7,false
seasonallyAdjusted,13,,食料（実質）,2026-01,29.3,false
seasonallyAdjusted,14,,住居（実質）,2026-01,6.5,false
seasonallyAdjusted,15,,光熱・水道（実質）,2026-01,7.2,false
seasonallyAdjusted,16,,家具・家事用品（実質）,2026-01,4.5,false
seasonallyAdjusted,17,,被服及び履物（実質）,2026-01,3.1,false
seasonallyAdjusted,18,,保健医療（実質）,2026-01,5,false
seasonallyAdjusted,19,,交通・通信（実質）,2026-01,15.9,false
seasonallyAdjusted,20,,教育（実質）,2026-01,3.7,false
seasonallyAdjusted,21,,教養娯楽（実質）,2026-01,10.5,false
seasonallyAdjusted,22,,その他の消費支出（実質）,2026-01,13.4,false
seasonallyAdjusted,1,,消費支出（名目）,2026-02,100.4,false
seasonallyAdjusted,2,,食料（名目）,2026-02,29.8,false
seasonallyAdjusted,3,,住居（名目）,2026-02,6.9,false
seasonallyAdjusted,4,,光熱・水道（名目）,2026-02,7.2,false
seasonallyAdjusted,5,,家具・家事用品（名目）,2026-02,4.3,false
seasonallyAdjusted,6,,被服及び履物（名目）,2026-02,3.3,false
seasonallyAdjusted,7,,保健医療（名目）,2026-02,5,false
seasonallyAdjusted,8,,交通・通信（名目）,2026-02,16.3,false
seasonallyAdjusted,9,,教育（名目）,2026-02,3.6,false
seasonallyAdjusted,10,,教養娯楽（名目）,2026-02,10.7,false
seasonallyAdjusted,11,,その他の消費支出（名目）,2026-02,13.4,false
seasonallyAdjusted,12,,消費支出（実質）,2026-02,99.9,false
seasonallyAdjusted,13,,食料（実質）,2026-02,29.1,false
seasonallyAdjusted,14,,住居（実質）,2026-02,6.8,false
seasonallyAdjusted,15,,光熱・水道（実質）,2026-02,7.6,false
seasonallyAdjusted,16,,家具・家事用品（実質）,2026-02,4.2,false
seasonallyAdjusted,17,,被服及び履物（実質）,2026-02,3.2,false
seasonallyAdjusted,18,,保健医療（実質）,2026-02,5,false
seasonallyAdjusted,19,,交通・通信（実質）,2026-02,16.3,false
seasonallyAdjusted,20,,教育（実質）,2026-02,3.6,false
seasonallyAdjusted,21,,教養娯楽（実質）,2026-02,10.5,false
seasonallyAdjusted,22,,その他の消費支出（実質）,2026-02,13.4,false
seasonallyAdjusted,1,,消費支出（名目）,2026-03,99,false
seasonallyAdjusted,2,,食料（名目）,2026-03,30,false
seasonallyAdjusted,3,,住居（名目）,2026-03,6.4,false
seasonallyAdjusted,4,,光熱・水道（名目）,2026-03,6.9,false
seasonallyAdjusted,5,,家具・家事用品（名目）,2026-03,4.7,false
seasonallyAdjusted,6,,被服及び履物（名目）,2026-03,3.3,false
seasonallyAdjusted,7,,保健医療（名目）,2026-03,5.5,false
seasonallyAdjusted,8,,交通・通信（名目）,2026-03,15.1,false
seasonallyAdjusted,9,,教育（名目）,2026-03,4.1,false
seasonallyAdjusted,10,,教養娯楽（名目）,2026-03,10.8,false
seasonallyAdjusted,11,,その他の消費支出（名目）,2026-03,13.1,false
seasonallyAdjusted,12,,消費支出（実質）,2026-03,98.2,false
seasonallyAdjusted,13,,食料（実質）,2026-03,29,false
seasonallyAdjusted,14,,住居（実質）,2026-03,6.3,false
seasonallyAdjusted,15,,光熱・水道（実質）,2026-03,7.3,false
seasonallyAdjusted,16,,家具・家事用品（実質）,2026-03,4.6,false
seasonallyAdjusted,17,,被服及び履物（実質）,2026-03,3.2,false
seasonallyAdjusted,18,,保健医療（実質）,2026-03,5.5,false
seasonallyAdjusted,19,,交通・通信（実質）,2026-03,14.8,false
seasonallyAdjusted,20,,教育（実質）,2026-03,4.1,false
seasonallyAdjusted,21,,教養娯楽（実質）,2026-03,10.6,false
seasonallyAdjusted,22,,その他の消費支出（実質）,2026-03,12.9,false
seasonallyAdjusted,1,,消費支出（名目）,2026-04,100.2,false
seasonallyAdjusted,2,,食料（名目）,2026-04,29.8,false
seasonallyAdjusted,3,,住居（名目）,2026-04,6.8,false
seasonallyAdjusted,4,,光熱・水道（名目）,2026-04,6.8,false
seasonallyAdjusted,5,,家具・家事用品（名目）,2026-04,5.1,false
seasonallyAdjusted,6,,被服及び履物（名目）,2026-04,3.2,false
seasonallyAdjusted,7,,保健医療（名目）,2026-04,5.2,false
seasonallyAdjusted,8,,交通・通信（名目）,2026-04,17.3,false
seasonallyAdjusted,9,,教育（名目）,2026-04,3.4,false
seasonallyAdjusted,10,,教養娯楽（名目）,2026-04,10.6,false
seasonallyAdjusted,11,,その他の消費支出（名目）,2026-04,13.7,false
seasonallyAdjusted,12,,消費支出（実質）,2026-04,99.2,false
seasonallyAdjusted,13,,食料（実質）,2026-04,29.2,false
seasonallyAdjusted,14,,住居（実質）,2026-04,6.7,false
seasonallyAdjusted,15,,光熱・水道（実質）,2026-04,6.9,false
seasonallyAdjusted,16,,家具・家事用品（実質）,2026-04,5,false
seasonallyAdjusted,17,,被服及び履物（実質）,2026-04,3.1,false
seasonallyAdjusted,18,,保健医療（実質）,2026-04,5.2,false
seasonallyAdjusted,19,,交通・通信（実質）,2026-04,17.2,false
seasonallyAdjusted,20,,教育（実質）,2026-04,3.6,false
seasonallyAdjusted,21,,教養娯楽（実質）,2026-04,10.5,false
seasonallyAdjusted,22,,その他の消費支出（実質）,2026-04,13.5,false
seasonallyAdjusted,1,,消費支出（名目）,2026-05,103.8,false
seasonallyAdjusted,2,,食料（名目）,2026-05,30.3,false
seasonallyAdjusted,3,,住居（名目）,2026-05,6.2,false
seasonallyAdjusted,4,,光熱・水道（名目）,2026-05,6.9,false
seasonallyAdjusted,5,,家具・家事用品（名目）,2026-05,5.4,false
seasonallyAdjusted,6,,被服及び履物（名目）,2026-05,3.5,false
seasonallyAdjusted,7,,保健医療（名目）,2026-05,5.1,false
seasonallyAdjusted,8,,交通・通信（名目）,2026-05,17.5,false
seasonallyAdjusted,9,,教育（名目）,2026-05,4.2,false
seasonallyAdjusted,10,,教養娯楽（名目）,2026-05,10.3,false
seasonallyAdjusted,11,,その他の消費支出（名目）,2026-05,14.2,false
seasonallyAdjusted,12,,消費支出（実質）,2026-05,102.2,false
seasonallyAdjusted,13,,食料（実質）,2026-05,29.5,false
seasonallyAdjusted,14,,住居（実質）,2026-05,6.1,false
seasonallyAdjusted,15,,光熱・水道（実質）,2026-05,6.7,false
seasonallyAdjusted,16,,家具・家事用品（実質）,2026-05,5.3,false
seasonallyAdjusted,17,,被服及び履物（実質）,2026-05,3.5,false
seasonallyAdjusted,18,,保健医療（実質）,2026-05,5.1,false
seasonallyAdjusted,19,,交通・通信（実質）,2026-05,17.1,false
seasonallyAdjusted,20,,教育（実質）,2026-05,4.4,false
seasonallyAdjusted,21,,教養娯楽（実質）,2026-05,10.2,false
seasonallyAdjusted,22,,その他の消費支出（実質）,2026-05,14,false
seasonallyAdjusted,1,,消費支出（名目）,2026-06,98.8,false
seasonallyAdjusted,2,,食料（名目）,2026-06,29.4,false
seasonallyAdjusted,3,,住居（名目）,2026-06,6.5,false
seasonallyAdjusted,4,,光熱・水道（名目）,2026-06,7.1,false
seasonallyAdjusted,5,,家具・家事用品（名目）,2026-06,4.2,false
seasonallyAdjusted,6,,被服及び履物（名目）,2026-06,2.7,false
seasonallyAdjusted,7,,保健医療（名目）,2026-06,5.3,false
seasonallyAdjusted,8,,交通・通信（名目）,2026-06,15.7,false
seasonallyAdjusted,9,,教育（名目）,2026-06,4.4,false
seasonallyAdjusted,10,,教養娯楽（名目）,2026-06,9.8,false
seasonallyAdjusted,11,,その他の消費支出（名目）,2026-06,13.2,false
seasonallyAdjusted,12,,消費支出（実質）,2026-06,97.1,false
seasonallyAdjusted,13,,食料（実質）,2026-06,28.6,false
seasonallyAdjusted,14,,住居（実質）,2026-06,6.3,false
seasonallyAdjusted,15,,光熱・水道（実質）,2026-06,7.1,false
seasonallyAdjusted,16,,家具・家事用品（実質）,2026-06,4.1,false
seasonallyAdjusted,17,,被服及び履物（実質）,2026-06,2.7,false
seasonallyAdjusted,18,,保健医療（実質）,2026-06,5.2,false
seasonallyAdjusted,19,,交通・通信（実質）,2026-06,15.3,false
seasonallyAdjusted,20,,教育（実質）,2026-06,4.6,false
seasonallyAdjusted,21,,教養娯楽（実質）,2026-06,9.7,false
seasonallyAdjusted,22,,その他の消費支出（実質）,2026-06,12.9,false
seasonallyAdjusted,1,,消費支出（名目）,2026-07,100.8,false
seasonallyAdjusted,2,,食料（名目）,2026-07,29.8,false
seasonallyAdjusted,3,,住居（名目）,2026-07,5.8,false
seasonallyAdjusted,4,,光熱・水道（名目）,2026-07,7.1,false
seasonallyAdjusted,5,,家具・家事用品（名目）,2026-07,4.5,false
seasonallyAdjusted,6,,被服及び履物（名目）,2026-07,3.3,false
seasonallyAdjusted,7,,保健医療（名目）,2026-07,5.1,false
seasonallyAdjusted,8,,交通・通信（名目）,2026-07,16.5,false
seasonallyAdjusted,9,,教育（名目）,2026-07,3.8,false
seasonallyAdjusted,10,,教養娯楽（名目）,2026-07,10.4,false
seasonallyAdjusted,11,,その他の消費支出（名目）,2026-07,13.9,false
seasonallyAdjusted,12,,消費支出（実質）,2026-07,98.4,false
seasonallyAdjusted,13,,食料（実質）,2026-07,28.7,false
seasonallyAdjusted,14,,住居（実質）,2026-07,5.6,false
seasonallyAdjusted,15,,光熱・水道（実質）,2026-07,7,false
seasonallyAdjusted,16,,家具・家事用品（実質）,2026-07,4.3,false
seasonallyAdjusted,17,,被服及び履物（実質）,2026-07,3.3,false
seasonallyAdjusted,18,,保健医療（実質）,2026-07,4.9,false
seasonallyAdjusted,19,,交通・通信（実質）,2026-07,16.1,false
seasonallyAdjusted,20,,教育（実質）,2026-07,4,false
seasonallyAdjusted,21,,教養娯楽（実質）,2026-07,10.3,false
seasonallyAdjusted,22,,その他の消費支出（実質）,2026-07,13.5,false
