年月,総合,生鮮食品を除く総合,持家の帰属家賃を除く総合,持家の帰属家賃及び生鮮食品を除く総合,生鮮食品及びエネルギーを除く総合,食料（酒類を除く）及びエネルギーを除く総合,食料,生鮮食品,生鮮食品を除く食料,穀類,魚介類,生鮮魚介,肉類,乳卵類,野菜・海藻,生鮮野菜,果物,生鮮果物,油脂・調味料,菓子類,調理食品,飲料,酒類,外食,住居,持家の帰属家賃を除く住居,家賃,持家の帰属家賃を除く家賃,設備修繕・維持,光熱・水道,電気代,ガス代,他の光熱,上下水道料,家具・家事用品,家庭用耐久財,室内装備品,寝具類,家事雑貨,家事用消耗品,家事サービス,被服及び履物,衣料,和服,洋服,シャツ・セーター・下着類,シャツ・セーター類,下着類,履物類,他の被服,被服関連サービス,保健医療,医薬品・健康保持用摂取品,保健医療用品・器具,保健医療サービス,交通・通信,交通,自動車等関係費,通信,教育,授業料等,教科書・学習参考教材,補習教育,教養娯楽,教養娯楽用耐久財,教養娯楽用品,書籍・他の印刷物,教養娯楽サービス,諸雑費,理美容サービス,理美容用品,身の回り用品,たばこ,他の諸雑費,エネルギー,教育関係費,教養娯楽関係費,情報通信関係費
1970年1月,27,27.5,26.7,27.3,27.4,29.2,22.4,18.7,23.3,22.3,15.6,17,28,38.4,18.6,19.4,21.1,20.1,37.4,19,15.9,41.5,37.8,18.3,24.4,20.4,27.3,29.3,14.6,25.8,46.5,22,11.2,,58.3,167.7,58.3,52.3,22.3,51.4,16.4,23.8,21.9,20.5,23,26.5,26,25.6,23.6,33.7,19.1,33.9,43.8,44.2,24.9,38.9,17.8,41,116.1,15.1,15,23.7,,32.6,1900.1,31,15.4,19.7,25.9,13.1,63.8,19.2,17.6,11.5,28.6,,,
1970年2月,27.1,27.5,26.9,27.3,27.5,29.3,22.6,19.3,23.3,22.4,15.2,16.5,28,38.2,19.3,20.9,21.9,21,37.5,19.1,16.6,41.5,37.8,18.3,24.5,20.6,27.5,29.6,14.7,25.8,46.5,22.1,11.3,,58.3,168.1,58.4,52.1,22.3,51.6,16.6,23.6,21.4,20.3,22.3,26.5,25.8,25.7,23.7,33.8,19.1,36,43.8,44.2,27.3,39.1,18,41,116.1,15.1,15,23.7,,32.8,1896,31.5,15.5,19.8,26,13.3,64,19.3,17.6,11.5,28.6,,,
1970年3月,27.3,27.6,27.1,27.4,27.6,29.4,22.9,20.6,23.3,22.4,15.6,16.9,27.8,37.4,20.3,22.7,23.8,22.9,37.5,19.3,17.3,41.5,37.8,18.4,24.7,20.7,27.7,29.7,14.8,25.9,46.5,22.2,11.3,,58.6,169.6,58.7,52.1,22.5,51.7,16.6,23.7,21.4,20.4,22.3,26.5,25.8,25.8,23.9,33.8,19.3,36,43.9,44.4,27.3,39.1,18.1,41.2,116.1,15.1,15,23.7,,32.8,1893.9,31.7,15.5,19.8,26.1,13.4,64.3,19.4,17.6,11.5,28.7,,,
1970年4月,27.6,27.8,27.3,27.6,27.8,29.6,23.1,21.1,23.4,22.4,15.3,16.4,28,36.3,21.2,24.4,24.2,23.2,37.8,19.4,18.9,41.6,37.8,18.6,25,20.9,28,30,15.1,26,46.5,22.2,11.4,,59,171.7,59,52.2,22.6,51.7,16.7,24.1,22.1,20.2,23.3,26.7,25.9,26,24.2,34.1,19.5,36.1,43.9,44.8,27.3,39.3,18.2,41.4,116.1,15.6,15.6,23.7,,33.3,1893.9,31.5,15.5,20.5,26.3,13.6,64.6,19.7,17.6,11.5,28.7,,,
1970年5月,27.5,27.9,27.3,27.7,27.9,29.8,22.7,19.5,23.4,22.5,15,15.8,28.1,34.5,20.2,22.7,21.6,20.6,38,19.4,19.6,41.9,37.8,18.8,25.2,21.1,28.2,30.2,15.1,25.9,46.5,21.9,11.4,,59.3,171.7,60.1,52.1,22.8,51.8,16.8,24.5,22.8,20.1,24.4,26.8,25.8,26.4,24.4,34.2,19.7,36.1,43.9,44.9,27.3,39.4,18.2,41.5,116.1,15.6,15.6,23.7,,33.3,1891.9,31.5,15.5,20.5,26.4,13.8,65.1,19.7,17.6,11.5,28.7,,,
1970年6月,27.5,27.9,27.2,27.7,28,29.9,22.5,18.9,23.4,22.5,14.8,15.6,28.1,34.1,17.6,18.3,25.2,24.2,38.4,19.6,19.4,42.1,37.9,18.9,25.4,21.3,28.4,30.5,15.3,25.9,46.5,21.9,11.4,,59.3,171.4,60.2,52.4,22.8,51.9,16.9,24.6,22.9,20.4,24.4,26.7,25.6,26.5,24.4,34.5,19.8,36.2,44,45.3,27.3,39.4,18.3,41.5,116.1,15.6,15.6,23.7,,33.3,1889.8,31.3,15.6,20.5,26.5,13.8,65.3,19.8,17.6,11.5,28.7,,,
1970年7月,27.5,28,27.1,27.8,28.1,30,22.4,18.2,23.5,22.7,15.3,16.4,28.3,34.4,16.5,16.4,23.6,22.6,38.7,19.7,19.6,42.3,37.9,19,25.5,21.1,28.6,30.6,15,25.9,46.5,21.9,11.4,,59.3,170.5,60.2,52.7,23,51.9,17,25,23.7,20.8,25.4,26.8,25.5,26.5,24.5,34.5,19.9,36.4,44.1,45.9,27.6,39.5,18.3,41.6,116.1,15.6,15.6,23.7,,33.2,1885.7,31.1,15.5,20.6,26.6,14,65.4,19.8,17.6,11.5,28.7,,,
1970年8月,27.4,28.1,27,27.9,28.1,30,22.3,17.2,23.7,22.7,15.7,17.1,28.4,34.1,16.4,16.2,19.3,18.4,39,19.8,19.8,42.4,37.9,19.1,25.6,21.3,28.9,30.9,15,25.9,46.5,21.9,11.4,,59.5,170.8,60.2,53.3,23.1,52,17,24.3,22.1,21,23,27.1,26,26.6,24.6,34.7,20,36.3,44.1,46.5,27.4,39.5,18.3,41.6,116.1,15.6,15.6,23.7,,33.4,1896,31.5,15.6,20.6,26.7,14.1,65.6,19.9,17.6,11.5,28.7,,,
1970年9月,27.9,28.4,27.6,28.1,28.4,30.3,22.8,18.9,23.8,22.9,15.9,17.5,28.4,35.3,17.8,18.4,22.2,21.2,39.7,19.9,19.8,42.7,38.2,19.2,25.8,21.5,29,31.1,15.2,26.1,46.5,22,11.6,,60.6,176.7,60.8,54,23.3,52.2,17.1,25.5,24,22.3,25.2,28.2,28,27.1,24.8,35.2,20.3,36.3,44.2,46.9,27.4,39.5,18.3,41.6,116.1,15.6,15.6,23.7,,33.5,1885.7,31.4,15.5,20.9,26.7,14.2,65.7,20,17.6,11.5,28.8,,,
1970年10月,28.3,28.7,28,28.5,28.7,30.6,23.5,20.3,24.2,23,16,17.4,28.5,37.7,20.7,23.1,21.6,20.6,40.3,20.1,19.6,42.9,39.9,19.5,26,21.6,29.2,31.3,15.4,26.1,46.5,22.1,12,,60.5,174.5,61.2,54.5,23.5,52.5,17.2,26.1,24.7,22.7,26.1,28.7,28,27.8,25,35.6,20.5,36.4,44.5,47.4,27.4,40.1,18.9,41.8,116.3,15.6,15.6,23.7,,33.6,1891.9,32,15.5,20.9,26.8,14.4,65.9,20.1,17.6,11.5,29.1,,,
1970年11月,28.3,28.8,28,28.6,28.9,30.8,23.4,19.2,24.4,23.1,16.5,18.1,28.6,37.8,19.4,20.6,19.7,18.8,40.4,20.4,20,43,40.5,19.8,26.1,21.7,29.3,31.5,15.5,26.4,46.5,22.2,12.4,,60.8,174.2,61.6,54.4,23.7,53.4,17.3,26.2,24.9,22.7,26.4,28.8,28.3,28,25.1,35.8,20.8,36.5,44.9,48,27.4,40.2,18.9,41.8,116.3,15.6,15.6,23.7,,34,1904.2,32.2,16.3,20.9,27,14.6,65.9,20.1,17.6,11.5,29.3,,,
1970年12月,28.5,29.1,28.1,28.9,29.1,31,23.5,19.2,24.7,23.1,17.1,19.1,28.7,38.8,19.2,20,19.2,18.3,40.7,20.5,20,43.2,40.5,20.1,26.3,22,29.5,31.6,15.7,26.5,46.5,22.2,12.6,,61,173.3,62.6,54.5,23.8,53.8,17.6,26.4,25,22.6,26.4,29.1,28.5,28.1,25.3,36.2,20.8,36.5,45,48.6,27.4,40.3,19,42.1,116.3,15.6,15.6,23.7,,34.2,1891.9,32.9,16.6,20.9,27.1,14.8,66.1,20.2,17.6,11.5,29.4,,,
1971年1月,28.8,29.2,28.4,28.9,29.2,31,23.9,20.4,24.7,23.2,17.7,19.9,28.7,37.5,20.6,22.3,19.6,18.7,40.7,20.7,20.1,43.2,40.6,20.4,26.4,22.1,29.6,31.9,15.7,26.6,46.5,22.3,12.8,,61.3,173.3,63.6,54.7,24.1,54,17.7,26.4,24.5,22.7,25.8,29.5,28.6,28.7,25.5,36.4,21.1,36.5,45.1,48.6,27.4,40.4,19.1,42.1,116.3,15.6,15.6,23.7,,34.2,1887.8,33.3,16.5,21,27.2,15.1,66.1,20.5,17.6,11.5,29.5,,,
1971年2月,28.8,29.2,28.4,28.9,29.2,31.1,24,20.3,24.9,23.2,17.4,19.4,28.4,37.1,20.7,22.2,20.1,19.1,40.8,20.8,20.4,43.3,40.6,20.5,26.6,22.2,29.9,32,15.8,26.7,46.5,22.3,13,,61.4,173,64.1,54.7,24.2,54.2,17.7,25.8,23.3,22.3,24.3,29.3,28.3,28.7,25.7,36.5,21.2,36.5,45.1,48.6,27.4,40.5,19.1,42.3,116.3,16.1,15.6,27.5,,34.3,1873.3,33.5,16.5,21.1,27.4,15.2,67.3,20.6,17.6,11.5,29.6,,,
1971年3月,28.8,29.3,28.5,29.1,29.3,31.2,23.9,19.9,24.9,23.2,17.6,19.6,28.4,37.2,19.5,20.1,20.8,19.8,40.8,20.9,20.5,43.4,40.6,20.7,26.8,22.3,30,32.2,15.9,26.7,46.5,22.4,13,,61.6,174.8,64.4,54.8,24.3,54.3,17.8,25.9,23.6,22,24.6,29.2,28.1,28.7,25.8,36.8,21.3,36.6,45.2,48.7,27.4,40.6,19.1,42.5,116.3,16.1,15.6,27.5,,34.3,1869.2,33.7,16.5,21.1,27.5,15.3,67.3,20.6,17.6,11.5,29.7,,,
1971年4月,29.2,29.6,28.9,29.4,29.7,31.7,24,20.4,24.9,23.2,17.5,19.4,28.6,36.4,20.1,20.9,22,21,41,21,20.5,43.5,40.6,20.8,27,22.6,30.4,32.6,16.2,26.8,46.4,22.5,13.2,,62.1,176.3,64.6,55.3,24.5,54.4,18.4,26.4,24.2,22.2,25.6,29.5,28.8,28.7,26.1,37.1,21.7,36.6,45.3,48.7,27.4,40.9,19.1,43.3,116.6,17,16.7,27.5,,36.2,1865.1,33.5,18.2,22.7,27.6,15.4,67.3,20.7,17.6,11.6,30.1,,,
1971年5月,29.3,29.9,28.9,29.6,29.9,32,23.9,19.2,25.1,23.2,17.7,19.8,28.8,37.4,18.8,18.8,19.8,18.9,41.1,21.1,20.5,43.4,40.6,20.9,27.6,22.9,31.1,32.9,16.3,26.9,46.4,22.6,13.3,,62.1,175.4,64.4,55.8,24.5,54.5,18.5,27.1,25.4,23,27.2,29.7,29,28.7,26.2,37.4,21.9,36.7,45.3,48.7,27.4,41.1,19.1,43.3,118.9,17,16.7,27.5,,36.1,1856.8,33.4,18.4,22.7,27.6,15.6,67.3,20.7,17.6,11.6,30.2,,,
1971年6月,29.4,30.1,29,29.8,30.1,32.2,23.9,19.1,25.2,23.3,17.7,19.7,28.9,37.5,18.3,17.7,20.7,19.7,41.1,21.3,20.6,43.5,40.6,21,27.9,23,31.4,33.2,16.4,26.9,46.4,22.7,13.3,,62.1,174.8,64.4,55.9,24.7,54.8,18.5,27.8,27.1,24.8,28.6,29.7,29,28.7,26.3,37.5,22.1,36.7,45.3,48.8,27.4,41.1,19.1,43.5,118.9,17,16.7,27.5,,36,1846.5,32.7,18.5,22.7,27.7,15.8,67.3,20.7,17.6,11.6,30.2,,,
1971年7月,29.4,30.1,29,29.8,30.2,32.2,23.7,18.4,25.2,23.3,18.1,20.5,29.2,37.2,15.7,13.3,22.8,21.8,41.2,21.5,20.8,43.6,40.6,21.1,28,23.1,31.5,33.4,16.5,27,46.4,22.8,13.4,,62.1,173.3,64.5,55.9,24.8,55.7,18.5,27.7,26.7,25.3,27.9,29.7,28.8,29,26.4,37.5,22.1,36.7,45.3,49,27.4,41.3,19.1,43.6,120.4,17,16.7,27.5,,36,1844.5,32.7,18.5,22.7,27.7,15.9,67.3,20.8,17.6,11.6,30.3,,,
1971年8月,29.4,30.1,29,29.8,30.1,32,23.9,18.3,25.4,23.3,18.6,21.2,29.6,38.2,17,15.3,18.9,18,41.3,21.6,21.1,43.7,40.6,21.2,27.8,23.1,31.3,33.4,16.5,27,46.4,22.9,13.4,,62.1,172,64.6,55.9,24.9,55.8,18.5,26.9,25.1,25.4,25.6,28.6,26.5,29,26.5,37.5,22.2,36.7,45.3,49,27.4,41.3,19.2,43.6,120.6,17,16.7,27.5,,36.1,1844.5,32.8,18.6,22.7,27.8,16,67.3,20.9,17.6,11.6,30.3,,,
1971年9月,30.1,30.4,29.7,30.1,30.5,32.4,25.2,22.5,25.7,23.3,18.9,21.6,30.3,40.9,22.1,23.8,23,22,41.4,21.7,21,43.7,40.6,21.4,28,23.3,31.4,33.5,16.6,27,46.4,22.9,13.5,,62.9,176,65,56.5,25,55.7,18.6,28,26.8,25.7,27.9,30.1,29,29.6,26.7,37.9,22.4,36.7,45.7,49.1,27.4,41.3,19.2,43.7,120.6,17,16.7,27.5,,36.1,1848.6,33,18.5,22.8,28,16.2,67.3,20.9,17.6,11.6,30.3,,,
1971年10月,30.2,30.5,29.8,30.2,30.6,32.5,25.1,22.2,25.7,23.3,18.6,20.9,30.4,40.1,22.4,24.2,22.5,21.5,41.6,21.8,20.9,43.7,40.6,21.5,28.2,23.5,31.6,33.7,16.8,27.1,46.4,22.9,13.6,,62.9,175.4,65.2,56.9,25.1,55.9,18.9,28.2,26.9,25.9,27.9,31.1,30.7,29.9,26.8,38.2,22.6,36.8,46,49.2,27.4,41.3,19.2,43.7,120.6,17,16.7,27.5,,36.2,1846.5,33.3,18.5,22.9,28,16.3,67.3,21,17.6,11.6,30.4,,,
1971年11月,29.9,30.6,29.5,30.3,30.7,32.6,24.4,19.2,25.8,23.3,18.1,19.8,30.2,40.2,18.8,18.1,20.6,19.6,41.8,21.9,21.1,43.7,40.6,21.7,28.4,23.6,31.8,34,17.1,27.1,46.4,22.9,13.6,,63,175.7,65.3,57.2,25.2,56,18.9,28.4,27.1,26,28.2,31.1,30.7,29.9,27,38.2,22.7,36.8,46.1,49.2,27.4,41.3,19.2,43.7,120.6,17,16.7,27.5,,36.2,1846.5,33.1,18.5,22.9,28.1,16.4,67.4,21,17.6,11.6,30.4,,,
1971年12月,29.9,30.7,29.5,30.4,30.8,32.7,24.4,18.4,26.1,23.4,18.6,20.5,30.4,41.7,17.5,15.7,19.7,18.7,41.8,22,21.1,43.7,40.6,21.8,28.6,23.8,32.1,34.1,17.2,27.2,46.4,22.9,13.7,,63.3,175.1,66.6,57.3,25.3,55.9,18.9,28.3,26.9,25.7,28,31.2,30.7,30.1,27.1,38.2,22.9,36.8,46.3,49.2,27.4,41.4,19.2,43.7,120.6,17,16.7,27.5,,36.4,1844.5,33.8,18.8,22.9,28.2,16.8,67.3,21,17.6,11.6,30.4,,,
1972年1月,30,30.7,29.6,30.4,30.8,32.7,24.4,18.9,25.9,23.4,19,21.3,30.4,38.6,17.7,16,19.7,18.8,42.2,22.2,21.1,43.7,40.6,22,28.8,24,32.2,34.3,17.4,27.2,46.4,22.9,13.7,,62.9,173,66.7,57.5,25.4,56,19.1,28.1,26.2,25.3,27.2,30.7,29.8,30.1,27.3,38.3,23,36.8,46.4,49.1,27.4,41.5,19.3,43.6,120.6,17,16.7,27.5,,36.6,1840.4,34.2,18.9,22.9,28.2,16.9,67.3,21,17.6,11.6,30.4,,,
1972年2月,30.1,30.8,29.6,30.5,30.9,32.9,24.5,19,26,23.5,18.6,20.7,30.4,38.8,18.3,16.9,20.2,19.2,42.4,22.2,21.3,43.8,40.6,22.1,28.9,24,32.4,34.4,17.4,27.1,46.4,22.9,13.6,,62.9,172.4,66.7,57.3,25.4,56,19.2,27.6,25.3,24.9,26,30.6,29.3,30.1,27.3,38.4,23.1,40.1,46.6,49.2,30.9,42.1,19.8,43.7,124.3,17,16.7,27.5,,36.6,1840.4,34.7,18.7,23.1,28.3,17,67.4,21.1,17.6,11.6,30.4,,,
1972年3月,30.3,30.9,29.9,30.6,31.1,33,24.9,20.1,26.2,23.5,18.6,20.7,30.4,40.7,18.9,17.9,22.7,21.7,42.4,22.4,21.5,43.8,40.6,22.3,29.1,24.2,32.5,34.6,17.4,27.1,46.4,22.9,13.5,,62.9,172.4,66.9,57.1,25.5,56,19.2,27.6,25.4,24.9,26.1,30.5,29.1,30.1,27.5,38.6,23.4,40.1,46.8,49.2,30.9,42.2,19.8,43.7,124.5,17,16.7,27.5,,36.9,1844.5,35.5,18.9,23.1,28.4,17.2,67.5,21.1,17.6,11.6,30.4,,,
1972年4月,30.7,31.2,30.1,30.9,31.4,33.5,25.2,21,26.3,23.6,18.8,20.9,30.6,39.9,20.4,20.4,22.6,21.6,42.3,22.5,21.7,43.7,40.6,22.4,29.7,24.5,33.3,35.1,17.6,27.1,46.3,22.9,13.5,,63.3,174.5,67.1,56.9,25.6,56,20.1,27.7,25.1,24.4,26.1,30.7,29.5,30.3,27.6,38.9,23.7,40.1,46.9,49.2,30.9,42.3,19.8,43.7,124.7,18.2,18.2,27.5,,37.5,1840.4,35.5,18.9,23.8,28.5,17.4,67.5,21.2,17.6,11.7,30.3,,,
1972年5月,30.8,31.3,30.3,30.9,31.5,33.7,25.1,20.8,26.2,23.7,18.6,20.5,30.7,38.5,21.4,21.9,20.6,19.6,42.1,22.5,21.9,43.8,40.6,22.5,30,24.6,33.8,35.5,17.7,27.1,46.3,22.9,13.5,,63.3,173.6,67.3,56.6,25.4,56,20.1,28.2,26.2,25.4,27.2,30.8,29.9,30.1,27.7,38.9,23.8,40.4,47,54.6,30.9,42.4,19.9,43.7,124.7,18.3,18.4,27.5,,37.7,1848.6,36.7,18.9,23.9,28.6,17.6,67.4,21.1,17.6,11.7,30.3,,,
1972年6月,30.9,31.6,30.3,31.1,31.7,33.8,25,19.8,26.3,24,18.4,20.3,30.7,38.4,19.6,18.8,21.2,20.2,42.1,22.7,21.9,44,40.6,22.7,30.2,24.9,34.1,35.9,17.8,27.1,46.3,22.9,13.5,,63.1,173.3,67.1,56.2,25.6,56,20.3,29.1,28.2,26.9,29.4,30.8,29.8,30.4,27.8,39,23.9,40.4,47.2,54.8,30.9,42.5,19.9,43.8,124.7,18.3,18.4,27.5,,37.5,1846.5,35.1,19,23.9,28.7,17.8,67.4,21.3,17.6,11.7,30.3,,,
1972年7月,30.9,31.6,30.3,31.2,31.8,34,24.8,19.2,26.4,24,19,21.4,30.7,38.3,18.3,16.4,20.6,19.6,42.1,22.7,22.3,44,40.6,22.7,30.5,25,34.4,36,17.9,27.1,46.3,22.9,13.5,,63.1,173,66.9,56.5,25.6,56,20.4,29.3,28.5,28.1,29.3,30.8,29.8,30.2,27.9,39,23.9,40.5,47.2,54.9,30.9,42.6,20.1,43.8,124.7,18.3,18.4,27.5,,37.5,1844.5,35.5,18.9,23.9,28.8,18,67.3,21.3,17.6,11.7,30.4,,,
1972年8月,31.1,31.7,30.6,31.2,31.8,33.9,25.3,20.9,26.5,24,19.2,21.6,30.8,38.8,19.9,19.1,22.9,21.9,42.1,22.8,22.4,44.1,40.6,22.8,30.7,25.1,34.6,36.2,18,27.6,46.3,24.3,13.5,,63,172.4,66.8,56.6,25.6,56,20.4,28.6,27.2,28.3,27.4,30.1,28.5,30.1,28,39.1,24,40.5,47.3,55,30.9,42.9,20.4,44,124.7,18.3,18.4,27.5,,37.6,1844.5,36,19.1,23.9,28.9,18.2,67.4,21.3,17.6,11.7,30.8,,,
1972年9月,31.2,31.8,30.7,31.4,32,34.1,25.5,21,26.7,24.1,18.9,21,31,40.2,19.9,19.1,24.2,23.2,42.4,22.8,22.5,44.2,40.6,22.9,30.8,25.1,34.8,36.4,17.7,27.6,46.3,24.3,13.5,,63.4,173.3,67.2,57.5,25.7,56,20.4,29.5,28.6,28.6,29.3,31.2,30,30.8,28.5,39.3,24.2,40.5,47.4,55.2,30.9,42.9,20.5,44,124.7,18.3,18.4,27.5,,37.5,1844.5,35.3,19,24,29.1,18.4,67.4,21.6,17.6,11.8,30.8,,,
1972年10月,31.5,32.2,31,31.7,32.4,34.4,25.7,20.3,27.1,25.4,18.7,20.5,31.3,41.4,19.8,18.8,22.8,21.7,42.6,22.9,22.9,44.3,40.6,23.1,31.1,25.3,35.2,36.8,17.9,27.6,46.3,24.3,13.5,,63.6,173.6,67.1,58,26,56.1,20.5,30,28.8,28.7,29.5,32.1,31.2,31.2,28.8,39.5,24.4,40.5,47.5,55.2,30.9,43.1,20.6,44,124.7,18.4,18.5,27.5,,37.6,1846.5,35.8,19,24,29.2,18.6,67.4,21.7,17.6,11.8,30.9,,,
1972年11月,31.4,32.3,30.8,31.8,32.5,34.5,25.3,18.5,27.3,25.5,19,21,31.5,42.1,18.5,16.6,18.3,17.3,42.6,23,22.7,44.3,40.6,23.3,31.3,25.4,35.4,37,18.1,27.8,46.3,24.5,13.6,,63.9,175.1,67.5,58,26.2,56.1,20.6,30.1,28.9,28.9,29.5,32.2,31.5,31.2,29.1,39.7,24.6,40.6,47.6,55.2,30.9,43.1,20.6,44,125.1,18.4,18.5,27.5,,37.9,1850.7,35.9,19.5,24,29.4,19,67.5,21.9,17.6,11.8,31,,,
1972年12月,31.6,32.5,31,32.1,32.7,34.7,25.6,18.8,27.6,25.5,19.4,21.8,31.9,43.8,20,18.9,15.3,14.3,42.6,23.2,22.9,44.3,40.6,23.7,31.5,25.6,35.5,37.1,18.4,27.8,46.3,24.5,13.6,,64.1,175.7,67.5,58.2,26.4,56.2,20.6,30.2,29,28.8,29.7,32.3,31.6,31.3,29.5,39.7,24.6,40.6,47.7,55.2,30.9,43.2,20.8,44.1,125.1,18.4,18.5,27.5,,38.2,1852.7,36.9,19.9,24,29.6,19.4,67.5,22.1,17.6,11.8,31,,,
1973年1月,31.9,32.7,31.3,32.2,32.9,35,26.1,20.2,27.7,25.5,20.5,23.4,32.2,41.6,21.4,21.1,15.4,14.5,42.7,23.2,23.7,44.4,40.6,24.1,31.7,25.9,35.7,37.2,18.6,27.8,46.3,24.6,13.6,,64.4,176.3,67.3,58.4,26.5,56.2,20.9,30.4,28.9,28.9,29.5,33,32.6,31.7,29.8,40,24.8,40.6,47.7,55.2,30.9,43.5,21,44.1,125.1,18.4,18.5,27.5,,38.4,1854.8,37.6,19.7,24.2,29.8,19.7,67.5,22.3,17.6,11.8,31,,,
1973年2月,32.2,33.1,31.6,32.6,33.2,35.1,26.4,19.8,28.2,25.5,19.8,22,33.2,42.6,22.2,20.8,16.5,15.5,43.9,23.5,23.9,44.8,40.6,24.3,32,26.2,36,37.5,19,27.9,46.3,24.7,13.7,,64.9,177,67.9,59.4,26.8,56.2,21,30.5,28.6,29.5,28.8,33.1,32.4,32.1,30.5,40.4,25.2,40.6,47.9,55.3,30.9,44.1,21.2,45.2,125.1,18.4,18.5,27.5,,38.7,1854.8,38.2,19.8,24.3,29.7,19.9,63.8,22.7,17.6,11.8,31.5,,,
1973年3月,33,33.6,32.4,33.2,33.8,35.6,27.4,21.9,28.9,25.7,20.3,22.6,35.6,45.9,23.9,23.4,19.9,18.9,45.2,23.7,24.7,44.8,40.6,24.7,32.4,26.7,36.2,37.7,19.6,28,46.3,24.8,13.8,,65.6,178.2,69.6,61.6,27,56.7,21,32,29.9,30.2,30.4,33.8,33.1,32.7,31.3,41.2,25.7,40.6,48,55.3,30.9,44.5,21.4,45.6,125.8,18.8,18.5,30.8,,38.9,1858.9,39.4,19.7,24.4,29.9,20.2,63.8,23.1,17.6,11.8,31.7,,,
1973年4月,33.6,34.1,33,33.7,34.3,36.3,27.8,23,29.1,25.7,20.6,23.1,36.1,44.5,24.9,25,21.3,20.3,45.7,24,25.6,44.8,40.6,25.2,32.8,27.3,36.4,38,20.4,28.3,46.3,25.2,14.1,,67.1,183.7,70.5,64.1,27.5,57.1,21.9,33.2,30.9,31.4,31.4,34.5,33.7,33.3,32,42.2,26.3,40.6,48.1,55.3,30.9,44.8,21.7,45.9,125.8,20.4,20.5,30.8,,39.3,1854.8,39.1,19.7,25,30.2,20.6,63.8,23.4,17.6,11.8,32,,,
1973年5月,34.2,34.6,33.6,34.2,34.8,37,28.3,24.4,29.1,25.8,21,23.5,36.4,42.5,27.2,29,20.8,19.8,45.9,24.1,26,44.9,40.7,25.5,33.2,27.6,36.8,38.4,20.7,28.3,46.3,25.3,14.2,,67.7,184.3,71.2,65.1,27.9,57.3,22,35.3,34.9,32.3,36.8,34.7,33.8,33.6,32.5,42.8,26.7,40.6,48.2,55.3,30.9,44.9,21.7,46.2,126,20.5,20.5,30.8,,39.7,1873.3,40.9,19.7,25,30.3,20.8,63.8,23.8,17.6,11.8,32.1,,,
1973年6月,34.2,35,33.7,34.6,35.2,37.5,27.9,22.1,29.5,26,20.5,22.2,36.6,42.2,23.2,22.1,22.7,21.7,46.1,24.3,26.6,45.2,43.3,25.8,33.6,28,37.2,38.7,20.9,28.3,46.1,25.3,14.3,,68.2,185.6,71.3,65.7,28.4,57.5,22,35.9,35.9,34.8,37,34.7,34.1,33.6,32.7,43.2,27.2,40.7,48.4,55.4,30.9,45.3,21.7,46.9,126.4,20.5,20.6,30.8,,40.8,1873.3,38.7,19.9,27.1,30.6,21.2,63.8,24,17.6,11.8,32.1,,,
1973年7月,34.5,35.2,33.9,34.8,35.5,37.9,28.1,22.2,29.7,26.1,21,22.7,37.3,42.1,22.4,20.7,24.1,23.1,46.4,24.3,26.7,45.3,43.3,26,34,28.2,37.7,39.1,21.1,28.4,46.1,25.4,14.4,,68.6,185.9,72,65.9,28.7,57.6,22.2,35.9,35.9,35.3,36.9,35,33.9,34.2,33,43.6,27.3,40.7,48.6,55.6,30.9,45.4,21.9,47,127.1,20.5,20.6,30.8,,41.6,1877.4,38.7,22,27.1,30.8,21.6,63.8,24.3,17.6,14.2,32.2,,,
1973年8月,34.7,35.4,34.2,34.9,35.7,38,28.6,23.5,29.9,26.1,22.2,24.5,37.7,43,22.9,21.2,25.9,24.8,46.6,24.5,26.7,45.5,43.3,26.2,34.3,28.5,38,39.3,21.5,28.6,46.1,25.5,14.6,,69.1,185.9,73.1,67,29.2,57.7,22.3,35.5,34.6,36.9,34.5,35,33.1,34.9,33.2,44.2,27.5,40.8,48.8,55.8,30.9,45.4,21.9,47.1,127.3,20.5,20.6,30.8,,42.2,1906.3,39.9,22.4,27.2,31.1,21.8,63.8,24.6,17.6,14.2,32.4,,,
1973年9月,35.7,36.1,35.3,35.7,36.4,38.6,29.8,26.4,30.6,26.4,21.9,23.6,38.9,47.3,28,29.8,26.7,25.7,46.9,25,27.5,45.5,43.3,26.4,34.7,29.1,38.1,39.6,22.3,28.6,46.1,25.6,14.8,,71,192,72.8,70.1,29.9,59.4,22.4,37.6,36.5,38.5,36.4,39.9,40.1,37.8,34.3,45.4,28.1,40.9,49.1,55.8,30.9,45.6,21.9,47.5,127.3,20.6,20.7,30.8,,42.7,1920.7,40.2,23.4,27.2,31.4,22.1,63.8,25.5,17.6,14.2,32.5,,,
1973年10月,35.9,36.5,35.3,36.1,36.8,39,29.7,24.3,31.1,26.8,22,23.5,39.7,46.3,25.9,25.6,24.6,23.6,48.1,25.5,27.7,45.8,44.3,27,34.9,29.4,38.3,39.8,22.7,29.3,46.2,26.8,15.4,,73.1,200,74.1,71.5,30.5,61.7,22.5,38.9,37.8,39.1,38.1,42.2,43.3,39.1,35.2,46.2,28.8,36.2,49.1,55.9,25.8,45.8,21.9,47.9,127.3,20.6,20.7,30.8,,42.8,1933.1,40.5,23.4,27.2,31.6,22.6,63.8,25.8,17.6,14.2,33.2,,,
1973年11月,36.2,37.1,35.7,36.7,37.4,39.5,29.7,22.5,31.8,27.4,23.1,25,39.9,45.6,24.8,23.1,19.1,18.2,51,26.1,28.3,46.2,45,27.9,35.1,30,38.3,39.9,23.4,29.9,46.2,27.2,16.5,,77.2,205.5,74.1,72.8,31.3,75.2,22.7,39.4,38.2,38.9,38.9,42.7,43.5,40,36.4,46.8,29.5,36.3,49.4,56.5,25.8,46.7,21.9,50.1,127.3,20.6,20.7,30.8,,43.1,1947.5,41.7,23.3,27.3,31.9,23.1,64.1,26.1,17.6,14.2,34.4,,,
1973年12月,37.4,38.2,37,38,38.4,40.3,30.9,23.8,32.9,28,24.6,26.9,40.3,49.5,26.7,25.6,18.2,17.2,55.5,27.5,29.8,47.9,45,28.7,36.1,31.6,38.4,40,26,32,46.2,31.7,17.9,,81.5,212.3,77.2,75.1,32.9,85.3,22.7,40.2,38.8,39.2,39.5,43.6,44.3,40.9,38,47.7,30.4,36.5,49.5,59.3,25.8,48.4,21.9,54.7,127.3,20.6,20.7,30.8,,44.2,1988.7,45.3,23.7,27.4,32.8,24.5,65.9,26.4,17.6,14.2,37.9,,,
1974年1月,38.9,39.5,38.6,39.3,39.7,41.2,33.2,27.4,34.7,30.1,26.2,29.1,40.8,54.8,31.4,32.7,19.3,18.2,58.9,29.4,31.6,50.8,45.1,29.8,36.5,32.5,38.6,40.3,27.4,32.4,46.7,31.3,19,,87.1,225.8,82,78.4,35.4,94.3,22.9,40.9,38.6,39.8,38.9,44.8,44.5,42.8,40.4,48.9,32,36.8,49.9,65.6,25.8,49,22.1,56.1,127.3,20.9,20.7,33.2,,45.1,2075.3,46.9,23.6,27.9,33.6,25.6,68.2,27.3,17.6,14.2,38.5,,,
1974年2月,40.2,40.6,39.9,40.5,40.8,42.3,34.7,29.9,35.8,30.6,26.6,28.8,42.1,55.8,35.6,39,21,19.9,59.9,31.8,34,52.5,45.4,30.6,37,33.2,38.8,40.4,28.4,32.3,46.7,31.1,18.9,,90.3,244.2,87.9,81.3,38.4,86.5,23.2,40.9,37.6,39.6,37.6,45.6,44.2,44.5,42.1,50.6,32.9,41.5,50,72,30.6,50.6,23,58.1,127.3,20.9,20.7,33.2,,47,2182.5,51.1,25.1,28.1,34.3,26.2,69.8,28.3,17.6,14.2,38.3,,,
1974年3月,40.4,40.9,40.2,40.8,41.2,42.6,34.8,29.4,36.1,30.7,26.5,28.4,42.5,54.3,33.8,35.8,23.8,22.7,59.5,33.2,35.4,53.1,45.4,30.9,37.2,33.6,39.1,40.7,28.7,32.3,46.7,31.1,18.8,,92.1,251,89.1,82,39.4,87.3,23.4,41.6,38,39.5,38.3,46.1,44.7,45.1,43.2,51.5,33.3,41.7,50.5,73.3,30.6,50.8,23.2,58.4,127.3,20.9,20.7,33.2,,47.5,2205.1,52.1,25.2,28.3,34.8,26.9,70.5,29,17.6,14.2,38.3,,,
1974年4月,41.5,41.6,41.3,41.5,41.9,43.5,35.9,32.7,36.4,30.8,27.9,30.7,43.3,54.8,35.8,39.1,28.5,27.3,59.7,34.1,35.8,53.6,45.4,31.2,37.7,34.1,39.3,41,29.5,32.4,46.7,31.2,18.8,,95.4,267.9,91.5,82.7,40.2,86.9,25.7,41.8,38.4,39.8,38.7,45.9,43.5,45.7,43.9,52.6,33.9,41.8,50.6,73.9,30.6,52.6,23.2,63.2,127.3,23.7,24.3,33.2,,48.6,2219.6,50.8,25.4,30.1,35.3,27.4,70.9,29.8,17.6,14.6,40.3,,,
1974年5月,41.6,42.3,41.4,42.2,42.5,44.3,35.4,28.9,37,30.9,27.6,29.8,43.9,54.3,30.2,29.3,28.2,27,60,35,36.3,54.6,50.5,31.6,38,34.5,39.6,41.2,30,32.5,46.7,31.2,18.9,,94.8,260.5,92.1,83.3,40.7,86.9,26.5,44.1,43,40.7,45,46,41.8,47.4,44.3,53.2,34.2,41.8,50.8,74.4,30.6,52.8,23.4,63.4,127.3,23.9,24.5,33.2,,48.6,2227.8,50.5,25.4,30.2,36,28.6,71.6,30.2,17.6,14.6,40.4,,,
1974年6月,41.9,42.8,41.6,42.7,42.8,44.7,35,27,37.2,31,27.3,29.1,43.9,52.5,27.1,24.2,28.8,27.6,60.7,35.7,36.4,55.2,51.1,31.8,38.3,34.9,39.9,41.6,30.3,36.8,57.1,31.7,23.1,,95.1,262.1,92.3,83.4,40.9,86.5,26.5,45.2,45.2,42.4,47.5,46.1,41.8,47.7,44.5,53.6,34.6,41.8,50.9,75,30.6,53,23.4,63.8,127.3,23.9,24.5,33.2,,48.7,2234,50.2,25.4,30.2,36.3,29,72,30.5,17.6,14.6,44.6,,,
1974年7月,42.7,43.3,42.4,43.3,43.4,45.4,36,29.8,37.5,31.1,28.7,31.7,44.2,54.9,29.9,28.8,29.3,28.1,61.7,36,37.7,55.3,51.6,32,38.8,35.2,40.2,41.9,30.6,37,57.1,31.7,23.8,,95.6,263.3,93.5,83.6,41.4,85.9,27.3,45,44.9,42.7,46.7,46.1,41.6,47.9,44.6,54,35,42,51.1,78.9,30.6,53.2,23.6,63.9,127.3,23.9,24.5,33.2,,51.7,2264.9,51.3,32.2,30.4,36.9,30.2,72.3,30.9,17.6,14.6,44.9,,,
1974年8月,43.1,43.5,42.9,43.5,43.5,45.3,36.9,32.1,38,31.1,29.6,33.2,44.8,57.6,30.8,30,34.2,32.9,63.8,36.1,38.1,55.5,51.6,32.4,39.1,35.6,40.6,42.2,31,37.2,57.1,31.9,24,,96.1,263.9,93.9,83.7,41.7,86.5,27.6,43,40.9,42.4,41.2,44.7,39.4,47.1,44.8,54.3,35.2,42.3,51.3,82,30.6,54.1,24.6,63.8,127.3,23.9,24.5,33.2,,52.5,2264.9,52.1,33.5,30.5,37.2,30.9,72.4,31.1,17.6,14.6,45,,,
1974年9月,43.7,44.1,43.6,44.1,44.1,45.8,37.6,32.9,38.7,31.3,29.1,32.1,45.1,64.4,34.9,36.8,30.1,28.9,64.8,36.6,38.4,55.9,51.6,32.9,39.3,35.8,40.8,42.3,31.3,39.1,57.1,37.1,24.5,,98.2,276.2,94.9,83.8,42.2,87.2,27.8,43.9,41.7,41.8,42.5,47.9,46.1,47,45.2,54.8,35.7,42.5,52.2,83.9,30.6,54.4,24.9,64,127.3,24,24.6,33.2,,52.6,2271.1,51.8,33.5,30.6,37.6,31.5,72.9,31.4,17.6,14.6,46.9,,,
1974年10月,44.7,45.5,44.6,45.6,45.6,46.9,38.4,30.3,40.6,37.4,28.8,31,45.4,63.7,32.9,33.2,26.9,25.7,66.7,37,38.7,56.8,51.6,34.4,39.6,36.1,41.1,42.7,31.5,39.7,57.1,37.8,25.1,,99.7,283.9,94.9,84.3,42.6,87.6,28.2,44.9,42.7,41.8,44,49.5,49.4,47.1,45.6,55.1,36.2,47.2,53,84.9,35.5,57.1,27.5,64.3,130.5,25.6,24.6,45.1,,53.5,2285.5,55.2,33.5,30.9,38,32.3,72.9,31.7,17.6,14.6,47.5,,,
1974年11月,45.1,46.1,44.9,46.1,46,47.1,38.5,29.2,41.2,37.7,29.9,32.7,45.6,64.7,31.6,30.6,23.5,22.4,70.3,37.6,39.4,57.4,51.6,35.3,40.1,36.3,41.7,43,31.7,40.8,57.1,40.3,25.6,,99.9,284.2,95.3,84.4,42.9,87.4,28.5,44.9,42.6,41.6,44,49.4,49.3,47.1,45.9,55.3,36.8,47.3,53.1,85.6,35.5,58.8,28.5,66.4,130.5,25.6,24.6,45.1,,53.4,2285.5,54.5,33.6,31.1,38.4,33,73.1,31.9,17.6,14.6,49.4,,,
1974年12月,45.2,46.3,45,46.4,46.3,47.3,38.8,28.7,41.7,37.8,30.5,33.5,46,66,30.7,28.8,22.8,21.6,71.4,38,39.9,58.1,51.6,36.1,40.4,36.5,41.9,43.3,31.9,40.8,57.1,40.3,25.6,,100.1,284.2,96,84.6,43.2,86.7,28.5,44.9,42.3,41.2,43.7,49.4,49.2,47.1,46.1,55.5,37.2,47.3,53.2,85.9,35.5,59.1,28.8,66.6,130.5,25.6,24.6,45.1,,53.6,2285.5,54.3,33.9,31.1,38.8,33.8,73.3,32.2,17.6,14.6,49.4,,,
1975年1月,45.8,46.6,45.6,46.6,46.6,47.7,39.4,31.2,41.7,37.8,31.4,35,46.4,61.9,31.5,30.1,28.4,27.2,71.6,38.7,39.9,60.1,51.6,36.5,40.8,36.8,42.2,43.6,32.2,40.3,55.3,39.8,25.3,,99.6,278.7,97.1,85.3,43.9,85.5,29.1,44.7,42.5,41.6,43.8,47.2,45.4,46.6,46.4,55.5,37.8,47.4,53.8,85.5,35.5,59.5,29,66.8,130.5,26.2,25.1,45.1,,54.4,2320.5,55.8,33.8,31.8,39.6,34.2,74.3,33.3,17.6,14.7,48.8,30.8,,
1975年2月,45.8,46.7,45.6,46.7,46.7,47.7,39.6,31.1,41.9,37.8,30.9,33.9,46.7,63.6,31.6,30.3,29.3,28.1,71.8,38.9,40,60.7,51.6,36.7,41,37,42.5,43.9,32.3,40.3,55.3,40,25.1,,99.3,279,97.2,84.6,43.9,84.1,29.2,44.1,41.4,41.5,42.3,46.6,44.2,46.6,46.6,55.5,38.1,47.5,53.9,86,35.5,59.6,29.1,66.9,130.5,26.2,25.1,45.1,,54.4,2320.5,55.9,33.7,31.9,39.8,34.4,74.7,33.6,17.6,14.7,48.9,30.9,,
1975年3月,46.2,46.9,46.1,46.9,46.9,47.8,40.4,32.6,42.4,37.9,30.7,33.4,47.4,69.3,32.5,31.7,33,31.8,71.9,39.1,40.7,61.3,51.6,36.8,41.2,37.2,42.8,44.2,32.4,40.4,55.3,40.5,25,,99.2,278.3,97.4,84.1,43.9,84,29.4,44.3,41.7,41.9,42.7,46.6,44.3,46.6,46.6,55.8,38.2,47.6,54.4,86,35.5,59.7,29,67.1,130.5,26.2,25.1,45.1,,54.7,2320.5,56.9,33.8,32,39.9,34.7,74.9,34,17.6,14.7,49.1,30.9,,
1975年4月,47,47.7,46.9,47.8,47.8,49.1,40.5,33.1,42.5,38,31.1,34.1,47.7,65.9,32.5,31.6,33.9,32.6,71.9,39.4,40.5,61.8,51.7,37.1,41.7,37.6,43.4,44.8,32.6,40.6,55.3,40.5,25,,99.3,278.7,96.7,83.7,43.9,84.4,30.5,44.9,42.8,42,44,47.1,45.2,46.5,46.8,55.9,38.4,47.9,56.7,86.3,35.3,60.3,29.6,67.9,130.9,30.7,31.2,45.1,,57.8,2320.5,57.9,33.8,36.2,40.2,35.2,75,34.1,17.6,14.8,49.2,34.6,,
1975年5月,47.3,47.9,47,47.9,48.1,49.5,40.5,33.4,42.4,38,31,33.7,48,61.1,33.9,33.7,33,31.8,72.2,39.5,40.7,62.3,52.1,37.3,42.2,37.9,44,45.4,32.8,40.6,55.3,40.6,24.9,,99.3,278.7,96.2,83.7,43.8,84.6,30.9,46.1,44.7,42.7,46.3,48.1,47.1,46.4,46.8,56.1,38.6,48.1,57.3,86.5,35.4,60.4,29.6,67.9,130.9,30.7,31.2,45.1,,57.3,2312.3,55.9,33.8,36.2,40.5,35.9,76,34.2,17.6,14.8,49.2,34.6,,
1975年6月,47.3,48.2,47,48.2,48.2,49.8,40.2,31.4,42.6,38,31,33.3,49.1,60.6,30.4,28.1,33.3,32,73,39.6,40.7,62.6,52.8,37.4,42.6,38.2,44.4,45.8,33,40.6,55.3,40.7,25,,99.2,278.3,95.5,83.4,43.7,84.5,31.5,46.6,45.7,43.6,47.3,48.5,47.9,46.4,46.8,56.3,38.7,48.4,58.7,87.5,35.4,60.4,29.7,67.9,130.9,30.7,31.2,45.1,,57.3,2314.4,54.5,33.8,36.4,40.8,36.6,76.1,34.4,17.6,14.8,49.2,34.6,,
1975年7月,47.4,48.4,47,48.4,48.5,49.9,40.4,30.8,43,38,31.4,34.3,51,60.4,29.7,26.9,31.6,30.3,73,40.2,41.5,62.8,52.9,37.6,42.9,38.4,45.1,46.2,33.1,40.9,55.3,40.7,25.8,,99.1,278.3,95.2,83.2,43.6,83.8,31.8,46.5,45.7,44.2,47.1,48.1,47.1,46.4,46.8,56.5,38.8,48.7,59.3,87.8,35.6,60.5,29.8,68,130.9,30.7,31.2,45.1,,57.6,2310.2,53.8,33.8,37,40.9,36.8,76.3,34.4,17.6,14.8,49.4,34.6,,
1975年8月,47.3,48.2,47,48.1,48.3,49.6,40.5,30.9,43.2,38,32.5,36.2,51.9,60.2,30.8,28.7,28.1,26.8,71.5,40.4,42,63,53.8,37.8,43,38.5,45.3,46.4,33.1,41.2,55.3,40.7,26.4,,98.7,277.1,95.1,83.3,43.6,83.6,32.2,44.2,41.4,44.3,41.6,46.1,43.6,46.3,46.8,56.3,39,48.8,59.8,87.8,35.6,60.6,29.9,68,130.9,30.7,31.2,45.1,,58,2304,55.8,33.9,37.1,40.9,37.1,76.4,34.4,17.6,14.8,49.4,34.6,,
1975年9月,48.3,49.1,48.1,49,49.2,50.3,42,33.4,44.2,41.5,32.5,36.3,52.7,63.5,33,32.2,32,30.7,72.2,40.7,42.2,63.1,54.9,38.3,43.2,38.8,45.4,46.6,33.4,41.8,55.3,40.7,26.8,,97.2,265.4,95.8,83.7,43.4,83.8,32.3,47,46.5,46.3,47.6,48.3,47.8,46.2,47,56.7,39.2,48.9,60.2,88,35.6,60.7,30.2,68,130.9,30.7,31.2,45.1,,57.8,2304,54.5,33.9,37.1,41.1,37.4,76.5,34.5,17.6,14.8,49.5,34.7,,
1975年10月,49.1,49.4,48.8,49.3,49.6,50.7,43.3,37.8,44.5,42,32.3,35.9,53.1,63.5,38.1,40.4,37.3,36,72.7,40.9,42.3,63.4,55.4,38.5,43.5,38.9,45.7,46.9,33.5,42,55.3,40.8,27.3,,98.9,276.8,95.8,84,43.4,83.8,32.5,47.8,47.4,46.7,48.8,49.1,48.9,46.6,47.2,57.9,39.4,49,60.5,88.1,35.7,60.8,30.3,68,130.9,30.7,31.2,45.1,,58.4,2297.9,56.7,33.9,37.4,41.4,37.7,77.6,34.7,17.6,14.8,49.6,34.7,,
1975年11月,48.8,49.6,48.6,49.5,49.7,50.9,42.5,34.3,44.7,42,33.1,37.3,53.6,63.6,35.5,36.1,29.2,28,72.6,41,42.3,63.7,55.6,38.7,43.8,39.2,46.1,47.2,33.6,42.2,55.3,41,27.6,,98.7,275.9,96.2,84.1,43.3,83.7,32.9,48.1,47.8,46.8,49.2,49.2,49.1,46.7,47.3,58.1,39.6,49,60.6,88.2,35.7,61.4,30.4,69,130.9,30.7,31.2,45.1,,58.4,2302,56.1,33.8,37.5,41.5,37.9,77.7,34.9,17.6,14.8,49.7,34.7,,
1975年12月,48.8,49.8,48.6,49.7,49.9,51.2,42.3,32.7,44.9,42,33.6,37.9,54.2,63,33.4,32.7,27.4,26.2,71.9,41,42.6,63.7,55.6,39,44,39.2,46.3,47.5,33.6,42.5,55.3,41,28,,98.7,275,96.3,84.1,43.3,83.7,32.9,48.2,47.8,46.8,49.2,49.1,49.1,46.6,47.6,58.3,39.8,49,60.7,88.4,35.7,62.3,31.8,69.5,130.9,30.7,31.2,45.1,,58.5,2297.9,55.8,34.4,37.8,41.6,38.6,77.8,34.9,17.6,14.8,49.9,34.7,,
1976年1月,49.7,50.3,49.6,50.3,50.5,51.9,43.3,36.2,45.1,42,34.4,39.6,54.5,61.1,38.6,41,27.6,26.4,71.8,41.1,42.9,64,58.4,39.6,44.3,39.6,46.4,47.8,34,42.6,55.3,41,28.2,,98.6,274.4,96.7,83.9,43.4,83.3,33.2,47.4,46.1,46.7,47,48.8,48.3,46.7,47.8,58.4,40,49.4,60.9,89.1,35.9,63.4,33.3,70.3,130.9,30.9,31.2,45.1,24.1,59,2295.8,57.6,34.2,37.9,47.8,39.2,77.9,35.2,26.2,14.8,50.2,34.9,,
1976年2月,50.1,50.6,49.9,50.5,50.8,52,43.9,37.3,45.5,42,33.6,37.8,54.9,63.8,40.3,43.7,30,28.7,71.9,41.3,43.1,65.2,58.5,39.9,44.8,39.9,47,48.2,34.3,42.7,55.3,41,28.3,,98.4,274,96.9,83.4,43.4,83.2,33.3,46.6,44.5,46.5,45,48.3,47.4,46.7,47.7,58.5,40.2,49.4,60.9,89.4,35.9,64.7,33.5,70.4,140.8,30.9,31.2,45.1,24.1,59,2295.8,57.1,34.2,37.9,47.9,39.3,77.8,35.3,26.2,14.8,50.3,34.9,,
1976年3月,50.3,50.8,50.1,50.8,51.1,52.3,44,36.8,45.8,42.6,33.5,37.6,55.2,65.5,37.9,39.9,32.8,31.6,71.9,41.4,43.4,66,58.6,40.2,45.1,40.4,47.3,48.5,34.7,42.7,55.3,41,28.3,,98.4,274,96.9,83.2,43.4,83.2,33.3,47.2,45.7,46.7,46.5,48.3,47.2,46.7,48.2,58.7,40.4,49.4,60.9,89.6,35.9,64.7,33.5,70.4,140.8,31,31.2,45.6,24.1,59.5,2291.7,58.8,34.7,37.9,48,39.7,78.1,35.3,26.2,14.8,50.3,35.1,,
1976年4月,51.5,51.8,51.3,51.7,52,53.6,45,39.8,46,42.8,33.8,38.1,55.5,64.9,43.5,48.8,32.1,30.8,71.9,41.6,43.4,66.2,58.6,40.9,45.7,41,48,49.3,35.2,43.1,55.3,41,28.3,,100.1,280.5,97.8,83.7,43.6,83.3,36.5,47.8,46.2,47.4,47,49.1,48.6,47.1,48.6,59.2,41,52.9,61,89.6,39.9,65,33.9,70.4,140.8,36,38.7,45.6,26.2,60.8,2291.7,61.6,34.7,39.1,48.2,40.3,78.3,35.4,26.2,16.7,50.3,39.6,,
1976年5月,51.7,52.2,51.4,52.1,52.4,54.2,44.8,38.6,46.2,42.9,34.2,38.9,55.7,64.1,40.1,43.2,33.6,32.3,71.9,41.7,43.7,66.6,58.6,41.2,46.3,41.4,48.6,49.9,35.5,43.3,55.3,41,28.3,,100.1,278.3,98.1,84.2,43.8,83.7,37.5,49.5,48.9,47.6,50.5,51.1,51.6,47.6,48.8,59.4,41.2,52.9,61,89.6,39.9,65.2,34.1,70.6,140.8,36.3,38.9,45.6,26.2,60.2,2289.6,58.3,34.7,39.2,49,41.1,78.3,35.6,26.2,35,50.3,39.8,,
1976年6月,51.8,52.4,51.5,52.3,52.8,54.7,44.4,37,46.3,42.9,33.9,38.4,55.8,63.5,35.8,36.1,36.7,35.5,72.6,41.8,43.7,66.8,58.6,41.4,46.9,41.7,49.2,50.5,35.7,43.5,55.3,41.3,28.5,,100.1,278,99.1,84,43.9,84.1,37.5,50.9,51.5,49,53.4,52.2,53.4,47.7,49,59.7,41.4,52.9,61.1,89.6,39.9,65.2,34.1,70.6,140.8,36.3,38.9,45.6,26.2,60.8,2289.6,57.5,34.8,39.9,49.2,42,78.4,35.6,26.2,35,50.4,39.9,,
1976年7月,52,52.8,51.8,52.6,52.9,54.8,44.6,37.3,46.4,42.9,35.2,40.7,56.1,64.4,33.2,32,39.5,38.2,72.6,41.8,44.1,67.3,58.6,41.5,47.2,42.1,49.6,50.9,36,45,58.2,42.8,29.3,,100.3,277.7,99.8,84.2,43.9,84.5,37.6,50.8,51.4,49.9,52.9,51.6,52.4,47.9,49.2,59.9,41.6,53.1,61.3,89.7,40.1,66.1,34.1,72.8,140.8,36.3,38.9,45.6,26.2,60.7,2287.6,57.5,34.7,40,49.6,42.6,79.4,35.6,26.2,35,53,39.9,,
1976年8月,51.8,52.7,51.3,52.5,52.7,54.5,44.1,35.1,46.5,43,36,42.2,56.3,64.1,33.4,32.3,30.7,29.4,72.5,42.1,44.1,67.4,58.6,41.7,47.4,42.3,49.7,51.2,36.3,46,60.1,43.7,29.4,,100.7,277.4,100.4,85,44.1,84.7,37.8,48,46.2,50.2,46.1,49.4,48.1,48,49.2,60,41.8,53.2,61.7,89.7,40.2,66.1,34.1,72.9,140.8,36.3,38.9,45.6,26.2,61.2,2287.6,57.7,35.4,40.2,49.8,43,80.2,35.7,26.2,35,53.9,39.9,,
1976年9月,53,53.6,52.7,53.5,53.6,55.4,45.7,39.4,47.2,46,37.1,43.8,56.1,66,38.1,39.6,34.6,33.3,72.2,42.2,44.3,67.7,58.6,42,47.7,42.7,50.1,51.4,36.6,47.9,65.9,43.8,29.6,,101.5,278,101.4,88.1,44.4,86.1,38.2,51.4,51.7,51.8,52.9,52.5,53.1,48.6,50.3,60.9,42.2,53.4,62,89.8,40.2,66.2,34.3,72.9,140.8,36.3,39,45.6,26.2,61.4,2287.6,58.3,35.6,40.4,50.1,43.5,80.4,36.1,26.2,35.5,55.6,40,,
1976年10月,53.3,53.8,53,53.7,53.9,55.7,46,39.8,47.4,46.5,37.2,43.7,55.4,66.3,38.1,39.6,35.9,34.6,71.9,42.3,44.3,67.8,58.6,42.3,48,42.8,50.4,51.7,36.8,48.5,65.9,45.6,29.7,,102,276.5,102.5,89,44.7,87.5,38.5,52.5,53.2,52.4,54.7,53.5,54.4,49.3,50.8,61.2,42.7,53.5,62.4,89.9,40.3,66.4,34.5,72.9,140.8,36.4,39.1,45.6,26.2,61.7,2289.6,59.8,35.5,40.4,50.2,43.7,80.5,36.1,26.2,35.6,56.3,40,,
1976年11月,53.3,54.2,53,54.1,54.3,56.2,45.3,36.9,47.4,46.6,38,44.9,54.9,65.2,33.4,31.7,34,32.7,71.4,42.6,44.3,67.9,58.6,42.6,48.3,43.2,50.7,52.1,36.9,48.5,65.9,45.6,29.8,,102.5,276.8,103.4,89.6,44.9,88.4,38.7,52.9,53.6,53,55.1,53.7,54.6,49.6,51.3,61.5,43,53.6,62.9,90,40.3,69.7,40.5,72.8,141,36.4,39.1,45.6,26.2,61.8,2289.6,60,35.5,40.5,50.4,44,81.7,36.3,26.2,35.6,56.3,40.1,,
1976年12月,54,55,53.6,54.9,55.1,57.3,45.3,36.3,47.7,46.6,37.6,43.4,54.6,67.5,32.3,29.9,35.8,34.4,71.9,42.8,44.4,68.1,58.6,42.8,48.7,43.5,51.2,52.7,37.2,48.6,65.9,45.6,29.8,,102.7,276.5,103.6,90.6,45.1,88.9,38.7,52.9,53.3,52.4,54.9,53.9,54.9,49.7,51.8,61.8,43.4,53.7,63.2,90.5,40.3,75.7,40.7,72.8,198.3,36.4,39.1,45.6,26.2,62.6,2291.7,63,36.2,40.5,50.7,44.7,81.8,36.4,26.2,35.6,56.3,40.1,,
1977年1月,54.4,55,54.1,54.9,55.1,57.3,46.5,40.2,47.9,46.8,38.5,44.8,54.6,66.6,36.8,36.9,38.9,37.5,72.2,42.9,44.8,68.2,58.6,43.1,49,43.8,51.6,53.1,37.4,48.5,65.9,45.6,29.8,,102.8,275.9,104.2,90.7,45.2,89.1,38.7,51.6,50.8,52.4,51.5,53.2,53.5,49.8,51.9,62,43.5,54,64.1,91.6,40.3,75.9,40.9,73,198.3,36.5,39.1,45.9,26.9,62.9,2293.7,64.4,35.6,40.7,51.2,45,84.1,36.6,26.2,35.6,56.2,40.4,,
1977年2月,54.7,55.1,54.4,55,55.2,57.2,47.1,42.3,48,46.8,38.2,44.3,54.5,68.6,40.4,42.6,39.9,38.6,72.4,43,44.7,68.6,58.6,43.3,49.3,44,51.8,53.5,37.5,49.1,65.9,47.1,29.8,,102.7,275,104.2,90,45.4,89.1,38.8,50.3,48.5,52.7,48.3,52,51.2,49.9,51.9,62.2,43.6,54.2,64.8,92.5,40.3,76.2,40.9,72.9,201.8,36.5,39.1,45.9,26.9,62.8,2302,63.7,35.7,40.7,51.2,45.1,84.2,36.9,26.2,35.6,56.7,40.4,,
1977年3月,55,55.3,54.7,55.2,55.4,57.5,47.6,43,48.5,46.8,38.5,44.6,54.6,72.8,40.7,42.9,41.4,40,72.4,43.2,44.7,69.6,58.6,43.6,49.6,44.3,52.2,53.7,37.7,49.1,65.9,47.1,29.8,,102.8,275.3,104.3,90,45.6,88.9,38.8,51.2,49.9,52.8,50.3,52.2,51.6,50,52.4,62.7,43.9,54.4,65.5,93.6,40.3,76.2,40.9,73,201.8,36.5,39.1,45.9,26.8,62.8,2295.8,63.8,35.7,40.8,51.4,45.4,84.3,37.1,26.2,35.6,56.7,40.4,,
1977年4月,55.9,56.2,55.6,56.1,56.4,58.8,47.8,44,48.4,46.8,40.1,46.7,54.6,66.8,41,43.3,42.2,40.7,72.9,43.3,45,70.3,58.6,43.9,50.2,44.8,52.7,54.4,38.2,49.6,66.1,47.4,29.8,,103.3,274.4,104.6,91.6,45.9,89,40.8,52,50.7,52.7,51.3,53.7,53.9,50.5,52.6,63.4,44.2,54.9,66,94.8,40.7,79,40.9,73.4,226.9,40.9,45.1,45.9,30,63.8,2302,63.2,35.8,42.3,51.9,45.7,87.5,37.3,26.2,37.2,57,44.2,,
1977年5月,56.5,56.8,56.1,56.6,56.9,59.6,48.1,44.2,48.8,46.8,41,47.2,54.6,65.6,40.3,41.9,43.8,42.3,73.1,43.5,45.2,70.6,58.6,44.3,50.8,45.2,53.4,55.1,38.3,49.6,66.1,47.5,29.8,,104.8,284.2,104.7,91.6,46.1,89.1,41.2,53.1,52.4,53.1,53.4,55,55.9,51,52.9,63.7,44.5,55,66.2,95.3,40.7,79.5,41.7,73.4,226.9,41.1,45.4,45.9,30,65.3,2302,62.3,35.8,44.6,52.1,46.3,87.5,37.5,26.2,37.2,57.1,44.3,,
1977年6月,56.2,57,55.9,56.8,57.1,59.7,47.4,40.6,49,46.8,42.1,47.8,55.2,64.7,35.9,34.8,39.3,37.9,73,43.6,45.5,72.2,58.6,44.3,51.1,45.6,53.9,55.6,38.5,49.5,66.1,47.2,29.8,,104.9,283.9,104.7,91.9,46.4,88.9,41.3,53.7,53.4,54.3,54.5,55.4,56.3,51.3,53.1,64,44.7,55.2,66.5,95.9,40.7,79.6,42.1,73.4,226.9,41.1,45.4,45.9,30,65,2302,60.6,35.9,44.6,52.4,47.1,87.5,37.5,26.2,37.2,57,44.3,,
1977年7月,56.1,57.1,55.8,56.9,57.3,59.8,47,38,49.3,46.9,43.1,48.8,55.7,64.8,32.9,29.7,35.6,34.2,72.9,43.7,46.1,73.3,59.7,44.6,51.4,45.7,54.2,56,38.7,49.6,66.1,47.3,29.8,,104.9,283.6,104.7,91.9,46.6,88.6,41.7,53.4,53.1,54.4,54,54.6,54.8,51.3,53.2,64,44.8,55.2,66.6,96.2,40.8,79.6,42.1,73.4,226.9,41.1,45.4,45.9,30,65.2,2297.9,61.6,35.9,44.7,52.4,47.3,87.5,37.5,26.2,37.2,57,44.3,,
1977年8月,56.2,56.9,55.8,56.7,57.1,59.5,47.7,40.2,49.5,46.8,44.8,52.1,55.8,64.9,36.6,35.5,32.9,31.4,72.8,43.8,46.6,73.8,60.2,44.6,51.8,46,54.6,56.4,38.9,49.6,66.1,47.3,29.8,,104.8,282.3,104.1,91.8,46.8,88.5,42,50.3,47.6,54.3,46.8,51.7,49.6,51.3,53.1,63.7,44.9,55.2,66.6,96.5,40.8,79.7,42.1,73.4,226.9,41.1,45.4,45.9,30,65.6,2295.8,62.9,36,44.8,52.6,47.7,88.3,37.6,26.2,37.2,56.9,44.3,,
1977年9月,57.1,57.6,56.7,57.4,57.9,60,48.9,42.8,50.3,49.2,45.1,52.1,56.1,68.1,39.8,40.7,35.3,33.9,72.9,43.9,46.7,74.7,60.4,44.9,51.9,46.2,54.8,56.5,39,49.6,66.1,47.3,29.8,,105,282.3,103.9,92.6,46.9,88.6,42,54.1,54.3,55,55.3,54.8,55.6,51,53.7,64.6,45.1,55.3,66.8,96.6,40.8,79.8,42.2,73.5,226.9,41.1,45.4,45.9,30,65.2,2295.8,60.8,36,44.8,52.8,47.9,88.4,37.8,26.2,37.3,56.9,44.4,,
1977年10月,57.4,57.9,57,57.7,58.1,60.4,49.2,43.4,50.4,49.6,44.9,51.4,56,68.3,37.7,37.2,41.7,40.2,72.7,44,46.9,75.3,60.4,45.1,52.4,46.4,55.3,56.9,39.1,49.6,66.1,47.3,29.9,,105.3,282.6,104.2,93.3,47,88.6,42.2,54.8,55.4,55.3,56.7,55.6,56.9,50.9,54.2,64.4,45.3,55.3,67,97,40.8,79.8,42.3,73.5,226.9,41.1,45.4,45.9,30,65.3,2295.8,61.3,36,44.8,52.9,48.1,88.4,37.9,26.2,37.3,56.8,44.4,,
1977年11月,56.8,58,56.3,57.8,58.2,60.5,47.8,37.4,50.6,49.8,44.3,50.2,55.7,67.4,32.1,28,34.3,32.8,72.7,44.2,47,75.6,60.4,45.3,52.6,46.6,55.5,57.2,39.2,49.7,66.1,47.4,30,,105.5,283.6,104.7,93.6,47.1,88.7,42.3,55.1,55.6,55.2,57,55.6,57,50.8,54.5,64.7,45.4,55.3,67,97.2,40.8,79.8,42.3,73.4,226.9,41.1,45.4,45.9,30,65.2,2293.7,60.6,36,44.9,53,48.3,88.5,38,26.2,37.3,56.8,44.4,,
1977年12月,56.7,58.1,56.2,57.9,58.4,60.6,47.3,35.1,50.8,50,43.2,47.6,55.6,68.7,31.7,27.3,30.4,28.9,72.7,44.2,47.2,75.8,60.5,45.5,52.8,46.8,55.7,57.4,39.3,49.6,66.1,47.4,29.8,,105.5,283.3,104.6,94.1,47.3,88.6,42.3,54.8,55,55.3,56.3,55.4,56.7,51,54.7,64.7,45.4,55.4,67.2,97.3,40.8,79.9,42.6,73.2,226.9,41.1,45.4,45.9,30,65.7,2291.7,62.5,36.6,44.9,53.1,48.5,88.5,38.1,26.2,37.3,56.6,44.4,,
1978年1月,56.9,58,56.4,57.8,58.3,60.5,48,37.8,50.8,50.1,44.8,50.2,55.6,66,35.3,32.9,30.1,28.6,72.9,44.3,47,76.1,60.5,45.6,52.9,47,55.9,57.7,39.4,49.6,66.1,47.5,29.5,,105.7,283.6,104.4,93.6,47.6,88.5,42.5,53.5,52.5,55.3,52.9,54.6,55.2,51,54.7,64.9,45.6,56.3,67.4,97.7,41.8,79.8,42.8,72.9,226.9,41.1,45.4,45.9,30,65.7,2289.6,62.9,36.1,45.1,53.1,48.8,88.5,38.2,26.2,37.3,56.4,44.4,,
1978年2月,57.2,58.2,56.7,57.9,58.4,60.7,48.4,39.5,50.8,50.2,44.2,48.7,55.4,64.3,37.8,36.9,32.6,31.2,73.1,44.3,47,76.2,60.5,45.8,53.4,47.2,56.5,58,39.5,49.7,66.1,47.5,29.2,,105.5,282.6,104.2,93.5,47.8,88.6,42.6,52,49.9,55.2,49.6,53.2,52.7,50.9,54.6,64.8,45.6,60.3,67.5,97.9,46.2,79.7,42.8,72.6,226.9,41.3,45.4,47.7,30,66.5,2293.7,65.9,36.3,45.1,53.2,48.9,88.5,38.5,26.2,37.3,56.1,44.6,,
1978年3月,57.7,58.4,57.2,58.1,58.8,61.1,49.1,41.9,50.8,50.3,44.4,48.7,55.2,64.3,39.4,39.3,37.6,36.2,73.2,44.3,47.1,76.4,60.5,45.8,53.7,47.4,56.8,58.4,39.7,49.6,66.1,47.5,29,,105.4,281.7,104.6,93.4,47.9,88.5,42.7,52.7,51.2,55.5,51.1,53.7,53.3,51,55,65.4,45.7,60.4,67.5,98.3,46.3,79.6,42.8,72,226.9,41.3,45.4,47.7,30,67.5,2287.6,68.6,37.3,45.1,53.4,49,88.6,38.6,26.2,37.3,55.8,44.6,,
1978年4月,58.3,59,57.9,58.7,59.4,62,49.5,42.9,51,50.3,44.4,48.4,55.2,64.6,40.3,40.7,39.6,38.1,73.2,44.4,47.3,76.5,60.5,46.1,54.3,47.8,57.5,59.2,39.8,49.8,66.1,47.5,28.8,,106,284.2,104.8,93.2,47.9,88.5,44.3,53.5,52.1,55.6,52.3,55,55.4,51.3,55.2,66.3,45.9,60.6,67.5,98,46.5,79.3,42.8,71.7,226.9,45.8,51.8,47.7,32.2,67.5,2285.5,66,37.4,46.1,53.5,49.2,88.6,38.8,26.2,37.8,55.6,48.2,,
1978年5月,58.7,59.4,58.1,59.1,59.8,62.7,49.6,42.7,51.2,50.3,44,47.4,55.1,63.7,40.1,40.3,40.6,39.1,73.4,44.4,47.3,76.7,64,46.2,54.8,48.2,58.1,59.6,40,49.8,66.1,47.5,28.8,,106.5,287.6,104.7,93.1,48,88.4,44.5,55.3,55.1,55.6,56.3,56.3,57.6,51.7,55.2,66.4,46,60.6,67.5,98.2,46.5,79.1,42.8,71.2,226.9,45.9,51.9,47.7,32.4,67.8,2287.6,67.1,37.4,46.1,53.6,49.7,88.7,38.8,26.2,37.8,55.4,48.3,,
1978年6月,58.4,59.4,57.9,59,59.9,62.7,48.9,39.9,51.3,50.3,44.4,47.8,55,62.8,34.9,31.8,40.3,38.8,73.6,44.5,47.4,76.9,64,46.4,55.3,48.5,58.8,60.3,40.3,49.8,66.1,47.5,28.7,,106.7,288.2,104.6,92.8,48,88.2,44.7,55.9,56.4,57.6,57.4,56.3,57.4,52,55.3,66.5,46,60.7,67.7,98.3,46.5,78.9,42.9,70.8,226.9,45.9,51.9,47.7,32.4,67.2,2287.6,62.9,38,46.1,53.7,50,88.7,38.8,26.2,37.8,55.1,48.3,,
1978年7月,58.6,59.6,58.1,59.2,60.1,62.9,49.2,40.8,51.4,50.3,45.4,49.2,55,63.2,37.9,36.5,36.5,35,73.5,44.6,47.3,76.9,64,46.5,55.5,48.6,59,60.4,40.3,49.8,66.1,47.5,28.7,,106.7,287.9,104.4,92.8,48.1,88,44.9,55.7,56.1,57.7,57,55.5,55.7,52.1,55.4,66.5,46.1,60.7,67.8,98.2,46.6,79.8,44.8,70.3,226.9,45.9,51.9,47.7,32.4,67.5,2345.3,63,38,46.1,53.9,50.3,89.8,38.8,26.2,37.8,54.8,48.4,,
1978年8月,58.8,59.4,58.1,58.9,59.8,62.4,50.1,43.9,51.5,50.3,47.6,52.9,55.2,64.5,41.4,42,36.4,35,73.5,44.7,48,74.5,64,46.6,55.8,48.8,59.3,60.7,40.5,49.8,66.1,47.5,28.7,,106.8,287.9,104.6,93.1,48.3,87.8,45,52,49.9,57.7,48.7,52.6,50.3,52.2,55.2,65.8,46.1,60.8,68.1,98.3,46.6,79.6,44.9,69.9,226.9,46,52,47.7,32.4,68.1,2343.2,65.7,38.1,46.1,53.9,50.3,89.9,38.7,26.2,37.8,54.6,48.4,,
1978年9月,59.4,59.8,58.8,59.3,60.4,63.2,50.7,45.8,51.6,50.3,46.8,51.4,55.3,66.8,44,46.2,39.4,37.9,73.2,44.6,47.9,74.4,64,46.7,56,49,59.5,61.1,40.6,49.8,66.1,47.5,28.5,,107,287.9,105.2,94.2,48.5,87.8,45.2,55.9,56,58.2,56.7,56.7,58.2,51.7,55.6,66.9,46.2,60.8,68.3,98.2,46.6,79.6,45,69.7,226.9,46,52,47.7,32.4,67.9,2343.2,64.9,38.1,46.1,54.1,50.5,90,38.9,26.2,37.8,54.4,48.4,,
1978年10月,59.5,59.9,58.9,59.4,60.6,63.6,50.8,46.3,51.6,50.3,46.1,49.9,55.1,66.3,42.4,43.5,45.5,43.9,73,44.7,47.9,74.2,64,46.7,56.3,49.3,59.9,61.5,40.7,47.6,61,46.1,28,,106.8,285.4,104.8,94.6,48.6,87.8,45.2,56.6,57.1,58.7,58,57.4,59.7,51.6,55.6,66.5,46.4,60.8,68.5,98.2,46.6,80.3,46.2,69.4,226.9,46,52,47.7,32.5,68,2339.1,63.9,39.1,46.1,54.1,50.7,90,39.1,26.2,37.8,52.2,48.4,,
1978年11月,58.9,60,58.3,59.5,60.7,63.7,49.3,40.3,51.6,50.3,45.2,48.3,54.9,66.5,37.2,35.1,37.6,36.2,72.8,44.7,47.7,74.2,64,46.8,56.5,49.4,60,61.8,40.7,47.5,61,46.1,27.5,,106.8,285.1,104.8,94.6,48.7,87.8,45.3,57,57.5,59.4,58.3,57.4,59.7,51.7,55.9,66.6,46.5,60.8,68.9,98.4,46.6,80.2,46.3,69.3,226.9,46,52,47.7,32.5,68.3,2328.8,64.4,39.6,46.1,54.2,51,90,39.2,26.2,37.8,51.8,48.4,,
1978年12月,58.9,60.1,58.2,59.6,60.9,64,48.9,38.6,51.7,50.3,44.8,47.5,54.9,68.7,35,31.5,37,35.5,72.7,44.6,47.7,74.3,64,46.9,56.7,49.6,60.3,61.9,40.9,47.8,61,46,27.3,,106.5,284.2,104.8,94.4,48.8,87.8,45.3,56.8,57.3,60,58,57.4,59.4,51.7,56.1,66.6,46.5,60.9,69.2,98.3,46.6,80.3,46.4,69.2,226.9,46.1,52,48.5,32.5,68.7,2330.8,65.5,40.3,46.1,54.3,51.1,90,39.3,26.2,37.8,51.6,48.5,,
1979年1月,58.9,60,58.2,59.4,60.7,63.7,49.4,40.4,51.7,50.3,46.1,49.7,54.8,65.2,36.3,33.6,38.1,36.6,72.7,44.6,47.8,74.3,64,47,56.8,49.8,60.5,62.2,41.1,47.8,61,45.9,27.1,,106.5,284.2,104.8,94.6,48.8,87.6,45.3,55.6,54.9,60.2,54.6,56.6,58.1,51.9,56,66.5,46.7,61,69.3,98.3,46.6,80.7,47.4,69.1,226.9,46.1,52,48.5,32.5,68.5,2326.7,64.5,39.8,46.4,54.3,51.3,90,39.4,26.2,37.8,51.5,48.6,,
1979年2月,58.8,59.9,58.1,59.3,60.6,63.6,49.2,39.9,51.6,51,45.5,48.4,54.5,63.5,35.7,32.6,38.9,37.4,72.6,44.6,47.9,74.4,64.1,47.1,57.1,50,60.6,62.3,41.3,47.8,61,45.9,27.1,,106.7,284.2,105.5,94.2,48.9,87.8,45.4,53.9,52,60.9,50.6,55.4,55.8,51.9,55.8,66.3,46.7,61,69.6,98.2,46.6,80.7,47.4,68.9,226.9,46.1,52,48.5,32.5,68.4,2324.7,64.4,39.8,46.4,54.5,51.4,90.1,39.5,26.2,37.8,51.5,48.6,,
1979年3月,59.3,60.2,58.5,59.6,60.9,64,49.8,42.1,51.7,51.1,45.4,48.5,54.4,64.1,38.6,37.2,40.6,39.1,72.6,44.6,47.9,74.4,64.1,47.1,57.3,50.1,60.8,62.3,41.5,47.8,61,45.9,27.1,,106.5,283.3,105.6,94.4,48.9,87.7,45.5,54.8,53.8,61.1,52.9,55.6,55.9,51.9,55.9,66.8,46.8,61.1,70,98.2,46.6,81,47.3,69.7,226.9,46.1,52,48.5,32.5,69.4,2322.6,68.5,39.8,46.4,54.6,51.5,90.1,39.9,26.2,37.8,51.8,48.6,,
1979年4月,60.1,60.8,59.3,60.3,61.3,64.5,50.3,43.9,51.8,51.1,46.7,50.8,54.3,64.4,40.6,40.5,40.3,38.8,72.7,44.6,48,74.4,64.1,47.4,57.6,50.4,61.1,62.7,41.8,49.8,66.1,47.2,27.2,,107.3,286,105.7,94.7,49.1,87.7,46.6,55.4,54.1,61.4,53.2,56.7,57.9,52.3,56,68.1,47,61.6,70,98.3,47.1,82.2,47.4,72.2,227.3,49.6,56.7,48.5,35.2,69.7,2320.5,65.7,39.9,47.7,54.6,51.7,90.1,40.1,26.2,37.8,54.9,51.5,,
1979年5月,60.6,61.2,59.9,60.7,61.8,65.3,50.6,44.7,51.8,51.1,46.9,51.1,54.2,64.1,40.1,39.6,43.6,42.1,72.7,44.6,48,74.4,64.1,47.6,58,50.8,61.6,63.1,42.1,49.9,66.1,47.2,27.3,,107.5,287.9,105.4,95,49.2,87.8,46.7,57.9,58.7,61.6,59.3,58.4,60.7,52.5,56.3,68.3,47.1,61.7,70.2,98.4,47.2,82.4,47.4,72.8,227.3,49.8,56.9,48.5,35.3,70.5,2320.5,68.1,39.9,48.1,54.8,52.1,90.1,40.2,26.2,37.8,55.3,51.7,,
1979年6月,60.7,61.6,59.9,61.1,62,65.5,50,42.4,51.9,51.1,46.9,51.1,54.6,63.6,36.3,33.5,43,41.4,72.7,44.6,48.1,74.7,64.1,47.7,58.2,51,61.8,63.2,42.4,51.2,66.1,47.3,33.5,,107.5,288.2,105.3,95.4,49.2,87.8,46.8,59,60.9,64,61.5,58.1,60.2,52.8,56.5,68.4,47.3,61.7,70.4,98.5,47.2,85.3,49.2,77,227.3,49.8,57,48.5,35.3,69.4,2316.4,64.4,39.8,47.7,55.1,52.5,90.1,40.6,26.2,37.8,58.7,51.7,,
1979年7月,61.2,61.8,60.4,61.3,62.1,65.6,50.9,45.8,51.9,51.1,47.3,51.9,54.9,63.5,43.7,45.2,40.2,38.6,72.7,44.7,48.2,74.8,64.1,47.8,58.4,51.5,61.8,63.5,43.1,51.7,66.1,47.4,35.8,,108.2,289.1,105.5,96,49.4,87.9,46.9,58.7,60.5,64.2,60.9,57.4,58.6,52.8,56.8,68.7,47.7,61.8,70.6,98.5,47.3,85.8,49.2,78.1,227.3,49.8,57,48.5,35.3,69.4,2314.4,65,39.8,47.5,55.3,52.9,90.1,40.8,26.2,37.8,59.7,51.7,,
1979年8月,60.6,61.5,59.9,61,61.7,65,50.3,42.7,52.1,51.1,48.5,54.2,55.1,64.5,38.6,36.9,37,35.5,72.7,44.7,48.2,74.7,64.1,47.8,58.5,51.6,61.9,63.5,43.3,52.5,66.1,48,38.9,,108.2,289.4,106.1,95.8,49.6,88.2,47.2,54.6,53.2,63.9,51.4,53.7,51.9,52.8,57.1,68.2,47.8,61.9,70.8,98.6,47.3,86.5,49.5,79.3,227.3,49.8,57,48.5,35.1,69.9,2312.3,64.3,40,48.4,55.5,53.2,90.2,41.2,26.2,37.8,61.2,51.7,,
1979年9月,61.3,62.2,60.7,61.7,62.4,65.9,50.6,43.5,52.3,51.1,47.6,52.4,55.1,68.6,41,40.6,37.3,35.8,72.8,44.7,48.4,74.9,64.1,48,58.9,52,62.2,63.8,43.8,53.4,66.1,49.1,41,,109.4,294.9,107,95.8,49.9,88.7,47.2,58.9,59.6,63.8,59.9,58.7,61.2,52.5,58.4,69.1,47.9,61.9,70.8,98.8,47.3,86.8,49.7,79.7,227.3,49.8,57,48.5,35.3,69.8,2310.2,65.2,39.9,48.1,55.8,53.5,90.2,42.2,26.2,37.9,62.2,51.8,,
1979年10月,62.1,62.5,61.4,62,62.6,66.4,51.7,47.9,52.2,51.1,47.8,53,54.8,67.3,45.6,48,42.3,40.7,72.7,44.8,48.1,74.9,64.1,48.1,59.2,52.3,62.5,63.9,44.2,54.3,66.1,50.7,42.6,,109.4,292.5,106.9,96.5,50.4,89.8,47.2,60,61.5,64.2,62.1,59.6,62.9,52.5,59,67.5,48.3,61.9,70.9,98.9,47.3,87.1,49.9,80.1,227.3,49.8,57,48.5,35.3,70.1,2308.2,66.7,39.9,48,56,53.8,90.2,42.9,26.2,37.9,63.4,51.8,,
1979年11月,61.9,62.7,61.2,62.2,62.8,66.5,50.9,44.5,52.4,51.1,47.5,52.7,54.8,69.9,43.9,45.1,35.1,33.6,72.8,44.8,48.1,74.9,64.2,48.3,59.4,52.6,62.6,64.2,44.5,54.8,66.1,51.3,43.3,,109.9,292.5,107.5,96.7,50.8,90.7,47.5,59.9,61.1,64.5,61.6,59.4,62.6,52.6,59.7,68.1,48.5,61.9,71.1,99.1,47.3,87.4,50.3,80.3,227.3,49.8,57,48.5,35.3,70.5,2312.3,66.6,40,48.6,56.3,54.4,90.2,43.5,26.2,37.9,63.7,51.9,,
1979年12月,62.2,63,61.5,62.5,63,66.6,51.3,44.9,52.7,51.1,47.2,52.3,54.8,73.4,46.6,49.3,32.3,30.8,73,44.9,48.2,75,64.2,48.4,59.6,52.8,62.7,64.3,44.9,56.1,66.1,52.1,48.3,,110.3,292.5,107.5,97.1,51.1,91.5,47.5,59.8,60.7,64.5,61.1,59.4,62.6,52.6,60.1,68.1,49,62,71.4,99.1,47.3,88.3,50.7,81.8,227.3,49.8,57,48.5,35.3,70.8,2316.4,68,40.6,48.2,56.8,54.9,90.3,44.7,26.2,37.9,65.8,51.9,,
1980年1月,62.8,63.2,62.2,62.6,63.3,67.1,52.2,49.3,52.5,51.3,49.4,56.7,54.9,68.2,51.6,57.3,32.8,31.3,73.6,45.3,48.5,75.1,64.3,48.7,60,53.6,63,64.4,46.1,56.3,65.8,53.2,48.4,,111,294,108.8,97.4,51.5,93.1,47.2,58.9,58.8,64.4,58.5,58.6,60.6,53.1,60.2,68.9,49,62,71.8,99.1,47.2,88.4,50.9,82,227.1,50.2,57.9,48.6,35.4,71.7,2324.7,68.7,40.2,49.3,58.3,55.4,90.2,48,26.3,37.8,66.6,52.2,69.2,
1980年2月,63.4,63.4,62.7,62.8,63.3,66.9,53.1,52.3,52.9,52.1,48.4,54.8,55.1,67.8,56,64.3,36.8,35.3,74,45.5,49,75.4,64.4,49,60.2,53.9,63.3,64.6,46.4,58.3,66.9,55.1,53.3,,111.8,293.7,109.7,98.1,51.8,94.7,47.2,56.5,54.6,64.4,53.4,57.1,58.2,53.2,60.4,68.9,49.4,62.1,71.9,99.2,47.2,89.4,50.9,83.8,227.1,50.2,57.9,48.6,35.4,72.2,2322.6,71.1,40.2,49,59,55.8,90.3,49.9,26.3,37.8,69.5,52.2,69.6,
1980年3月,63.7,63.9,63,63.4,63.8,67.3,53.4,51.5,53.5,52.7,48.1,54,55.2,71.7,54.1,60.9,38.7,37.2,75.2,45.7,49.4,75.6,66.3,49.4,60.7,54.2,63.5,64.7,47,58.9,66.9,56.9,53.3,,112.4,294.3,110.1,98.5,52.3,96.7,47.2,57.5,56.1,64.8,55.2,57.4,58.5,53.3,61.1,69.3,49.6,62.4,72.1,99.5,47.5,89.7,51.5,83.9,227.1,50.3,57.9,49.6,35.7,72.4,2322.6,72.1,40.2,49,59.2,56.1,90.4,50.9,26.3,37.8,70.1,52.4,70,
1980年4月,64.9,65.4,64.2,65,64.6,68.4,53.3,48.9,54.1,53.4,48.5,54.7,55.4,70.5,48.5,51.4,40.2,38.7,75.9,46.2,50,75.8,67.8,50.1,61.2,54.7,63.8,65.1,47.6,71,93.5,65.9,55.1,,114.1,298.6,110.3,99.6,53.3,98.2,49.7,58.5,57.2,65.3,56.3,58.4,60.2,53.5,61.4,70.2,50.7,62.6,72.2,99.6,47.8,90,51.5,84.5,227.1,54.5,62.9,49.6,39,73.1,2320.5,70.8,40.2,50.6,59.5,56.6,90.5,51.2,26.3,38.4,81.3,55.8,70.6,
1980年5月,65.4,66.3,64.8,66.1,65.6,69.6,52.9,45.7,54.5,53.8,47.8,53.5,56,69.2,43.3,42.5,40.9,39.4,76.5,46.9,50.2,76.2,70.9,50.8,61.6,55.1,64.3,65.6,47.9,71.9,93.5,66.9,57.3,,115.5,301.1,111.1,100.4,54,100,50.1,61.4,62.3,65.6,62.6,59.9,62.1,53.9,61.8,70.3,51.3,62.7,72.3,99.7,47.8,91,52.5,85.2,227.3,54.5,62.9,49.6,39.1,73.7,2312.3,70,40.3,51.7,62.9,56.9,90.6,51.4,31.8,38.4,82.4,55.9,71.4,
1980年6月,65.7,66.7,65.1,66.5,65.9,70.1,52.9,45.1,54.7,54,47.2,52.4,56.1,67.8,42.8,41.6,41,39.5,77.1,47.1,50.7,76.6,71,51.1,62.1,55.5,64.7,65.8,48.4,72,93.5,67.2,57.6,,116,302.3,111.6,100.7,54.3,101,50.7,62.4,63.3,66.2,63.6,62.1,65.8,54,62.3,70.5,51.6,62.7,72.5,99.8,47.8,91,52.5,85.2,227.5,54.5,62.9,49.6,39.1,75.1,2314.4,69.9,45.3,51.5,63.1,57.6,90.7,51.6,31.8,38.4,82.6,55.9,72.6,
1980年7月,65.8,66.9,65.1,66.6,66.1,70.2,52.9,44.4,54.8,54.1,47.3,52.7,56.4,67.7,42,40.2,40.3,38.8,77.7,47.2,51,76.7,71,51.2,62.3,55.9,64.9,66.5,48.8,72.5,94.3,67.9,57.4,,116.6,302.3,112.3,100.9,54.7,102.1,50.8,61.7,62.2,66.1,62.2,60.7,63.5,54,62.6,70.5,51.8,62.8,72.7,101.1,47.8,90.5,52.5,84.2,227.5,54.5,62.9,49.6,39,75.7,2310.2,69.8,47.1,51.6,63.3,58.2,90.8,51.7,31.8,38.4,82.4,55.9,73,
1980年8月,65.5,66.5,65,66.2,65.8,69.5,53.4,45.6,55.1,54.1,47.9,53.7,56.6,71.4,44.8,44.7,38.2,36.7,78.4,47.5,50.9,76.8,71,51.4,62.5,56.2,65.1,66.6,49.1,72.5,94.3,68.1,57,,117,301.7,112.4,101.5,55.3,102.8,50.9,56.2,53.3,66.1,51.3,55.5,55,53.9,62.8,70.1,51.9,62.9,72.7,101.9,47.7,90.1,52.5,83.4,227.5,54.5,62.9,49.6,39.1,76.5,2302,71.7,47.2,52.3,63.4,58.4,90.9,51.6,31.8,38.4,81.8,55.9,73.8,
1980年9月,66.7,67.2,66.1,66.9,66.5,70.6,54.6,50.6,55.3,54.2,48.4,54,56.7,70.3,51.4,55.3,41.8,40.3,79.2,47.9,51,77,71.1,51.5,62.6,56.3,65.1,66.8,49.3,72.8,94.3,69,56.7,,118.1,305.1,114.3,102.3,55.7,103.9,51,62.2,62.3,67.2,62.2,61.7,64.4,55.1,63.4,71,52.2,62.9,72.9,102,47.7,89.9,52.6,82.9,227.5,54.5,62.8,49.6,39.1,76.1,2302,70.5,47.2,52.1,63.6,58.7,91,52.1,31.8,38.4,81.7,56,73.4,
1980年10月,66.8,67.6,66.2,67.3,66.9,71,54.4,48.4,55.7,54.5,48.5,54,56.8,73.9,45.8,46,44.9,43.4,79.9,48.2,51.1,77.5,71.1,51.6,62.6,56.5,65.2,67,49.5,72.8,94.5,69,56.1,,119.1,306.9,115.5,103.5,56.1,104.7,51.3,63.4,64.1,67.8,64.4,62.8,65.7,55.6,63.8,71.8,52.3,63,73.4,102.2,47.7,89.9,52.8,82.7,228.2,54.5,62.8,49.6,39.1,76.7,2297.9,72.9,47.1,52.2,63.7,58.7,91.2,52.3,31.8,38.4,81.4,56,73.9,
1980年11月,67,67.8,66.4,67.6,67.1,71.2,54.5,47.8,55.9,54.8,48.5,53.9,56.9,74.8,47,47.8,41.3,39.7,80.2,48.4,51.2,77.8,71.2,51.8,62.8,56.7,65.5,67.2,49.6,72.7,94.5,69,55.4,,119.6,307.5,116.6,103.8,56.5,105.3,51.3,63.8,64.7,68.1,65,62.9,65.7,55.9,64.2,72.1,52.4,63.1,73.8,102.6,47.7,89.8,52.8,82.5,228.2,54.5,62.8,51.6,39.1,76.9,2304,73.3,47.1,52.3,63.9,59,91.3,52.5,31.8,38.4,81.3,56.1,74.1,
1980年12月,66.7,67.9,66.1,67.6,67.3,71.3,54,44.9,56.1,55,49,54.5,57,75.8,43.3,41.5,38.4,36.8,80.5,48.8,51.3,78.2,71.2,51.9,63.1,56.9,65.8,67.4,49.7,72.6,94.5,69.1,54.8,,119.8,307.2,117,103.9,56.6,105.3,51.3,63.7,64.5,68.2,64.7,62.9,65.7,56,64.2,72.3,52.6,63.2,73.9,102.6,47.7,89.4,52.9,82.3,222.8,54.5,62.8,51.6,39.2,77.1,2291.7,74,48,52.2,63.9,59.2,91.4,52.6,31.8,38.4,81,56.1,74.3,
1981年1月,67.4,67.9,66.7,67.6,67.3,71.1,55.7,51.8,56.3,55,49.7,55.6,57.3,74.7,53.6,58.3,40.3,38.8,80.6,49.2,51.6,78.4,71.2,52.2,63.4,57.1,66.1,67.7,50,72.6,94.5,69.1,54.6,,120.1,308.5,117.4,104,57,105.3,51.7,61.5,60.5,68.4,59.7,61.7,63.7,56,64.3,72.2,52.7,63.3,74.7,103.1,47.7,89.4,53.1,82.1,222.8,54.5,62.8,51.6,39.2,77.8,2291.7,74.9,47.3,53.1,64.1,59.5,91.6,52.8,31.8,38.4,80.8,56.3,74.9,
1981年2月,67.3,67.8,66.7,67.4,67.1,70.8,55.9,52.1,56.5,55.1,48.5,53.1,57.8,76.2,54.8,60.1,42.2,40.6,80.7,49.5,51.7,78.5,71.3,52.3,63.6,57.2,66.2,67.8,50.1,72.7,94.5,69.1,54.4,,120.3,309.1,117.2,104,57.1,105.3,51.8,59.4,56.8,68.6,55.2,59.9,60.9,56.1,64.4,72.1,52.8,63.4,75,103.2,47.7,89.7,53.3,82,227.1,54.5,62.8,51.6,39.2,77.7,2285.5,74.5,47.3,52.9,64.1,59.5,91.6,52.9,31.8,38.4,80.7,56.4,74.8,
1981年3月,67.6,67.9,67,67.6,67.4,71.1,56.3,52.9,56.8,55.2,49.2,54.2,58.1,77.5,55.1,60.7,42.8,41.2,80.5,49.6,51.8,78.7,71.3,52.4,63.7,57.4,66.4,68,50.2,72.6,94.5,69.1,54.2,,120.5,309.7,117.3,104.1,57.4,104.8,51.8,60.1,58.2,69.2,56.7,60.1,61,56.1,65,72.4,52.8,63.2,75.4,103.5,47.3,89.8,53.2,82,227.1,54.6,62.8,51.6,39.3,78.1,2277.3,76.6,47.4,52.9,64.3,59.7,91.7,53.1,31.8,38.4,80.7,56.4,75.1,
1981年4月,68.1,68.4,67.6,68.1,67.9,71.9,56.5,53.7,56.8,55.5,49.3,54.3,58.4,72.6,56,61.9,43.7,42.2,80.6,49.9,52.2,79.4,71.3,52.8,64.1,57.7,66.8,68.5,50.4,73.1,94.5,69.1,54.2,,120.9,310.9,116.8,104.7,57.6,104.9,53.7,60.9,59.1,69.7,57.8,61,62.6,56.2,65.1,73.2,53.1,63.6,75.9,104.2,47.5,90.2,53.2,82.4,229.7,58.2,66.9,55.9,41.9,78.7,2271.1,75.2,47.5,54.2,64.3,60.1,91.7,53.1,31.8,39.2,80.9,59.4,75.6,
1981年5月,68.7,69.3,68.1,69,68.6,72.9,56.3,51.8,57.2,55.7,49.2,54.2,58.7,69.9,50.8,53.5,47.1,45.6,81.1,50,52.4,80.2,76.5,53.3,64.5,57.9,67.4,69,50.5,73.6,94.5,69.1,57.2,,120.8,308.8,116.7,104.8,57.6,105.3,54,64,64.7,69.7,64.7,62.6,65.2,56.3,65.4,73.2,53.2,63.7,76.3,105,47.6,93.6,56.7,85.3,230.1,58.4,67.1,55.9,41.9,78.6,2269,74.3,47.4,54.5,64.6,60.5,91.9,53.1,31.8,39.2,82.8,59.6,76.5,
1981年6月,68.8,69.5,68.1,69.2,68.8,73.1,56.3,51.1,57.3,55.9,49.1,53.9,58.7,70.3,48.2,49.2,50.2,48.7,81.1,50.1,52.6,80.5,76.5,53.5,64.7,57.5,67.8,69.3,49.3,73.8,94.5,69.1,58,,121,309.7,116.7,104.8,57.8,105.2,54,64.7,64.8,69.9,64.7,64.9,68.5,56.8,65.4,73.5,53.4,64.8,76.6,105.4,48.7,93.8,56.8,85.5,230.1,58.4,67.1,55.9,42,78.3,2269,73.2,47.3,54.5,64.7,60.8,92.2,53.1,31.8,39.2,83.1,59.6,76.3,
1981年7月,68.6,69.4,68,69.1,68.8,73,56.1,49.6,57.5,56.7,49.7,54.7,58.7,69.5,46.3,45.9,48.2,46.7,81.1,50.2,52.9,80.7,76.5,53.6,64.8,57.6,68,69.5,49.4,73.9,94.5,69.1,58.1,,120.9,309.4,116.7,104.7,57.8,104.8,54.2,63.1,62.7,70,62.1,63,65.3,57,65.4,73.2,53.4,65,76.9,105.9,48.8,93.9,57.2,85.2,230.1,58.4,67.1,55.9,42,78.3,2262.8,73.4,47.3,54.5,64.8,61,93.2,52.9,31.8,39.2,82.9,59.7,76.4,
1981年8月,68.3,69.2,67.6,68.8,68.4,72.3,56,48.2,57.7,56.9,50.6,56.2,58.8,70.5,45.6,44.6,43.5,41.9,81.1,50.2,53.2,80.8,76.5,53.8,64.9,57.7,68.1,69.6,49.5,74.4,94.5,69.1,60.9,,120.9,310,116.2,104.7,57.8,104.4,54.2,58,54.7,69.9,52.3,57.6,56.5,56.8,65.1,72.8,53.4,65,77.2,106.2,48.9,94.3,57.2,87.3,223.4,58.4,67.1,55.9,42,79.6,2252.5,77.9,47.5,54.8,64.8,61.2,93.6,52.7,31.8,39.2,84.6,59.7,77.5,
1981年9月,69.3,70,68.7,69.7,69.3,73.5,56.8,51.5,57.8,57.1,51.5,57.8,58.8,71.8,50.4,52.5,43.5,42,81.2,50.2,52.9,81,76.5,53.9,65.1,57.9,68.3,69.8,49.6,74.7,94.5,69.1,62,,121.9,314.9,117.2,105.3,57.9,104.5,54.2,64.8,66,70.5,66.1,63.3,65.9,56.8,65.4,73.6,53.5,65.2,77.6,106.4,48.9,94.9,57.4,88.2,223.4,58.4,67.1,55.9,42,78.6,2246.3,73.7,47.5,54.7,65.1,61.3,94.2,52.9,31.8,39.6,85.2,59.8,76.6,
1981年10月,69.6,70.3,69,70,69.6,73.9,56.8,50.9,58,57.4,51.3,57.7,58.7,74.7,47.4,47.4,47.5,46,81.1,50.5,53.1,81.1,76.5,54,65.2,57.9,68.4,69.9,49.6,75,95,69.1,62.7,,122.4,318,117.4,105.9,58.1,104.5,54.3,66.7,69.1,70.5,69.9,64.8,68.2,56.9,65.6,73.6,53.7,65.2,77.9,106.9,48.9,95.2,57.7,88.4,223.4,58.4,67.1,55.9,42,78.4,2246.3,72.9,47.6,54.7,65.3,61.4,94.7,53,31.8,39.6,85.6,59.8,76.5,
1981年11月,69.5,70.5,68.7,70.2,69.7,74,56.4,48.4,58.2,57.9,51.5,57.9,58.4,74.9,47,46.9,39.6,38.1,81.1,50.6,53.2,81.1,76.5,54.1,65.4,58.1,68.7,70.2,49.7,75.7,95,69.2,62.8,,122.3,317.4,117.3,105.9,58.1,104.6,54.3,66.2,68,70.8,68.4,64.6,67.8,57,65.6,73.8,53.8,65.4,78.1,107.2,48.9,95.5,58.1,88.4,223.4,58.4,67.1,55.9,42,78.6,2238.1,73.4,47.8,54.7,65.3,61.5,95,53,31.8,39.6,85.6,59.8,76.7,
1981年12月,69.6,70.6,69,70.3,69.9,74.1,56.6,48.5,58.4,58,51.1,57.1,58.3,77.3,47.8,48,39.7,38.2,81.1,50.6,53.4,81,76.5,54.2,65.5,58.2,68.7,70.3,49.8,75.7,95,69.2,62.7,,122.3,316.4,117.2,106.1,58.2,104.7,54.4,66.2,67.9,70.6,68.4,64.6,67.8,57,65.6,74.1,53.9,65.5,78.2,107.5,48.9,95.7,58.4,88.4,223.7,58.4,67.1,55.9,42,79.4,2238.1,76.1,48.4,54.6,65.3,61.6,95.1,53,31.8,39.6,85.5,59.8,77.4,
1982年1月,69.6,70.4,69,70,69.6,73.7,57.1,50.8,58.4,58.1,52.1,58.6,58.3,72.7,48,48.4,45,43.4,81.6,51.3,53.6,81.7,76.5,54.4,65.7,58.4,69,70.5,50,75.7,95,69.3,62.6,,122.3,315.8,117.4,106.3,58.3,104.8,54.4,63.4,62.8,70.5,62.1,62.9,65,57.1,65.7,74,54,65.6,79.1,107.6,48.9,96,59.1,88.4,223.7,58.4,67.1,55.9,42,79,2229.9,74.6,47.7,55,65.5,61.8,95.5,53,31.8,39.6,85.5,59.8,77.2,
1982年2月,69.5,70.2,68.7,69.8,69.4,73.4,57.1,51.4,58.3,58.1,51.7,57.8,58.4,70.3,49.1,50,45.7,44.3,81.7,51.3,53.6,81.8,76.5,54.5,65.8,58.6,69.1,70.7,50.1,75.7,95,69.3,62.4,,122.1,314.9,116.8,105.6,58.4,104.7,54.4,60.9,58.6,70.9,56.8,61,61.9,57,65.5,73.6,54.1,65.8,79.1,107.7,49.2,96.3,59.6,88.4,223.7,58.4,67.1,55.9,42,79,2225.7,75.6,47.7,54.8,65.6,62,95.5,53.1,31.8,39.6,85.4,59.8,77.4,
1982年3月,69.6,70.3,68.9,69.9,69.6,73.6,57.2,51.4,58.4,58.1,51.7,57.6,58.4,70.7,48.8,49.3,46.9,45.3,81.7,51.4,53.9,81.8,76.5,54.6,66,58.6,69.3,70.8,50.1,75.8,95,69.3,62.3,,121.8,314.3,115.5,105,58.5,104.6,54.4,61.6,59.9,70.9,58.5,61,61.9,57.1,66,73.7,54.1,65.8,79.2,107.8,49.2,96.3,59.5,88.4,223.7,58.4,67.1,55.9,42,79,2221.6,75.9,47.7,54.7,65.6,62.1,95.6,53.2,31.8,39.6,85.3,59.8,77.4,
1982年4月,70.1,70.8,69.4,70.4,70.1,74.3,57.6,52.1,58.6,58.5,52.6,59,58.7,69.2,50,51.3,45.5,43.9,81.7,51.4,54.2,82,76.5,54.9,66.4,59.1,69.8,71.6,50.2,76.2,95,69.3,62.3,,121.9,313.4,114.3,105.3,58.7,104.6,56,62.2,60.7,71.6,59.3,61.6,62.8,57.2,66,75.1,54.4,66.3,79.3,108.4,49.7,96.6,59.5,88.9,223.7,61.6,71.2,55.9,44,79.8,2215.4,74.9,47.8,56.1,65.8,62.2,96,53.1,31.8,41.5,85.7,62.5,78,
1982年5月,70.4,71.4,69.7,71.1,70.7,75.2,57,49.1,58.7,58.7,52.1,58.1,58.8,68.9,46.2,45,43.9,42.4,81.5,51.6,54.6,82.1,76.6,55,66.8,59.3,70.1,72,50.4,76.3,95,69.4,62.6,,121.5,310,114.8,105.4,58.7,104.7,56.3,66.4,67.8,71.6,68,65,68.3,57.4,66,75,54.5,66.3,79.4,108.7,49.7,97.6,61.1,89.2,223.7,61.8,71.3,55.9,44,79.9,2213.4,74.6,47.8,56.3,65.8,62.6,96.1,53,31.8,41.5,85.9,62.6,78.6,
1982年6月,70.4,71.6,69.7,71.2,70.9,75.3,56.7,47.7,58.8,58.7,52.1,58,59.3,67.8,44.7,42.4,42.3,40.7,81.2,51.6,55,82.2,76.6,55.1,67,59.5,70.5,72.2,50.5,76.4,95,69.4,63,,121.6,309.7,114.8,106,58.8,104.7,56.4,67,68.2,71.6,68.5,66.8,70.8,58.1,66,75.1,54.5,66.3,79.5,108.8,49.7,97.6,61.3,89.2,223.7,61.8,71.4,55.9,44,80,2211.3,74.8,47.8,56.3,65.8,62.7,96.1,53,31.8,41.5,85.9,62.6,78.6,
1982年7月,69.9,71.5,69.2,71,70.7,75.1,56,43.9,58.9,58.7,52.3,58.4,59.8,67.7,40.5,35.6,37.6,36,80.9,51.9,55.2,82.2,76.6,55.2,67.2,59.6,70.7,72.4,50.6,76.4,95,69.4,63.2,,121.5,308.5,115.3,106.1,58.9,104.6,56.6,64.6,64.4,71.2,64,64.2,66.4,58.2,66,75,54.6,66.3,79.5,108.8,49.7,97.8,61.5,89.1,223.7,61.8,71.4,55.9,44,79.7,2201,74,47.8,56.3,65.9,63,96.2,52.6,31.8,41.5,85.9,62.6,78.5,
1982年8月,70.5,71.3,69.7,70.8,70.4,74.5,57.7,51.6,59,58.7,54.2,61.7,59.9,68.3,50.4,51.8,40.2,38.7,80.7,52,55.2,82.2,76.6,55.3,67.3,59.7,70.8,72.4,50.7,77,95,69.4,66,,121.6,308.5,114.8,106.8,59,104.7,56.6,59.8,56.7,71.2,54.5,59.7,59.1,58.2,65.8,74.6,54.7,66.3,79.6,108.8,49.7,98.7,61.6,90.9,223.7,61.8,71.4,55.9,44,81,2190.7,78.2,48.1,56.8,65.9,63.1,96.2,52.6,31.8,41.5,87.5,62.6,79.6,
1982年9月,71.5,72,70.9,71.6,71.3,75.7,58.7,55.6,59.1,58.8,56.6,66.1,59.9,69.6,53.8,57.3,42.2,40.7,80.5,51.9,55.1,82.3,76.6,55.5,67.4,59.8,70.8,72.5,50.8,77.3,95,69.4,67.6,,122.4,311.8,115.9,107.1,59,104.9,56.6,66.5,67.4,72.2,67.4,65.9,69.4,58,66.3,75.9,54.7,66.5,79.9,109.4,49.7,98.8,61.6,91.1,223.7,61.8,71.4,55.9,44,81.1,2180.4,78.7,48.8,56.3,66.1,63.2,96.3,53.1,31.8,41.7,87.8,62.7,79.6,
1982年10月,71.7,72.3,71.1,71.9,71.6,76.1,58.7,54.8,59.3,58.9,55,62.9,59.8,71.7,51.7,53.9,46.8,45.2,80.4,52,55.4,82.4,76.6,55.6,67.4,59.9,70.9,72.6,50.8,77.4,95,69.4,68,,122.9,314,116.2,108.2,59.1,104.9,56.6,68.6,71.2,73.5,71.9,66.9,71,58.1,66.5,74.6,54.7,66.6,80.1,110.1,49.7,99,61.9,91.1,223.9,61.8,71.4,55.9,44,80.8,2178.3,77.4,48.8,56.5,66.1,63.2,96.3,53.1,31.8,41.7,87.9,62.7,79.5,
1982年11月,71.1,72.4,70.3,71.9,71.6,76.1,57.1,47.1,59.4,59.2,54.1,61.4,59.7,71,43.9,40.9,38.5,36.9,80.6,52,55.4,82.4,76.6,55.6,67.5,59.9,71.1,72.8,50.9,77.3,95,69.5,67.9,,122.9,313.1,116.2,108.4,59.2,105.3,56.8,68.7,71.4,74,72,66.9,70.8,58.1,66.5,75,54.8,66.7,80.4,110.7,49.7,99,61.8,91.1,223.9,61.8,71.4,55.9,44,80.4,2172.2,75.4,48.8,56.5,66.2,63.4,96.4,53.2,31.8,41.7,87.9,62.7,79.1,
1982年12月,71,72.4,70.2,72,71.6,76.2,56.8,45.8,59.3,59.4,53.5,59.9,59.6,69.8,43.9,40.8,36.3,34.7,80.6,52.1,55.3,82.5,76.6,55.8,67.8,60.2,71.2,73,51.1,77.3,95,69.5,67.6,,122.9,312.4,116.6,108.5,59.3,105.2,56.8,68.1,70.4,73.8,70.7,66.6,70.3,58.2,66.6,75.1,54.9,66.8,80.7,110.7,49.7,99.1,62,91.1,224.1,61.8,71.4,55.9,44,80.8,2155.7,76.5,49.7,56.5,66.3,63.5,96.6,53.5,31.8,41.7,87.8,62.7,79.5,
1983年1月,71.1,72.1,70.3,71.7,71.3,75.7,57.6,49.9,59.3,59.4,54.4,61.6,59.7,66.7,49.4,49.6,37.6,36,80.6,52.1,55.5,82.6,76.6,55.9,67.8,60.3,71.3,73.2,51.2,77.2,95,69.5,66.9,,122.6,311.2,116.2,108.3,59.3,105.2,57,65.3,65.4,74.4,64.4,64.6,67,58.2,66.6,75,54.9,66.6,80.9,111.3,49.3,99,62.2,90.7,224.1,61.8,71.4,55.9,44.1,81,2149.5,78.1,48.8,56.7,66.3,63.6,96.7,53.4,31.8,41.7,87.4,62.7,79.7,
1983年2月,70.8,71.8,70.1,71.3,71.1,75.2,57.9,50.6,59.4,59.4,54,60.8,60,66.9,49.9,50.3,39.9,38.4,80.5,52.1,55.4,82.6,76.6,56,68.1,60.4,71.6,73.4,51.2,76.9,95,69.5,65.1,,122.6,311.2,116.5,107.5,59.3,105.6,57.1,62.5,60.4,74.6,58.3,62.7,64.2,57.9,66.5,74.4,55,66.7,81,111.5,49.3,98.5,62.1,89.9,224.1,61.8,71.4,55.9,44.1,81,2153.6,77.9,48.9,56.6,66.4,63.6,96.7,53.6,31.8,41.7,86.5,62.8,79.6,
1983年3月,71.2,71.9,70.5,71.4,71.3,75.4,58.6,53.2,59.6,59.4,54.2,61.2,60.2,71,52.4,54.2,43.4,41.8,80.5,52.2,55.8,82.7,76.6,56.1,68.1,60.5,71.6,73.6,51.2,76.6,95,69.5,63.7,,122.5,309.4,116.4,107.1,59.4,105.7,57.3,63.1,61.5,74.5,59.6,62.6,63.8,58.2,66.8,75,55,66.7,81.1,111.6,49.3,98.1,62.2,88.8,224.5,61.8,71.4,55.9,44.4,81.4,2145.4,79.6,48.9,56.7,66.5,63.8,96.7,53.9,31.8,41.7,85.7,62.9,80,
1983年4月,71.5,72.2,70.7,71.8,71.8,76.2,58.6,53,59.7,59.5,54.2,61.3,60.3,69.3,52.1,53.5,43.3,41.7,80.6,52.2,56,82.7,76.6,56.3,68.5,60.8,72.1,74.1,51.3,76.3,95,69.5,61.7,,122.8,310.9,115.5,107.4,59.5,105.8,58,63.8,62.4,75.1,60.6,63.4,64.9,58.4,67.1,77,55.2,66.9,81.3,112.1,49.5,97.2,62.2,87.1,224.5,64.6,74.9,55.9,45.4,82.3,2168,79.1,48.9,58,66.8,63.8,97.6,53.8,31.8,51.9,84.2,65,80.7,
1983年5月,72.3,72.8,71.6,72.3,72.4,77.1,59.2,55.8,59.7,59.7,53.9,60.6,60.3,67.4,54.9,58,47.9,46.4,81,52.3,55.9,82.7,76.7,56.4,68.9,61.1,72.6,74.6,51.4,76.3,95,69.5,61.1,,122.3,306.6,116,107.3,59.5,105.7,58.1,68,69.6,75.6,69.5,66.5,70,58.4,67.2,77,55.2,66.9,81.3,112.8,49.4,96.8,62.2,86.4,224.1,64.6,75.1,55.9,45.4,82,2161.8,77.6,48.9,58.1,69.2,64.2,97.6,53.9,35.6,51.9,83.8,65.2,80.5,
1983年6月,71.8,72.8,71,72.3,72.4,77.2,58.2,50.5,59.8,59.8,52.9,58.8,60.3,67,47.2,45.3,47.3,45.7,81.2,52.3,56.1,82.8,78.3,56.5,69.1,61.2,72.9,74.9,51.4,76.3,95,69.7,60.7,,122.5,306.6,116.4,108.3,59.7,105.7,58.4,67.9,69.1,75.3,68.8,67.5,71.1,59.2,67.2,77,55.2,67.1,81.4,113.3,49.5,96.5,62,85.8,224.1,64.6,75.1,55.9,45.4,81.5,2157.7,75.6,48.9,58.1,69.3,64.2,98.6,53.7,35.6,51.9,83.3,65.2,80,
1983年7月,71.5,72.7,70.7,72.2,72.4,77,57.9,48.6,60,60.2,53,59.2,60.3,67.5,46.9,44.7,41.6,40,81.4,52.3,56.2,82.9,78.6,56.6,69.3,61.3,73.1,75.1,51.5,76.3,95,69.7,60.1,,122.5,306.6,116.1,108,59.6,105.5,58.6,66.4,66.8,75.3,65.9,65.3,67.7,59.1,67.3,76.9,55.3,67.1,81.6,113.4,49.5,96.1,62.2,85,224.1,64.6,75.1,55.9,45.4,81.8,2151.5,76.4,48.9,58.3,69.4,64.3,98.7,53.7,35.6,51.9,82.8,65.2,80.3,
1983年8月,71.4,72.2,70.5,71.6,71.8,76,58.7,52.2,60.1,60.4,53.5,60.2,60.4,67.3,51.4,52,43.7,42.2,81.4,52.2,56.2,82.9,78.7,56.7,69.4,61.5,73.2,75.3,51.6,76.2,95,69.7,59.7,,122.3,305.1,115.7,107.5,59.8,105.3,58.6,60.9,58.1,75.3,55.3,60.2,59.3,59.1,67.2,75.9,55.3,67.2,81.7,113.9,49.5,95.4,62.3,84.2,218.9,64.6,75.1,55.9,45.4,82.5,2145.4,78,49,58.7,69.3,64.4,98.7,53.6,35.6,51.9,82.2,65.2,80.9,
1983年9月,72.2,73.1,71.4,72.6,72.7,77.4,58.8,51.9,60.2,60.6,52.9,59.2,60.4,69.2,53.1,54.5,41.1,39.5,81.6,52.3,56.3,82.9,78.7,56.7,69.5,61.5,73.2,75.3,51.7,76.2,95,69.8,59.6,,123.3,310.9,116.2,108.8,59.8,105.5,58.6,68.1,69.7,76,69.5,66.9,70.3,59.1,67.4,77.3,55.4,67.4,82.2,114.4,49.6,96.2,62.2,85.9,218.9,64.6,75.1,55.9,45.4,82.4,2137.1,78.6,48.9,58.5,69.4,64.4,98.7,53.7,35.6,52.3,83.3,65.2,80.8,
1983年10月,72.8,73.4,72.1,72.9,73,77.8,59.6,55,60.5,60.8,52.4,58.5,60.3,70,54.9,57.3,48.6,47.1,82.3,52.4,56.1,83,81.1,56.9,69.6,61.8,73.5,75.8,51.6,76.2,95,69.8,59.5,,123.9,313.7,116.8,109.4,59.9,105.6,58.8,69.7,72.5,76.4,72.8,68.2,72.2,59.3,67.6,75.5,55.4,67.5,82.9,114.5,49.6,96.6,62.4,86.4,218.9,64.6,75.1,55.9,45.4,82.6,2141.2,78.9,49,58.6,69.5,64.5,98.7,53.8,35.6,52.3,83.6,65.2,81.1,
1983年11月,72.4,73.6,71.6,73.1,73.3,78,58.5,49.1,60.6,61.2,52,57.8,60.1,70,50.9,50.4,38.4,36.9,82.4,52.4,56.2,83,82,57.1,69.8,61.9,73.6,76,51.7,76,95,69.8,58.5,,123.9,313.7,116.7,109.1,59.9,105.7,58.8,70.5,73.9,77,74.4,68.2,72.2,59.4,67.5,75.9,55.5,67.9,84.6,115,49.6,96.5,62.3,86.4,218.9,64.6,75.1,55.9,45.4,82.5,2137.1,78.4,49,58.6,69.5,64.6,98.7,53.8,35.6,52.3,83.3,65.2,81,
1983年12月,72.2,73.6,71.4,73.1,73.3,78,58.2,47.2,60.8,61.3,51.7,57.3,60,70.7,49.5,47.4,36.3,34.7,82.5,52.5,56.3,83,82.2,57.3,69.7,61.9,73.5,76.1,51.9,75.7,95,69.8,56.8,,123.8,311.8,117.1,109,60,105.5,58.8,69.7,72.3,77.5,72.4,67.9,71.7,59.5,67.6,75.9,55.6,68.1,85.9,115.1,49.6,96.4,62.6,85.8,219.2,64.7,75.1,56.5,45.4,82.8,2133,79.1,50,58.5,69.6,64.6,99,53.9,35.6,52.3,82.6,65.2,81.2,
1984年1月,72.4,73.3,71.6,72.8,73,77.5,59.3,52.1,60.8,61.4,52.6,58.8,60,69.1,55.9,57.6,38.6,37.1,82.8,52.5,56.3,83,82.2,57.4,69.7,62,73.5,76.1,52,75.6,95,69.8,55.9,,123.5,311.5,116.2,108.7,60.1,105.6,58.8,66.8,67.2,77.5,66.2,66.2,68.9,59.4,67.6,75.6,55.6,68.3,86.7,115.7,49.6,96.3,62.8,85.5,219.2,64.7,75.1,56.5,45.4,82.6,2128.9,78.7,49.1,58.8,69.6,64.6,99,53.8,35.6,52.3,82.2,65.2,81.1,
1984年2月,72.9,73.2,72.1,72.6,73,77.3,60.7,57.8,61.1,61.9,52.6,58.7,60.3,71.7,64.4,71.6,41,39.5,82.8,52.5,56.3,83.1,82.2,57.5,69.9,62.2,73.6,76.2,52,75.7,95,69.8,56.7,,123.4,310.9,115.7,108,60.3,105.7,58.9,64.2,62.7,77.7,60.5,64.5,66.1,59.3,67.4,75.4,55.6,68.5,87.5,116.1,49.6,96.7,63.6,85.2,219.2,64.7,75.1,56.5,45.4,82.8,2120.6,79.7,49.2,58.6,69.7,64.7,99,54,35.6,52.3,82.1,65.2,81.4,
1984年3月,73,73.3,72.3,72.9,73,77.4,60.9,58.2,61.2,62.2,52.7,58.9,60.3,71.4,64.4,71.3,42.4,40.8,82.8,52.6,56.5,83.1,82.2,57.6,70,62.2,73.7,76.4,52.1,75.7,95,69.8,56.7,,123.5,311.5,115.7,107.7,60.5,105.7,58.9,64.6,63.2,78,61.1,64.7,66.4,59.5,67.9,75.6,55.6,68.3,87.9,116.2,49.2,96.7,63.8,85.3,219.2,64.8,75.1,56.5,45.6,83.4,2114.4,82.5,49.1,58.6,69.7,64.9,99,54.2,35.6,52.3,82.2,65.2,82,
1984年4月,73.2,73.7,72.4,73.2,73.4,77.9,60.5,56.5,61.2,62.2,53.3,60,60.3,70,60.7,65.1,43,41.5,82.9,52.7,56.6,83,82.2,57.8,70.2,62.4,73.9,76.7,52.2,76,95,69.8,56.6,,123.8,309.1,116,108.5,60.8,105.9,60.6,65.5,64.3,78.7,62.3,65.6,67.8,59.6,68,78.1,55.7,69,88.9,116.4,49.8,96.8,64,85.2,219.2,67.3,78.2,56.5,47.6,83.5,2110.3,78.3,49.2,60.3,69.9,65,99.2,54.3,35.6,57.3,82.1,67.3,82.1,
1984年5月,73.7,74.5,73,74.1,74.3,79.3,60.4,54.2,61.6,62.2,52.6,58.6,60.4,68.5,56.2,57.7,45.5,43.9,82.9,52.8,56.7,83.1,87.9,58.2,70.4,62.6,74.2,77,52.2,76.3,95,69.8,56.5,,123.6,306.3,116.6,108.7,61.1,105.9,60.6,69.7,71.9,78.9,71.5,68.1,71.9,59.4,68.2,78.1,55.7,69,89,116.7,49.8,98,66.2,84.9,218.9,67.4,78.4,56.5,47.6,84.5,2104.1,81.5,49.2,60.7,69.9,65,99.2,54.2,35.6,57.3,81.8,67.4,83.6,
1984年6月,73.2,74.4,72.4,73.9,74.2,79.2,59.4,49.8,61.6,62.3,52.9,59.2,60.3,67.4,49.3,46.3,43.7,42.2,83.1,52.7,56.8,83.3,87.9,58.4,70.5,62.7,74.4,77.2,52.4,76.3,95,69.8,56.2,,123.6,306,116.4,108.8,61.2,105.9,60.8,69.6,71.6,79,71,68.4,72.2,59.8,68.3,78.1,55.7,69.1,89.1,116.8,49.8,97.7,66.2,84.4,218.9,67.4,78.4,56.5,47.6,83.5,2098,77.4,49.1,60.6,70,65.2,99.2,54.2,35.6,57.3,81.5,67.4,82.7,
1984年7月,73.3,74.3,72.5,73.8,74.1,79,59.9,52,61.7,62.3,53.1,59.5,60.4,67.2,50.3,47.8,48.3,46.9,83.7,52.7,57.2,83.3,87.9,58.5,70.7,63,74.5,77.6,52.5,76.3,95,69.8,56.1,,123.6,306,115.9,109,61.3,105.7,60.8,67.9,69.1,78.9,68.1,66,68.2,59.9,68.2,77.8,55.8,69.1,89.1,117.1,49.8,98.1,66.8,84.5,218.9,67.4,78.4,56.5,47.6,83.7,2093.8,78.3,49.1,60.6,70,65.6,99.2,54,35.6,57.3,81.5,67.4,83,
1984年8月,72.7,73.8,71.9,73.3,73.7,78.1,59.6,50.1,61.8,62.4,54.4,61.8,60.4,67.6,49,45.8,42.2,40.6,84,52.8,57.4,83.4,87.9,58.6,70.8,63,74.7,77.6,52.5,76.3,95,69.8,56.1,,123.6,305.7,116.1,108.9,61.4,105.5,60.8,62.4,60.4,78.8,57.4,61,60.2,59.8,68.3,76.6,55.8,69.1,89.1,117.1,49.8,97.9,67.2,84.6,214.4,67.4,78.4,56.5,47.6,83.9,2091.8,77.9,49.3,60.9,70,65.7,99.3,53.8,35.6,57.3,81.5,67.4,83.3,
1984年9月,73.8,74.7,73,74.2,74.5,79.3,60.5,53.6,62,62.4,54.2,61.2,60.5,70.5,54.2,54.2,44.5,42.9,84.2,52.8,57.5,83.4,87.9,58.6,70.9,63.1,74.8,77.8,52.6,76.7,95,69.8,57.8,,124.1,307.8,116.7,109.6,61.5,105.8,60.8,69.3,71.2,79.3,70.6,67.8,71.2,60.1,68.5,78,55.9,69.1,89.2,117.3,49.8,98.7,66.8,86.5,214.4,67.4,78.4,56.5,47.6,83.7,2085.6,77.9,49.3,60.6,70.2,65.8,99.3,54,35.6,58.1,83,67.4,83,
1984年10月,74.4,75.2,73.6,74.7,75,80,60.7,54.5,62,62.7,54.4,61.6,60.4,69.8,51.4,49.6,52.1,50.7,84.2,52.9,57.3,83.5,87.9,58.7,70.9,63.2,74.9,78,52.6,76.8,95,69.8,58.2,,125,312.4,117.9,109.7,61.6,105.8,60.8,72.1,76.2,79.7,76.6,69.8,74.2,60.2,68.6,77,56,71.7,89.1,117.4,52.9,98.9,67,86.6,214.4,67.5,78.5,56.5,47.6,83.9,2087.7,79.1,49.2,60.7,70.2,65.9,99.3,54,35.6,58.1,83.2,67.5,83.3,
1984年11月,74,75.3,73.2,74.7,75.1,80.2,59.7,49.8,62,62.9,53.6,60.3,60.2,69.3,46.4,41.4,47.7,46.2,84.3,53,57.1,83.6,87.9,58.7,71.1,63.3,75,78.1,52.6,76.6,95,69.8,56.9,,125,312.4,117.5,109.9,61.7,105.9,61,72.4,76.5,80.1,76.8,69.9,74.3,60.4,68.8,77.5,56,71.7,89.1,117.9,52.9,98.9,67.2,86.4,214.4,67.5,78.5,56.5,47.6,83.7,2085.6,77.9,49.3,60.7,70.6,65.9,101.5,54.2,35.6,58.1,82.8,67.5,83.1,
1984年12月,74.1,75.3,73.3,74.7,75.1,80.2,60.1,51.3,62.1,63,53.6,60.2,60.2,69.3,46.1,41,53.1,51.7,84.5,53.1,57.2,83.6,87.9,58.9,71.3,63.5,75.3,78.4,52.7,76.3,95,69.9,55,,124.8,311.8,117.1,109.3,61.8,105.9,61.1,71.9,75.4,79.9,75.6,69.9,74.2,60.4,68.8,77.3,56.2,71.8,89.2,118.5,52.9,98.8,67.4,86,214.4,67.5,78.5,56.5,47.6,84.2,2079.4,79.1,50.3,60.6,70.7,66,101.4,54.3,35.6,58.1,82.1,67.5,83.6,
1985年1月,74.4,75.1,73.6,74.6,75,80,61,55.6,62.1,63.2,55.1,62.7,60.3,67.9,53.1,52.4,51.5,50,84.5,53.1,57.3,83.5,87.9,59,71.4,63.7,75.4,78.6,52.8,76,95,69.9,53.9,56.5,124.9,309.7,117,109.7,62.3,105.8,61.4,68.9,70.1,80.3,69.2,67.5,70.5,60.4,68.8,78.4,56.2,72.5,89.5,118.9,53.5,99.1,67.5,86.3,214.6,67.5,78.5,56.5,47.8,85.3,2095.9,80.6,49.5,61.8,70.7,66.2,101.7,54.4,35.6,58.7,81.4,67.4,84.5,
1985年2月,74.1,74.9,73.3,74.4,74.9,79.7,60.8,53.8,62.2,63.2,53.9,60.5,60.3,70.2,51.7,50.2,50.8,49.2,84.6,53.1,57.3,83.7,87.9,59,71.5,63.8,75.5,78.7,53,75.9,95,69.9,53,56.5,124.4,308.1,115.8,108.9,62.3,105.8,61.5,67.7,68.7,80.2,67.5,65.6,67.5,60.2,68.7,77.7,56.2,72.5,89.5,119.1,53.5,98.7,67.5,85.5,214.6,67.6,78.5,56.9,47.8,84.6,2085.6,79.7,49.5,61.1,70.8,66.2,101.9,54.6,35.6,58.7,80.9,67.6,83.9,
1985年3月,74.4,75.1,73.6,74.7,75.1,80,61,55.3,62.2,63.6,54.4,61.3,60.2,68,52.5,51.5,53,51.4,84.8,53.1,57.3,83.8,87.9,59.2,71.7,63.8,75.7,78.8,53,75.9,95,69.9,52.7,56.5,124.5,308.1,116.2,108.7,62.3,105.9,61.5,68.8,70.8,80.2,70,65.6,67.5,60.3,69.1,78.2,56.3,73.6,89.5,119.2,55,99.1,67.5,86.2,214.6,67.6,78.5,56.9,47.9,84.8,2077.4,81.1,49.6,61.2,70.9,66.3,101.9,54.6,35.6,58.7,81.3,67.7,84.2,
1985年4月,74.8,75.6,74.1,75,75.5,80.6,61.3,56.1,62.3,63.7,54.7,61.9,60.2,68.6,55,55.5,50,48.4,84.7,53.1,57.3,84.3,87.9,59.3,71.9,64.1,75.9,79.2,53.1,76,95,69.9,52.5,57.5,124.8,308.8,116.5,108.5,62.5,106,62.3,70,72.2,80.7,71.6,67.8,70.9,60.3,69.2,78.7,56.3,73.7,89.6,119.3,55.1,99.1,67.5,86.3,214.6,70.4,81.7,56.9,50.6,85.4,2069.1,81.6,49.5,61.9,70.9,66.4,101.9,54.5,35.6,59.7,81.3,69.8,84.7,
1985年5月,75,75.8,74.1,75.3,75.8,81.1,61,54.8,62.3,63.7,53.9,60.1,60,67.9,52.1,50.8,53.9,52.2,84.7,53,57.2,84.7,87.9,59.4,72.3,64.3,76.3,79.6,53.2,76,95,69.9,52.5,57.6,124.8,308.1,116.4,108.7,62.6,106.2,62.5,71.2,73.8,80.4,73.4,69.2,73.2,60.4,69.4,78.6,56.4,73.8,89.6,119.3,55.1,100.5,68.8,87.5,214.6,70.4,81.7,56.9,50.6,85,2062.9,79.5,49.5,62.1,70.9,66.5,101.9,54.4,35.6,59.8,81.1,69.9,84.7,
1985年6月,75,75.9,74.1,75.3,75.9,81.2,61,54,62.4,63.7,53.9,60,59.9,68.5,51.3,49.6,52.9,51.2,85,53,57.4,85,87.9,59.5,72.4,64.5,76.5,79.8,53.3,76.1,95,69.9,52.5,57.8,124.8,307.5,116.4,108.8,62.7,106,62.6,71.2,73.7,80.5,73.3,69.4,73.2,60.5,69.5,78.6,56.5,73.8,89.7,119.2,55.1,100.3,68.7,87.4,214.6,70.4,81.7,56.9,50.6,85.2,2058.8,79.9,49.5,62.1,70.9,66.6,101.9,54.4,35.6,59.8,81,69.9,84.8,
1985年7月,75.1,75.8,74.3,75.3,75.8,81.1,61.5,56,62.5,63.7,54.5,61,59.9,69.3,56.8,58.1,47.4,45.6,85.1,53.1,57.4,85.3,87.9,59.6,72.5,64.6,76.6,80,53.4,76,95,69.9,52.4,57.9,124.8,307.2,116.8,108.6,62.7,105.8,62.6,70.6,72.9,80.6,72.3,68.7,72.2,60.6,69.6,78.4,56.5,73.9,89.9,119.5,55.1,100.2,68.9,87,214.6,70.4,81.7,56.9,50.6,85.1,2052.6,79.6,49.6,62.1,71,66.6,102.2,54.4,35.6,59.8,80.7,69.9,84.8,
1985年8月,75,75.7,74.1,75.1,75.7,80.9,61.5,55.9,62.6,63.7,55.7,63.2,59.9,69.7,53.5,53,51.3,49.5,85.4,53,57.5,85.2,87.9,59.7,72.5,64.7,76.6,80,53.5,76,95,69.9,52.3,57.9,124.6,306.3,116.6,108.7,62.8,105.8,62.8,67.9,68.8,80.5,67.6,65.4,66.9,60.7,69.4,77.5,56.6,73.9,90.1,119.5,55.1,100,69,86.6,214.6,70.4,81.7,56.9,50.6,85.9,2050.6,81.2,50.5,62.5,71,66.7,102.2,54.4,35.6,59.8,80.4,69.9,85.6,
1985年9月,75,76,74.2,75.4,76.1,81.4,61.1,53.5,62.7,63.8,54.5,61,59.9,72.3,50.7,48.4,51.6,49.9,85.4,53.1,57.4,85,87.9,59.8,72.7,64.8,76.8,80.2,53.5,76,95,69.9,52.2,57.9,124.9,306.3,116.8,110,62.7,105.9,63,71,73.2,81,72.6,69.2,72.7,61.2,69.7,79,56.6,73.9,90.3,119.5,55.1,100,68.8,86.8,214.6,70.5,81.7,56.9,50.9,85.4,2052.6,80.2,50.3,62.2,71,66.8,102.2,54.5,35.6,59.8,80.2,70,85,
1985年10月,75.7,76.2,74.9,75.6,76.3,81.7,62.3,59.2,62.8,64,54.9,61.7,59.8,72.8,56.1,57,59.4,57.7,85.4,53.3,57.4,85,87.9,59.9,72.8,64.9,76.9,80.4,53.6,76,95,69.9,52,58,125,306,117.8,110.2,62.7,105.8,63,71.8,74.3,81.1,73.9,70.6,74.7,61.3,69.7,79.5,56.6,74,90.4,119.5,55.1,100.4,69.5,86.8,214.6,70.5,81.7,56.9,50.9,85.9,2048.5,81.5,50.3,62.3,71,66.8,102.2,54.4,35.6,59.8,80.2,70,85.5,
1985年11月,75.1,76.3,74.2,75.7,76.4,81.7,60.7,50.9,62.8,64.1,54.7,61.2,59.6,72.2,50.1,47.5,43.8,42,85.5,53.3,57.5,84.9,87.9,59.9,73,65,77.1,80.6,53.6,75.8,95,69.9,50.5,58,125,305.7,117.9,110.6,62.8,105.9,63.2,72.5,75.7,81.2,75.5,70.6,74.7,61.4,69.7,79.7,56.6,74,90.5,119.8,55.2,100.5,69.5,87.1,214.6,70.5,81.7,56.9,50.9,85.6,2042.3,80.6,50.4,62.4,71,66.8,102.2,54.4,35.6,59.8,80.2,70,85.3,
1985年12月,75.2,76.3,74.3,75.8,76.5,81.8,60.8,51.3,62.9,64.1,54.8,61.5,59.6,73.9,52.2,50.7,40.6,38.7,85.4,53.3,57.5,84.9,87.9,60,73.2,65.1,77.3,80.7,53.7,75.7,95,69.9,49.5,58,124.9,304.8,117.8,110.9,62.8,105.8,63.2,72.3,75.4,81,75.2,70.4,74.4,61.4,69.8,79.8,56.7,74.1,90.5,120,55.2,100.7,69.8,87.2,214.6,70.5,81.7,56.9,50.9,85.9,2036.1,81.7,51.5,62.1,71,66.9,102.2,54.3,35.6,59.8,80.1,70,85.6,
1986年1月,75.5,76.2,74.7,75.6,76.3,81.5,62.1,57.5,62.9,64.1,55.2,62.4,59.6,72.8,59.2,61.8,46.5,44.8,85.3,53.3,57.6,85,87.9,60,73.3,65.2,77.4,80.8,53.8,75.5,95,69.9,48.9,58,124.8,304.5,118,110.3,62.8,105.8,63.3,70.2,72,80.6,71.3,68.4,71.2,61.2,69.6,79.3,56.7,74.2,90.7,120.2,55.2,100.7,69.9,87.1,214.6,70.5,81.7,56.9,50.9,85.9,2027.9,82.1,50.5,62.2,71,67,102.2,54.1,35.6,59.8,79.9,70,85.5,
1986年2月,75.4,76.1,74.5,75.5,76.3,81.5,62,56.9,62.9,64.3,54.7,61.4,59.6,72.3,59,61.6,45.5,43.8,85.4,53.4,57.5,85.1,87.9,60.1,73.3,65.3,77.5,80.8,53.9,75.5,95,69.9,48.8,58,124.6,304.2,117.7,109.7,62.8,105.8,63.3,69.3,70.9,80.7,70,67,69.2,60.9,69.5,78.8,56.8,74.2,90.7,120.2,55.2,100.6,69.8,86.9,214.6,70.5,81.7,56.9,50.9,85.9,2023.8,82.2,50.5,62.2,71.1,67,102.3,54.4,35.6,59.8,79.7,70.1,85.5,
1986年3月,75.3,76.2,74.4,75.6,76.4,81.6,61.6,54.8,63,64.3,55.2,62.2,59.4,72.4,55.3,55.6,45.4,43.7,85.5,53.5,57.6,85.4,87.9,60.3,73.5,65.3,77.6,80.9,54,75.4,95,69.9,48.4,58.1,124.8,304.5,117.7,109.8,62.8,105.8,63.3,70.5,73.3,80.6,72.8,66.7,68.7,60.9,70,79.5,56.9,74.2,90.7,120.2,55.2,100.3,69.9,86.3,214.6,70.5,81.7,56.9,50.9,85.9,2013.5,82.3,50.7,62.4,71,67,102.3,54.1,35.6,59.8,79.2,70.2,85.6,
1986年4月,75.6,76.5,74.7,75.9,76.8,82.2,61.5,54.1,63,64.3,55,61.5,59.4,72.3,53.6,53,46.9,45.1,85.4,53.6,57.7,85.4,87.9,60.4,73.7,65.5,77.8,81.1,54.1,75.4,95,69.9,47.4,58.9,124.9,304.8,117.8,109.8,62.8,105.8,64.2,71.7,74.7,81.4,74.4,69.2,72.7,60.9,70.1,80.2,57,75.2,90.7,120.2,56.6,99.7,69.9,85.4,214.6,72.6,84.8,56.9,51.6,86.5,2005.2,81.5,50.8,63.4,71,67.1,102.3,53.9,35.6,61.5,78.4,71.8,86.1,
1986年5月,75.8,76.8,74.9,76.2,77.1,82.7,61.5,54.2,63,64.3,54.1,59.6,59.3,70,54.3,54.1,48.1,46.3,85.1,53.6,57.9,85.5,87.9,60.5,74,65.7,78.2,81.6,54.2,75.3,95,69.8,46.3,59.1,124.9,304.2,118,109.8,62.9,105.9,64.4,72.9,76.2,81.4,76.1,70.7,75.1,60.9,70.1,80,57.1,75.2,90.8,120.2,56.6,99.4,69.9,84.8,214.6,72.8,84.9,56.9,51.6,87.1,1997,81.6,52.4,63.6,72.9,67.1,102.3,53.7,39.6,61.5,77.7,71.8,86.6,
1986年6月,75.4,76.5,74.4,75.8,77.2,82.8,61.1,52.5,63,64.3,53.9,59.1,59.4,69.3,49.8,47.1,52,50.3,85,53.7,57.9,85.6,87.9,60.6,74.1,65.8,78.4,81.7,54.2,71.2,87,66.2,45.4,59.1,125,304.2,117.7,110.3,62.9,105.8,64.5,72.9,76.1,81.4,76,71,75.3,61.2,70.1,80.1,57.1,75.2,90.8,120.2,56.6,98.9,69.8,84,214.6,72.8,84.9,56.9,51.6,86.8,1986.7,80.6,52.5,63.5,73.1,67.2,102.8,53.6,39.6,61.5,73.5,71.8,86.3,
1986年7月,75.2,76.3,74.2,75.6,77.1,82.6,61,52,62.9,64.3,54.9,61.1,59.4,69.1,49.8,47,48,46.3,84.9,53.6,57.8,85.5,87.9,60.6,74.3,65.9,78.6,82,54.2,70.6,87,64.6,44.5,59.2,124.9,303.8,117.8,110.3,62.9,105.7,64.6,72.2,75.2,81.4,75,70.1,73.9,61.2,70.1,79.9,57.1,75.3,90.9,120.2,56.6,98.4,69.9,83.1,214.6,72.8,84.9,56.9,51.6,86.5,1978.4,80,52.5,63.5,73,67.2,102.9,53.5,39.6,61.5,72.2,71.8,86.1,
1986年8月,75,76,74,75.3,76.8,82.3,61.2,52.8,62.9,64.3,56.3,63.7,59.3,68.7,49.6,46.7,48.4,46.7,84.3,53.6,57.8,85.6,87.9,60.6,74.3,66,78.7,82,54.3,70.3,87,64.4,43.3,59.2,124.6,302.9,117.5,110.1,63,105.6,64.6,69.4,71,81.4,70,66.9,68.9,61.2,69.9,78.9,57.1,75.3,91.3,120.5,56.6,98,70.1,82.6,212.7,72.8,84.9,56.9,51.6,87.3,1961.9,81.6,52.6,64.2,73.1,67.4,102.9,53.4,39.6,61.5,71.6,71.8,86.8,
1986年9月,75.4,76.3,74.4,75.6,77.2,82.9,61.4,53.9,63,64.3,57.3,65.7,59.3,69.6,50.1,47.6,48.7,47,83.9,53.6,58,85.2,87.9,60.7,74.5,66,78.8,82.2,54.3,70,87,64.4,41.7,59.2,124.9,302.9,118.4,111.2,63,105.4,64.7,72.4,74.9,81.8,74.5,71.1,75.3,61.6,70.2,80,57.1,75.4,91.5,120.6,56.6,98.4,71.4,82.3,212.7,72.8,84.9,56.9,51.6,86.7,1949.6,80.4,52.5,63.8,73.1,67.4,102.9,53.3,39.6,61.7,71.1,71.9,86.7,
1986年10月,75.5,76.5,74.4,75.7,77.4,83.2,61.3,53.5,63,64.3,56.1,63.4,59,70.6,50.4,48.1,49,47.3,83.8,53.7,58,85.1,87.9,60.7,74.6,66.2,79,82.3,54.3,69.6,87,64.4,38.9,59.2,124.8,301.1,118.2,111.7,63,105.5,64.7,73.3,76.2,82.1,75.9,72.3,77.2,61.6,70.3,80.6,57.2,75.5,91.8,120.5,56.6,98.8,71.5,82.9,212.7,72.8,84.9,56.9,51.6,87,1939.3,81.6,52.5,63.9,73.1,67.4,102.9,53.3,39.6,61.7,70.4,71.9,87,
1986年11月,75.1,76.4,74.1,75.6,77.4,83.2,60.5,49.5,62.9,64.4,55.2,61.8,58.8,70.7,47.9,44.2,42.5,40.7,83.3,53.7,58.1,85.1,87.9,60.8,74.8,66.2,79.1,82.3,54.4,68.8,87,64.4,34.5,59.3,124.8,300.8,118.6,111.4,63,105.7,64.8,73.7,76.9,82,76.8,72.5,77.4,61.7,70.4,80.7,57.3,75.6,92.1,120.6,56.6,98.5,71.4,82.5,212.7,72.8,84.9,56.9,51.6,86.9,1929,81.3,52.6,63.8,73.1,67.5,102.9,53.3,39.6,61.7,69.4,71.9,86.8,
1986年12月,75,76.4,73.9,75.6,77.5,83.2,60.2,48,63,64.3,54.5,60.5,58.7,72.1,47.4,43.3,39.9,38.1,83.4,53.7,57.9,85,87.9,60.8,74.9,66.3,79.3,82.5,54.4,68.5,87,64.3,32.5,59.3,124.5,299.9,118.7,111.2,63,105.5,64.8,73.6,76.8,82.2,76.7,72.3,77.2,61.6,70.4,80.7,57.3,75.6,92.3,120.5,56.6,98.3,71.5,82,212.7,72.8,84.9,56.9,51.6,86.9,1912.5,81.2,53.7,63.5,73.1,67.6,102.8,53.2,39.6,61.7,68.8,71.9,86.9,
1987年1月,74.7,76,73.6,75.1,77.1,82.8,60.4,49.4,62.8,64.3,55.3,61.9,58.7,66.6,48,44.4,41.5,39.7,83.3,53.7,58.1,85.2,87.8,60.9,74.9,66.4,79.4,82.7,54.5,66.9,83.9,63.1,31.5,59.3,124.5,300.2,118.7,110.7,63,105.4,64.9,71,72.8,82.1,71.9,69.5,72.9,61.4,70.1,80.1,57.3,76.2,92.6,120.6,57.4,98.3,71.7,81.8,212.7,72.8,84.9,56.9,51.6,86.4,1902.2,81.1,52.7,63.4,73.1,67.6,102.8,53.2,39.6,61.7,67.1,71.9,86.5,
1987年2月,74.7,76,73.5,75.2,77.1,82.8,60.2,48.6,62.8,64.3,54.7,60.8,58.6,66.1,47.2,43.2,41.9,40.1,83.3,53.7,58.2,85.2,87.8,60.9,75.1,66.5,79.6,82.8,54.5,66.8,83.9,62.3,32.4,59.3,124.4,299.5,118.9,109.7,63,105.5,64.9,70.2,71.7,82.2,70.6,68.3,71.1,61.2,70.2,79.8,57.3,76.3,92.8,120.6,57.4,99.2,71.5,83.4,212.7,72.8,84.9,56.9,51.6,86.5,1885.7,81.4,52.7,63.5,73.1,67.6,102.8,53.2,39.6,61.7,68.1,72,86.6,
1987年3月,75,76.2,73.9,75.3,77.3,83.1,60.5,50.7,62.7,64.3,54.7,61,58.5,64.9,49.7,47.1,43.6,41.8,83.2,53.8,58.4,84.2,87.8,60.9,75.2,66.6,79.7,83,54.5,66.8,83.9,62.1,32.7,59.3,124.3,298.9,118.8,109.3,63,105.5,64.9,71.4,74.3,82.2,73.7,68.2,71,61.4,70.6,80.4,57.4,76.3,92.9,120.7,57.4,99.5,71.7,83.9,212.7,72.9,84.9,58.1,51.8,86.9,1877.4,82.3,52.8,63.8,73.1,67.7,102.8,53.2,39.6,61.7,68.4,72,86.9,
1987年4月,75.6,76.6,74.5,75.7,77.6,83.7,61.2,54.2,62.6,64.3,54.9,61.4,58.2,63.9,55.2,55.8,43.8,42,83,53.7,58.5,83.8,87.8,61,75.5,66.9,80,83.5,54.6,66.9,83.9,62,33.4,59.8,124.4,299.5,118.8,109,63.1,105.3,65.6,72.6,75.4,82.1,75.1,70.7,74.9,61.3,70.8,80.9,57.5,76.4,92.9,120.8,57.5,100.3,71.7,85.3,212.7,75.1,87.8,58.1,53,87.3,1865.1,82.2,52.8,64.5,73.1,67.8,102.8,53.2,39.6,62.4,69.5,73.7,87.3,
1987年5月,75.8,76.6,74.7,75.8,77.7,83.9,61.2,54.5,62.6,64.3,54.3,60.2,58.2,62.9,53.9,53.8,49.2,47.5,83,53.8,58.3,83.7,87.8,61.1,75.7,67,80.2,83.9,54.6,66.9,83.9,62,33.4,59.8,124,297.4,119.1,108.6,63.2,105.4,65.7,73.8,77.2,82.2,77.2,72.3,77.3,61.3,70.9,80.9,57.5,76.4,93,121,57.5,100.3,71.7,85.4,212.7,75.2,88.1,58.1,53,87.3,1850.7,81.6,52.7,64.7,73.2,67.8,102.8,53.3,39.6,62.4,69.5,73.8,87.3,
1987年6月,75.6,76.7,74.4,75.8,77.8,83.9,60.8,52.6,62.6,64.3,53.4,58.4,58,62.3,52.5,51.6,47.2,45.4,82.8,53.7,58.5,83.4,87.8,61.1,76.5,67.4,81.2,84.6,54.7,66.9,83.9,62,33.4,59.8,124,297.4,119.1,108.3,63.1,105.3,65.8,73.9,77.2,82.5,77,72.6,77.7,61.6,71,80.9,57.5,76.4,93,121,57.5,100.4,71.9,85.2,212.7,75.3,88.1,58.1,53,87,1836.2,80.7,52.8,64.8,73.2,67.8,102.8,53.3,39.6,62.4,69.3,73.8,87,
1987年7月,75.3,76.6,73.9,75.6,77.7,83.9,59.9,48.5,62.5,64.3,54,59.3,58,62.3,46.6,42.1,44.7,42.9,82.6,53.7,58.6,83.4,87.8,61.1,76.7,67.6,81.5,84.9,54.8,66.9,83.9,62,33.3,59.8,123.9,297.4,119.2,108,63.1,104.9,65.8,72.5,75.2,82.2,74.8,70.8,74.9,61.6,70.7,80.4,57.5,76.4,93.1,121,57.5,100.3,72.1,84.9,212.7,75.3,88.1,58.1,53,86.9,1817.7,80.5,52.8,64.8,73.3,68,103,53.3,39.6,62.4,69.1,73.8,87,
1987年8月,75.3,76.5,74.1,75.5,77.6,83.7,60.4,51,62.5,64.3,54.2,59.7,57.9,62.4,50.3,48,45,43.3,82.4,53.7,58.6,83.3,87.8,61.1,76.8,67.7,81.6,85,54.9,66.9,83.9,62,33.2,59.8,123.5,295.9,118.8,107.4,63,104.8,65.8,70.2,72,82.2,71,68,70.5,61.6,70.5,79.7,57.6,76.5,93.2,121.1,57.5,100.3,72.2,84.8,212.7,75.3,88.1,58.1,53,87.6,1803.3,81.7,53,65.4,73.3,68,102.9,53.4,39.6,62.4,69,73.8,87.7,
1987年9月,76,76.7,74.8,75.7,77.8,84,61.7,57.1,62.5,64.3,55.5,62.3,57.9,63.3,56.8,58.4,49.4,47.7,82.2,53.7,58.5,83.2,87.8,61.2,76.9,67.8,81.6,85.1,55,66.9,83.9,62,33.2,59.8,123.8,295.2,119.4,108.5,63.1,104.9,65.8,73,75.5,82.6,75.1,72,76.6,61.8,70.9,80.7,57.6,76.5,93.3,121,57.5,100.1,71.9,84.8,212.9,75.3,88.1,58.1,53.2,87.1,1793,81.4,53,64.8,73.4,68,103,53.4,39.6,63.3,68.9,74,87.2,
1987年10月,76,76.9,74.8,75.9,78,84.2,61.5,55.8,62.6,64.3,54.5,60.4,57.9,64.7,54.5,54.8,52,50.3,82.2,53.7,58.3,83.2,87.8,61.2,77,67.9,81.7,85.1,55.1,66.9,83.9,62,33,59.8,123.9,295.2,119.4,109.4,63.1,104.8,65.9,74,77,82.8,76.7,73.2,78.5,61.8,71,81.2,57.6,76.5,93.3,121,57.5,100.2,72.1,84.8,212.9,75.4,88.1,58.1,53.2,87,1776.5,81.1,53,65,73.4,68,102.9,53.5,39.6,63.3,68.9,74,87.2,
1987年11月,75.6,76.9,74.4,75.9,78,84.3,60.4,50.7,62.5,64.1,53.9,59.2,57.8,63.7,52.2,51.1,40.3,38.5,82,53.7,58.4,83.1,87.8,61.2,77,67.9,81.7,85.2,55.2,66.8,83.9,62,32.4,60,123.8,294.3,119.5,109.4,63.1,104.9,65.9,74.3,77.7,82.6,77.7,73.2,78.6,61.8,71,81.2,57.8,76.5,93.5,121,57.5,100.1,72.1,84.7,212.9,75.4,88.1,58.1,53.2,87,1757.9,81.2,53.2,65,73.4,68.1,102.9,53.6,39.6,63.3,68.7,74,87.1,
1987年12月,75.6,76.9,74.3,75.9,78,84.2,60.3,50,62.6,64,53,57.5,57.8,64.7,54.9,55.4,34.5,32.7,81.8,53.7,58.5,83,87.8,61.3,77,68,81.7,85.3,55.3,66.7,83.9,62,31.3,60,123.5,293.4,119.6,109.4,63,104.6,65.9,74.3,77.5,82.9,77.4,73.1,78.4,61.8,71.2,81.2,57.8,76.5,93.5,121,57.6,100,72.1,84.5,212.9,75.4,88.1,58.1,53.2,87.5,1739.4,82.8,54.3,64.7,73.4,68.2,102.9,53.5,39.6,63.3,68.4,74,87.5,
1988年1月,75.3,76.5,74.1,75.5,77.7,83.9,60.5,51.6,62.5,63.6,54.2,59.5,57.8,63,55.3,56.1,36.9,35.2,81.8,53.7,58.3,82.9,87.8,61.4,77.1,68.2,81.8,85.5,55.4,65.6,81.9,61.4,30.5,60,123.4,293.4,119.6,108.5,63.2,104.4,66,71.5,73.2,82.9,72.3,70.3,74.2,61.6,70.8,80.5,57.8,76.6,93.7,121,57.6,99.9,72.2,84.1,212.9,75.4,88.1,58.1,53.2,87,1729.1,82.7,53.1,64.8,73.4,68.2,102.9,53.5,39.6,63.3,67.2,74,87.2,
1988年2月,75.2,76.4,73.9,75.3,77.7,83.7,60.5,51.2,62.5,63.6,53.9,58.7,57.8,63.3,54,53.9,39.1,37.4,81.9,53.6,58.3,82.6,87.8,61.4,77.2,68.2,81.9,85.6,55.4,65.5,81.9,61.4,29.7,60.1,123.5,293.4,119.6,108,63.3,104.6,66,70.3,71.6,82.8,70.5,68.6,71.4,61.6,70.8,80,57.9,76.6,93.7,121,57.6,99.7,72.1,83.9,212.9,75.4,88.1,58.1,53.2,87.1,1722.9,82.9,53.2,64.8,73.4,68.2,102.9,53.7,39.6,63.3,66.9,74,87.2,
1988年3月,75.5,76.5,74.2,75.5,77.7,83.9,60.9,53.3,62.5,63.6,54.1,58.9,57.6,63.5,56.2,57.3,41.8,40.1,81.9,53.6,58.4,82.2,87.8,61.5,77.3,68.4,82,85.8,55.5,65.4,81.9,61.2,29.2,60.1,123.5,293.1,120.2,107.9,63.3,104.4,66,71.7,74.5,82.6,73.9,68.5,71.2,61.6,71.1,80.8,57.9,76.6,93.7,121.1,57.6,99.3,72.2,83.7,209.1,75.4,88.1,58.1,53.2,87.3,1716.7,83.7,53.1,64.8,73.4,68.2,102.9,53.7,39.6,63.3,66.6,74,87.4,
1988年4月,75.9,76.8,74.5,75.8,78.1,84.6,61,53.9,62.5,63.5,54.6,59.7,57.6,62.3,56.2,57.3,42.9,41.2,81.6,53.7,58.4,82.1,87.8,61.5,77.5,68.6,82.3,86.2,55.7,65.3,81.9,60.7,28.9,60.7,123.6,293.4,120.6,107.5,63.3,104.3,67,73.2,75.9,82.8,75.4,71.6,76.1,61.7,71.3,81.4,58.1,76.5,93.7,121.3,57.4,99.2,72.2,83.6,209.1,77.7,91.1,58.1,54.5,87.6,1702.3,82.8,53.1,65.8,73.5,68.3,102.9,53.7,39.6,64.3,66.3,75.8,87.7,
1988年5月,75.9,76.9,74.6,75.9,78.3,84.8,60.9,53.4,62.4,63.5,54.4,59.2,57.6,61,53.1,52.3,48.1,46.4,81.7,53.6,58.3,82.1,87.8,61.5,77.7,68.7,82.5,86.3,55.7,65.2,81.9,60.5,28.8,60.7,123.6,293.1,120.5,107.6,63.3,104.3,67.1,74.6,78.1,83,78.1,73,78.3,61.7,71.4,81.5,58.1,76.6,93.8,121.8,57.4,99.1,72.2,83.4,209.1,77.8,91.3,58.1,54.5,87.8,1692,82.7,53.2,66.1,73.5,68.4,102.9,53.7,39.6,64.3,66.1,75.9,87.8,
1988年6月,75.8,76.9,74.4,75.9,78.3,84.7,60.6,52,62.5,63.5,53.5,57.3,57.6,61.1,51.9,50.3,48.2,46.6,81.6,53.6,58.4,81.9,87.8,61.5,77.8,68.8,82.6,86.5,55.8,65.2,81.9,60.5,28.7,61.1,123.4,292.2,120.3,107.7,63.3,104.1,67.1,74.5,77.8,83,77.8,73.3,78.5,62,71.5,81.5,58.2,76.7,93.8,121.8,57.6,99.1,72.4,83.3,209.1,77.8,91.3,58.1,54.5,87.3,1663.1,81.6,53.2,65.9,73.5,68.5,102.8,53.7,39.6,64.3,66,75.9,87.4,
1988年7月,75.6,76.8,74.3,75.7,78.1,84.6,60.5,51.4,62.5,63.5,53,56.4,57.6,61,51.2,49.2,48.6,46.9,81.7,53.6,58.5,81.9,87.8,61.5,77.9,68.9,82.6,86.6,55.8,65.2,81.9,60.5,28.7,61.1,123.4,292.5,120.6,107.6,63.3,104.1,67.1,73.3,76.1,83,75.7,71.4,75.7,62,71.2,81.1,58.2,76.7,93.8,121.7,57.6,99.2,72.5,83.2,209.1,77.8,91.3,58.1,54.5,87.2,1654.9,81.4,53.2,65.8,73.6,68.6,102.8,53.7,39.6,64.3,65.9,75.9,87.4,
1988年8月,75.9,76.7,74.5,75.6,78,84.4,61.3,54.9,62.6,63.5,54.2,58.5,57.6,62.5,55.7,56.2,49.1,47.5,81.8,53.5,58.5,81.7,87.8,61.6,78,68.9,82.7,86.7,55.9,65.2,81.9,60.5,28.7,61.1,123.3,291.2,120.7,107.4,63.3,103.9,67.1,70.8,72.5,83,71.6,68.6,71.2,62,71,80.2,58.2,76.8,93.8,121.8,57.6,99.4,72.6,83.6,209.1,77.8,91.3,58.1,54.5,88,1646.6,82.6,53.3,66.5,73.6,68.6,102.8,53.6,39.6,64.3,66.2,75.9,88.1,
1988年9月,76.5,77,75.2,75.9,78.3,84.8,62.1,59,62.6,63.5,54.4,58.8,57.6,63.8,61.3,65.3,50.9,49.3,81.8,53.5,58.5,81.8,87.8,61.6,78.1,69.1,82.9,86.8,55.9,65.2,81.9,60.5,28.7,61.1,123.5,291.6,120.8,108.5,63.5,103.7,67.1,74.5,77.7,83.6,77.4,73.2,78.1,62.6,71.5,81.4,58.2,76.8,93.9,121.8,57.7,99.4,72.4,83.8,209.3,77.8,91.3,58.1,54.5,87.4,1636.3,81.8,53.2,66,73.6,68.6,102.8,53.6,39.6,64.3,66.2,75.9,87.5,
1988年10月,76.8,77.2,75.6,76.2,78.7,85.2,62.7,61.2,62.7,63.5,54,57.9,57.5,65.1,65.8,72.2,50.7,49.1,81.7,53.4,58.5,81.7,87.8,61.7,78.3,69.3,83.1,87.3,55.9,65.2,81.9,60.5,28.5,61.1,123.4,290.6,120.7,108.9,63.6,103.7,67.2,75.4,78.8,83.9,78.8,74.3,79.8,62.7,71.7,81.9,58.2,76.8,93.9,121.8,57.7,99.5,72.6,83.7,209.3,77.8,91.3,58.1,54.5,88.1,1632.2,84.2,53.4,66.2,73.6,68.7,102.7,53.6,39.6,64.3,66.1,75.9,88.1,
1988年11月,76.5,77.3,75.2,76.2,78.7,85.3,61.7,56.2,62.8,63.5,53.9,57.6,57.5,65.7,62.2,66.5,41.2,39.5,81.7,53.4,58.6,81.9,87.8,61.7,78.5,69.5,83.3,87.5,56,65,81.9,60.5,27.3,61.1,123.4,290.6,120.9,108.9,63.6,103.5,67.3,76.1,80.1,83.6,80.4,74.4,80,62.8,71.7,81.8,58.2,76.8,93.9,121.8,57.7,99.4,72.5,83.6,209.5,77.8,91.3,58.1,54.5,88,1621.9,84.2,53.2,66.1,73.6,68.8,102.8,53.7,39.6,64.3,65.8,75.9,88,
1988年12月,76.3,77.4,75,76.3,78.8,85.4,61.1,52.7,62.9,63.5,53,55.9,57.5,67.9,58,59.9,39.8,38.1,81.7,53.4,58.6,81.8,87.8,61.8,78.6,69.6,83.5,87.6,56.2,64.9,81.9,60.5,26.6,61.1,123.3,289.7,120.9,108.7,63.7,103.1,67.3,76.1,80.1,84.1,80.2,74.4,79.8,62.9,71.8,81.8,58.3,76.8,93.9,121.8,57.7,99.4,72.6,83.4,209.5,77.8,91.3,58.1,54.5,88,1621.9,83.8,54.4,65.8,73.6,69,102.8,53.6,39.6,64.3,65.6,75.9,88,
1989年1月,76.2,77.1,74.7,75.9,78.5,85,61.3,54.2,62.8,63.5,54.2,58.1,57.4,64,57.9,59.6,42.8,41.2,81.7,53.5,58.6,81.9,87.8,61.8,78.7,69.6,83.6,87.7,56.3,64.9,81.9,60.5,26.5,61.2,122.9,288.5,121,107.7,63.8,103,67.3,73.4,76.1,84.3,75.4,71.6,75.5,62.7,71.5,81,58.3,76.9,93.9,122.3,57.7,99.5,72.9,83.3,209.9,77.8,91.3,58.1,54.6,87.7,1617.8,83.2,53.5,66,73.6,69.1,102.8,53.6,39.6,64.3,65.5,75.9,87.8,
1989年2月,75.9,77.1,74.5,75.9,78.5,84.9,60.9,52.2,62.7,63.4,54.4,58.3,57.3,62.6,54.3,53.9,43.3,41.6,81.8,53.5,58.7,82.1,87.8,62,78.8,69.8,83.6,87.9,56.4,64.9,81.9,60.4,26.9,61.2,122.6,286.6,120.5,107.8,63.9,102.9,67.3,72.1,74.3,84.4,73.3,69.8,72.7,62.6,71.5,80.5,58.4,76.9,93.8,122.2,57.7,99.3,72.8,83.7,206.3,77.8,91.3,58.1,54.6,88.6,1613.7,83.7,56.6,66,73.6,69.2,102.8,53.4,39.6,64.3,65.8,76,88.5,
1989年3月,76.3,77.3,74.9,76.2,78.7,85.3,61.3,54.2,62.8,63.4,54.8,59.2,57.4,63.2,56.1,56.7,45,43.4,81.7,53.6,58.6,82.1,87.8,62.1,79,69.9,83.9,88,56.5,64.9,81.9,60.4,26.9,61.2,122.6,286.6,120.1,107.5,64,102.6,67.3,73.6,77.1,84.4,76.7,70,72.9,62.7,71.9,81.5,58.5,76.9,93.8,122.2,57.7,99.5,72.9,83.9,206.3,78,91.3,58.1,55.3,88.8,1599.2,84.4,56.5,66.2,73.8,69.5,102.8,53.5,39.6,64.3,65.9,76.2,88.8,
1989年4月,77.7,78.7,76.3,77.6,80.2,86.6,62.6,54.7,64.3,64.9,55.8,59.8,58.6,64.7,56.3,56.1,46.9,45.2,83.3,54.9,60.3,83.8,86.4,64,79.6,70.9,84.3,88.7,57.8,64.6,79.8,60.5,27.4,62.2,124.3,285.1,123.4,110,65.5,104.6,69.6,76.4,80.1,86.8,79.8,74,78.2,64.4,73.7,84,59.6,78.3,96,126.6,58.3,100.3,74.1,83.6,211.2,80.9,94.9,59.8,57,90.5,1547.7,83.7,58,68.6,74.6,70.9,104.1,54.3,39.6,64.3,65.9,78.6,90.3,
1989年5月,78.1,79.1,76.8,78,80.6,87.2,62.9,56.1,64.3,65,56.1,60.3,58.6,64.2,57.4,57.7,49.3,47.6,83.2,54.9,60.5,83.8,86.4,64.2,79.9,71.1,84.6,89,57.9,64.7,79.3,61.4,27.4,62.3,124.4,284.8,123.1,110.1,65.7,104.4,69.8,77.8,82,87.2,81.9,75.9,81.2,64.4,73.7,84.2,59.7,78.3,96,126.6,58.3,100.5,74.2,83.6,212.9,81,95,59.8,57,91.7,1543.6,87.8,58.1,69,74.8,71.2,104.1,54.3,39.6,64.3,66.1,78.7,91.4,
1989年6月,78,79.1,76.7,78,80.7,87.1,62.8,54.9,64.5,64.9,55.3,58.9,58.7,66.4,55.7,54.9,50.5,48.8,83.3,54.6,60.5,83.8,86.4,64.3,80.4,71.3,85.3,89.4,58.1,64.9,79.3,61.4,27.7,62.5,124.4,285.1,123.5,109.8,65.8,104.3,70,78,81.8,87.2,81.8,76.7,82.4,64.5,73.9,84.3,59.8,78.3,96.1,126.6,58.3,100.8,74.5,83.9,212.9,81,95.1,59.8,57,90.7,1541.5,84.2,58.1,68.8,74.8,71.3,104.1,54.3,39.6,64.3,66.3,78.7,90.5,
1989年7月,77.9,79.1,76.5,77.9,80.5,86.9,62.6,53.8,64.5,64.9,54.2,57,58.8,66.7,54.1,52.5,51.9,50.3,83.1,54.7,60.6,83.9,86.4,64.3,80.6,71.5,85.4,89.5,58.2,64.9,79.3,61.4,28.4,62.7,124.3,284.5,123.4,109.8,65.8,104,70,76.5,79.9,87.2,79.5,74.4,78.8,64.5,73.6,83.8,59.8,78.4,96.1,126.6,58.3,100.9,74.6,84,212.9,81,95.1,59.8,57,90.7,1535.3,84.1,58.1,68.9,74.8,71.4,104,54.3,39.6,64.3,66.5,78.7,90.6,
1989年8月,77.8,78.9,76.4,77.7,80.4,86.8,62.6,54.2,64.4,64.9,55,58.5,58.7,66.2,53.5,51.3,53,51.3,83.1,54.7,60.7,83.8,86.4,64.4,80.6,71.6,85.5,89.6,58.3,65,79.3,61.4,28.5,62.7,124.1,283.6,123.4,109.7,65.9,103.8,70.1,74.1,76.5,87.2,75.4,71.4,74.1,64.4,73.5,82.9,59.9,78.3,96.1,126.5,58.3,101,74.8,84,212.9,81,95.1,59.8,57,91.3,1527.1,84.6,58.2,69.5,74.8,71.6,104,54.4,39.6,64.3,66.5,78.7,91.1,
1989年9月,78.5,79.3,77.1,78.2,80.8,87.4,63.5,58,64.6,64.9,54.6,57.8,58.7,69.1,60.5,62.5,52.2,50.6,83.2,54.9,60.9,83.7,86.4,64.5,80.7,71.7,85.5,89.7,58.5,65,79.3,61.4,28.8,62.7,124.4,284.5,123.1,110.7,66,103.7,70.1,78.6,82.4,88,82.3,77.7,83.5,65.1,74,84.5,60,78.4,96.2,126.7,58.3,100.9,74.6,84.1,212.9,81.1,95.1,59.8,57.2,90.8,1525,84.4,58.2,68.9,74.9,71.6,104,54.5,39.6,64.3,66.6,78.8,90.6,
1989年10月,79.1,79.5,77.8,78.4,81.1,87.7,64.6,63,64.6,65,54.6,58.1,58.7,69.3,65.4,70.2,59.1,57.5,83.3,54.9,60.7,83.8,86.4,64.5,80.9,71.8,85.6,89.8,58.6,65.2,79.3,61.4,29.3,62.7,124.5,285.4,122.9,111.1,65.9,103.8,70.2,79.7,84,88.9,84,79,85.6,65.2,74.1,85.1,60,78.3,96.1,126.3,58.3,101.1,74.8,84.2,212.9,81.1,95.1,59.8,57.2,91.4,1520.9,85.8,58.3,69.3,74.9,71.7,104,54.5,39.6,64.3,66.6,78.8,91.2,
1989年11月,78.3,79.6,76.9,78.5,81.2,87.7,62.4,51.9,64.8,65.1,54.7,58.2,58.7,70.3,53.1,50.5,46.5,44.9,83.3,55,60.8,83.9,86.4,64.5,80.9,72,85.7,90,58.8,65.3,79.3,61.4,30.4,62.7,124.5,285.4,123,111.3,66,103.4,70.3,80.3,85.2,88.7,85.5,79,85.7,65.2,74.2,85.4,60.1,78.3,96.1,126,58.3,101,74.7,84.1,212.9,81.1,95.1,59.8,57.2,90.9,1525,83.9,58.2,69.2,75,71.8,104,54.6,39.6,64.3,66.8,78.8,90.7,
1989年12月,78.3,79.7,76.9,78.5,81.2,87.9,62.4,52.1,64.7,65.2,54.5,57.9,58.7,69.8,54.6,53,44.3,42.6,83.2,54.9,60.7,83.8,86.4,64.6,81.1,72.2,85.8,90.2,58.9,65.4,79.3,61.4,30.9,62.7,124.4,285.1,122.8,110.8,66,103,70.3,80.2,85,89.3,85.1,78.7,85.1,65.3,74.2,85.4,60.2,78.3,96.1,126,58.3,101.1,74.8,84.1,212.9,81.1,95.1,59.8,57.2,91.4,1525,84.9,59.7,69,74.9,71.8,103.9,54.6,39.6,64.3,66.8,78.8,91.2,
1990年1月,78.7,79.6,77.2,78.4,81.1,87.7,63.6,57.6,64.7,65.1,56.2,61,58.8,67.2,59.7,61,48.9,47.2,83.3,55.2,60.9,83.9,86.1,64.7,81.4,72.5,86.2,90.3,59.3,65.5,79.3,61.5,30.8,62.8,124.5,288.8,122.6,109.9,66.2,102.7,67.8,77.2,80.3,89.7,79.7,75.7,80.6,65.4,74,85,60.3,77.8,96.2,121.6,58.4,101.3,75,84.4,213.3,81.1,95.3,59.8,57.2,92.2,1560.5,86.3,58.4,69.8,75,71.9,103.9,54.7,39.6,64.3,66.9,78.9,91.9,
1990年2月,78.8,79.5,77.4,78.4,81,87.5,64.2,60.1,64.8,65.1,55.8,60.1,58.8,69.4,63.4,67,51.5,49.8,83,55.2,60.8,83.8,86.1,64.8,81.5,72.6,86.2,90.4,59.4,65.6,79.3,61.5,31.4,62.8,124.3,287.1,122.9,109.3,66.2,103,67.8,75.9,78.5,89.8,77.6,73.7,77.6,65.4,74.1,84.9,60.3,77.8,96.2,121.7,58.4,101.2,74.9,84.4,213.3,81.2,95.3,60.5,57.2,92.2,1565.1,87,59,69.3,75.1,71.9,103.9,55,39.6,64.3,67,79,91.8,
1990年3月,79.1,79.8,77.7,78.7,81.3,87.9,64.4,60.9,65,65.2,56.5,61.4,59,68.1,62.6,65.5,54.2,52.5,82.8,55.3,60.9,83.8,89.2,64.8,81.7,72.7,86.3,90.5,59.6,65.7,79.3,61.6,32,62.8,124,285.7,123.1,108.8,66.3,102.6,67.8,77.7,82.1,89.7,81.7,74.1,78,65.5,74.7,85.5,60.5,77.8,96.1,121.3,58.4,101.5,75.1,84.7,213.3,81.3,95.3,60.5,57.6,92.3,1554.3,87.9,58.9,69.3,75.2,72.1,103.9,55.2,39.6,64.3,67.3,79.1,92,
1990年4月,79.7,80.4,78.4,79.3,82,88.8,64.7,61.7,65.1,65.2,56.9,62,59.1,68.1,64.1,67.8,53.5,51.8,83.3,55.6,60.7,83.9,89.2,65.1,82,73,86.7,90.9,59.9,65.8,79.3,61.7,32.2,63.1,124.4,284.3,123,109,66.4,102.9,71.9,80.1,84.8,90.3,84.8,77.8,83.7,65.4,75.1,86.2,60.8,78.4,96.1,121.3,59.2,101.2,75.1,84.9,209.1,85.1,100,60.5,60.2,93.4,1549.7,85.9,58.9,71.7,75.3,72.1,103.9,55.3,39.6,64.3,67.4,82.1,93,
1990年5月,80.1,80.7,78.8,79.6,82.3,89.1,65.1,63.3,65.3,65.2,56.8,61.9,59.3,67.9,65,68.8,57.8,56.2,83.4,55.8,61,83.8,89.2,65.2,82.3,73.3,86.9,91.3,60,65.9,79.3,61.9,32.1,63.3,124.3,283.1,123.4,109.3,66.5,102.9,72.2,81.6,86.4,90.3,86.6,80.6,87.8,65.4,75.3,86.3,61,78.4,96.2,121.1,59.2,101.2,75.1,84.9,209.1,85.2,100.1,60.5,60.2,94.2,1542,87.3,59,72.4,75.3,72.3,103.7,55.5,39.6,64.3,67.4,82.1,93.6,
1990年6月,79.8,80.7,78.4,79.5,82.3,89.1,64.3,58.5,65.4,65.2,55.8,60.1,59.9,68.5,57.1,56,59.4,57.8,83.4,55.9,61.2,83.8,89.2,65.3,82.6,73.5,87.3,91.4,60.4,66,79.3,62.1,32.2,63.3,124.1,281.2,123.5,109.7,66.6,103,72.3,81.4,86.1,90.4,86.3,80.3,87.2,65.8,75.6,86.5,61,78.4,96.2,121.4,59.3,101.2,74.9,84.9,209.1,85.2,100.2,60.5,60.2,93.1,1535.9,84.7,59,71.9,75.3,72.4,103.6,55.6,39.6,64.3,67.5,82.1,92.7,
1990年7月,79.7,80.7,78.3,79.5,82.3,89,64.2,57.1,65.6,65.4,56,60.3,60.3,67.9,59,58.9,50.7,49,84.1,56,61.2,83.9,89.2,65.4,82.8,73.7,87.5,91.7,60.5,66.1,79.3,62.4,32.2,63.3,123.9,279.8,123.5,109.6,66.7,103,72.3,80,84.1,90.3,84,78.2,84,65.8,75.7,86.1,61.2,78.4,96.3,121.3,59.3,101.3,75.2,84.9,209.1,85.2,100.2,60.5,60.2,93.4,1535.9,85.3,59.1,72.2,75.3,72.5,103.3,55.6,39.6,64.3,67.6,82.1,93,
1990年8月,80,80.7,78.6,79.5,82.3,88.9,65.1,60.6,65.8,65.5,57.4,62.5,60.5,69.4,62.4,64.3,53.6,51.9,85.3,56.1,61.7,84,89.2,65.5,82.9,73.8,87.6,91.8,60.6,66.2,79.3,62.6,32.3,63.3,123.8,278.9,123,108.9,66.9,103.1,72.3,77.6,80.9,90.4,80.2,74.9,79.1,65.8,75.8,85.5,61.2,78.4,96.2,121.3,59.3,101.4,75.3,85,209.1,85.2,100.2,60.5,60.2,94.8,1534.3,87,59.3,73.3,75.4,72.6,103.3,55.7,39.6,64.3,67.6,82.2,94.2,
1990年9月,80.6,81.3,79.2,80.1,82.9,89.5,65.8,62.7,66.3,65.9,57.7,62.7,60.8,73.2,64.7,67.8,56.3,54.7,86.3,56.5,62,84.1,89.2,65.6,83,74,87.7,91.9,60.7,66.4,79.3,62.7,33.3,63.3,124.1,279.2,123.7,110.1,66.9,103.6,72.5,82,86.5,91,86.6,81.1,87.9,66.6,77.1,86.5,61.3,78.4,96.2,121.3,59.3,101.4,75,85.3,209.1,85.2,100.2,60.5,60.2,93.7,1534.3,86,59.3,72.2,75.6,72.7,103.3,56.4,39.6,64.3,67.9,82.2,93.1,
1990年10月,81.5,81.8,80.2,80.6,83.1,89.8,67.1,68.4,66.5,66.3,57.6,62.2,60.9,72.1,70.6,77.2,64.8,63.2,87.7,56.7,62.6,84.1,89.2,65.8,83.3,74.1,87.9,92.1,61,67.7,79.3,63.1,41.9,63.3,124,278.1,124.2,110.3,67.1,103.5,72.5,83.3,88.4,91.3,88.8,82.3,89.8,66.6,77.6,87.3,61.3,78.5,96.5,121.4,59.3,102.9,75.2,87.6,209.1,85.2,100.2,60.5,60.3,93.8,1523.6,85.8,59.4,72.5,75.7,72.7,103.3,56.6,39.6,64.3,70.9,82.2,93.2,
1990年11月,81.3,82.1,80,80.9,83.4,90,66.1,62,66.8,66.9,57.3,61.6,60.9,73.3,66.1,69.5,53.1,51.4,89.1,57.1,62.8,84.4,89.3,65.9,83.7,74.4,88.3,92.4,61.3,68.6,79.3,64.4,45.5,63.3,124.1,277.8,124.5,110.2,67.3,103.7,72.7,83.8,89.6,91.6,90.1,82.2,89.6,66.6,77.7,87.5,61.6,78.6,97.1,121.3,59.3,103.6,75.4,88.4,209.1,85.2,100.2,60.5,60.3,94,1512.8,86.3,59.4,72.6,75.8,72.9,103.4,56.7,39.6,64.3,72.3,82.3,93.4,
1990年12月,81.3,82.3,79.8,81.1,83.5,90.2,65.7,58.4,67.1,67,57.8,62.2,60.9,73.7,62,62.5,48.7,46.9,89.7,57.2,63.5,84.4,89.3,66.1,83.8,74.7,88.6,92.5,61.6,68.9,79.3,65.2,45.5,63.6,124.3,277.2,124.6,109.8,67.7,103.7,72.8,83.8,89.6,91.7,90.1,81.8,89,66.6,78,87.5,61.9,78.6,97.5,121.1,59.3,103.7,75.6,88.4,209.3,85.2,100.2,60.5,60.3,94.1,1503.6,86.5,61.4,72.1,75.9,73.1,103.3,56.7,39.6,64.3,72.5,82.3,93.5,
1991年1月,81.8,82.2,80.5,81,83.5,90,67.5,67.8,67.1,67.1,59,64.5,61.1,72,72.4,79.2,57.7,56,90.2,57.5,63.8,84.5,89.3,66.3,84,74.9,88.7,92.7,61.9,68.7,79.3,65.3,43.9,63.6,124.3,276.7,124.9,109.5,68.1,104,72.8,80.5,84.1,92,83.8,78.5,84.2,66.6,77.9,87,62.1,78.5,97.6,120.2,59.3,103.5,75.8,88.1,209.3,85.2,100.2,60.5,60.3,95.6,1505.1,88.8,59.5,74.1,75.9,73.2,103.4,56.5,39.6,64.3,72,82.4,94.7,
1991年2月,81.6,82,80.2,80.8,83.4,89.7,67.4,66.1,67.4,67.1,58.8,63.8,61.2,73.9,70.7,76.1,56.2,54.4,90.4,57.6,63.7,84.8,90,66.5,84.2,75.1,88.8,92.8,62.2,68.5,79.3,65.4,42.1,63.6,124.4,275.8,125,109.4,68.5,104.4,72.8,79.1,82.2,91.9,81.5,76.5,81.2,66.5,78.3,86.9,62.4,78.5,97.8,120,59.3,103.2,75.6,87.6,210.1,85.6,100.2,65.4,60.3,94.8,1529.7,88.7,60,72.4,76.2,73.4,103.4,57.6,39.6,64.3,71.3,82.9,93.9,
1991年3月,82,82.3,80.6,81.2,83.8,90.3,67.8,66.8,67.7,67.1,59.1,64.1,61.2,77.5,71.3,76.5,58.3,56.4,90.7,57.8,63.8,84.9,90.4,66.6,84.2,75.2,88.9,93,62.3,68.2,79.3,65.3,40.1,63.6,124.5,275.5,124.9,109.5,68.9,104.5,72.9,81.2,86,92.1,85.9,77.1,82,66.8,79.2,87.9,62.7,78.6,98,120.1,59.3,103,75.8,87,210.3,85.8,100.2,65.4,61.2,95.1,1529.7,90,60,72.5,76.5,73.5,104.2,57.7,39.6,64.3,70.6,83.2,94.3,
1991年4月,82.5,82.8,81.1,81.7,84.3,90.9,68.1,67.8,67.9,67.2,59.7,64.9,61.2,74.2,72,77.1,59.9,57.9,90.6,57.9,64,85.5,90.7,66.8,84.5,75.5,89.1,93.1,62.8,67.9,79.3,65.2,38.5,63.8,124.8,275.8,124.6,109.4,69.3,104.6,73.3,83.5,88.7,92.5,88.9,80.6,87.3,66.6,79.5,88.7,63,78.7,98.2,120.6,59.4,102.1,75.8,86.3,205.1,89.1,104.4,65.4,63.3,96.2,1534.3,89.9,60.5,74,76.6,73.9,104.3,57.8,39.6,64.3,70,85.8,95.2,
1991年5月,82.9,83.1,81.5,82,84.8,91.5,68.3,68.5,68,67.2,58.9,63,61.4,72.8,70.6,74.6,68.2,66.2,90.8,58,64.3,85.6,90.8,67,84.8,75.8,89.5,93.4,63.1,67.9,79.3,65.1,38.3,63.8,125.1,275.5,125,109.5,69.7,105,73.5,85.4,91.1,92.7,91.6,83.5,91.3,67.1,79.9,88.9,63.3,78.7,98.3,120.3,59.4,102.1,75.8,86.3,205.1,89.2,104.6,65.4,63.3,96.7,1538.9,90.7,60.6,74.2,76.7,74.2,104.2,57.9,39.6,64.3,69.8,86,95.6,
1991年6月,82.5,83.2,81.1,82,84.8,91.5,67.5,63.7,68.1,67.2,58.6,62.1,61.6,72.1,64.9,65.1,64.5,62.5,90.8,58.1,64.9,85.6,90.8,67.2,85.2,76.2,89.9,93.8,63.4,67.9,79.3,65,38.2,63.8,125.2,275.5,124.9,109.7,70,105.4,73.5,85.5,91.1,93,91.6,83.7,91.5,67.4,80.2,88.9,63.4,78.7,98.3,120.3,59.4,102,75.7,86.3,205.1,89.2,104.6,65.4,63.3,96.1,1537.4,88,60.7,74.4,76.8,74.4,104.2,58.1,39.6,64.3,69.8,86,95,
1991年7月,82.5,83.2,81,81.9,84.8,91.4,67.5,63.3,68.2,67.2,58.8,62.1,61.8,71.7,68.2,70.6,56.3,54.1,90.7,58,65,85.7,90.8,67.3,85.6,76.5,90.1,94.1,63.7,67.9,79.3,65,38.1,63.8,125.2,275.8,124.6,109.3,70.3,105.5,73.6,83.7,88.8,93,88.9,81.1,87.7,67.4,80.1,88.4,63.5,78.8,98.4,120.6,59.4,102.4,75.9,86.8,205.1,89.2,104.6,65.4,63.3,96.2,1529.7,88.3,60.7,74.4,76.9,74.7,104.2,58.1,39.6,64.3,69.7,86,95.1,
1991年8月,82.6,83.1,81.2,81.9,84.8,91.1,68.3,66.7,68.3,67.2,59.8,63.8,62,71.8,71.2,75.2,60,57.9,90.5,58,65.3,85.9,90.8,67.4,85.6,76.6,90.3,94.2,63.9,67.9,79.3,65.1,38.1,63.8,125.1,275.2,124.6,109,70.3,105.2,73.6,81.2,85.2,93,84.8,77.9,82.8,67.5,79.9,88,63.6,78.8,98.5,120.7,59.4,102.5,76,86.8,205.1,89.2,104.6,65.4,63.3,97,1515.9,90.1,60.8,75.1,77,74.9,104.2,58.1,39.6,64.3,69.6,86,95.8,
1991年9月,82.8,83.6,81.3,82.3,85.2,91.8,67.7,63.5,68.5,67.3,58.3,61.1,62,72.5,68.8,71.3,57.2,55,90.9,58.2,65.4,86,90.8,67.5,85.8,76.7,90.4,94.4,64.1,67.9,79.3,65.1,38,63.8,125.5,275.8,125,110.5,70.3,105.2,73.7,86.3,91.7,94,92.2,85.5,93.1,69.5,80.5,89.4,63.7,78.8,98.6,120.6,59.4,102.4,75.7,86.8,205.1,89.2,104.6,65.4,63.3,95.9,1512.8,87.9,60.7,74.4,77,75,104.2,58.1,39.6,64.3,69.6,86,94.8,
1991年10月,83.7,83.8,82.2,82.6,85.4,92.2,69.4,71.7,68.5,67.4,58.9,62.1,62,73.5,78.7,87.4,64.6,62.4,90.8,58.4,65.1,86,90.9,67.6,86,76.9,90.5,94.5,64.3,67.9,79.3,65.1,38.1,63.8,125.7,276.7,125.3,110.6,70.5,105.3,73.7,87.4,93,94.9,93.6,86.4,94.1,70.2,80.6,91,63.8,78.7,98.6,120.6,59.2,102.5,75.9,86.9,205.1,89.2,104.5,65.4,63.3,96.6,1522,90.1,60.8,74.5,77.2,75.4,104.2,58.1,39.8,64.3,69.6,86,95.6,
1991年11月,83.8,84,82.4,82.7,85.6,92.4,69.6,71.8,68.7,67.5,59.4,62.5,62.1,74.4,79.3,88,63.5,61.3,90.8,58.4,65.2,85.9,90.9,67.7,86.1,77,90.6,94.5,64.5,67.9,79.3,65.1,38.7,63.9,126,276.4,126.1,110.9,70.7,105.6,73.7,88,94.3,95,95,86.4,94.1,70.3,80.9,91.2,64.1,78.7,98.7,120.8,59.2,102.5,75.8,87,205.3,89.2,104.5,65.4,63.3,97,1519,91,60.9,74.7,77.3,75.6,104.2,58.3,39.8,64.3,69.8,86,95.8,
1991年12月,83.4,84.1,82,82.9,85.8,92.5,68.4,64.9,68.9,68.2,59.8,63,62.1,73.3,68.2,69.7,61.8,59.6,90.9,58.7,65.4,86.3,90.9,67.8,86.2,77.3,90.7,94.6,64.8,68,79.3,65.1,38.9,63.9,125.9,275.2,126.2,110.9,70.9,105.4,73.7,87.9,94,95.2,94.6,86.2,93.8,70.5,81.1,91.4,64.2,78.7,98.7,120.8,59.2,103.1,77.2,87.1,205.3,89.2,104.5,65.4,63.3,97,1515.9,90.5,62.8,74.2,77.5,76.1,104.8,58.3,39.8,64.3,69.9,86,96,
1992年1月,83.3,83.9,81.8,82.6,85.5,92,68.7,66.3,68.9,68.5,60.7,64.5,62.3,69.9,67.7,68.7,66,63.9,91.1,58.8,65.6,86.3,90.9,68.1,86.4,77.5,90.9,94.8,65.1,68,79.3,65.1,38.8,64,125.7,275,126.5,110.1,71.1,105.4,73.7,83.7,87.3,95.2,87,82,87.5,70.5,80.8,90.7,64.4,79.3,98.6,121.2,60,103.3,77.3,87.4,205.3,89.2,104.5,65.4,63.3,97.3,1511.3,90.5,63.7,74.5,77.5,76.3,104.7,58,39.8,64.3,69.8,86,96.3,
1992年2月,83.2,83.9,81.7,82.6,85.6,92,68.5,64.7,69.1,68.8,60.6,63.8,62.3,69.8,66.7,66.9,63.5,61.3,91.3,59,65.6,86.4,90.9,68.2,86.6,77.6,91,94.9,65.2,67.9,79.3,65.1,38,64.1,125.9,274.1,127.7,110,71.3,105.4,73.7,82.6,86.1,95.2,85.5,80,84.5,70.5,80.8,90.8,64.5,79.2,98.7,121.1,60,103.2,77.3,87.2,205.3,89.2,104.5,65.4,63.3,98,1519,90.8,66,74.5,77.6,76.5,104.7,58.3,39.8,64.3,69.5,86.4,96.9,
1992年3月,83.6,84.2,82,83,85.9,92.6,68.7,65.1,69.2,68.9,60.2,62.9,62.4,70.3,66.2,65.9,67.1,64.9,91.3,59,65.7,86.9,90.9,68.3,86.7,77.8,91.1,95,65.4,67.9,79.3,65.2,37.8,64.1,125.9,274.1,127.8,109.5,71.5,105.3,73.7,84.8,90,95.2,90,81.1,85.9,70.9,81.4,91.8,64.9,79.3,98.6,121.1,60,103.2,77.4,87.1,205.3,89.3,104.5,65.4,63.7,98.4,1519,91.5,66.2,74.8,77.8,76.7,104.7,58.4,39.8,64.3,69.4,86.4,97.2,
1992年4月,84.5,84.9,83.1,83.7,86.7,93.6,69.5,68.6,69.4,69,60.8,63.8,62.5,69.3,71.2,74.1,68.3,66.1,91.2,59.2,65.9,89.2,90.8,68.6,87.2,78.5,91.7,95.7,66.2,68,79.3,65.2,37.4,64.7,126.4,274.4,128.8,109.7,71.7,105.2,75.6,87.2,92.6,95.3,93.1,85.1,91.9,70.9,81.6,92.5,65.4,81.1,98.5,121.4,62.6,103.2,77.6,86.9,205.3,93,109.1,65.4,66,99.3,1522,91.6,66.3,76.1,78,77.3,104.6,58.7,39.8,64.9,69.2,89.5,98,
1992年5月,84.5,85.3,83.1,84,87.1,94,69.1,66.2,69.5,69,60.5,62.9,62.4,68.9,66.4,66.2,70.9,68.8,90.9,59.1,66.2,89.9,90.8,68.8,87.6,78.9,92.1,96.3,66.4,68,79.3,65.2,37.3,64.8,126.6,275.2,129.2,109.6,71.9,105,76,88.6,94.7,95.7,95.5,86.7,94.1,71.1,81.7,92.4,65.4,81.1,98.8,121.6,62.6,103.2,77.6,87,205.3,93.1,109.2,65.4,66,99.6,1520.5,91.7,66.4,76.5,78.1,77.7,104.6,58.8,39.8,64.9,69.1,89.5,98.3,
1992年6月,84.5,85.3,82.9,84,87.1,94.1,68.7,63.3,69.6,69.1,59.7,61.3,62.3,69,66.1,65.5,63.8,61.6,91.7,59.2,66.3,90.2,90.8,68.9,88,79.2,92.4,96.7,66.7,68.1,79.3,65.2,37.3,65,126.6,275,129.5,109.7,72,105,76,88.7,94.4,95.6,95.1,87.5,95.1,71.4,81.7,92.4,65.6,81.2,98.8,121.7,62.7,103.2,77.6,87,205.3,93.1,109.2,65.4,66,99.4,1523.6,90.5,66.5,76.6,78.1,77.9,104.5,58.8,39.8,64.9,69.1,89.5,98.1,
1992年7月,83.8,85.1,82.2,83.8,86.9,93.7,67.7,58,69.7,69.2,59.2,60.3,62.5,68.5,62.1,58.7,54.8,52.5,91.7,59.2,66.4,90.3,90.8,69.1,88.2,79.4,92.6,96.8,67,68.1,79.3,65.3,37.2,65,126.6,275,129.3,109.5,72.1,104.8,76,86,91,95.6,91.1,84,90,71.3,81.2,91.4,65.7,81.2,98.7,121.6,62.7,102.7,77.8,87,198.8,93.1,109.2,65.4,66,99.3,1523.6,89.8,66.5,76.7,78.1,78.1,104.6,58.5,39.8,64.9,69.1,89.5,98,
1992年8月,84.1,85,82.5,83.7,86.8,93.6,68.5,61.7,69.8,69.2,60.7,63,62.4,68.4,65,63.3,58.5,56.2,91.5,59.2,66.7,90.3,90.8,69.1,88.3,79.5,92.7,96.9,67.1,68.1,79.3,65.3,37.3,65,126.7,275.5,129.7,109.4,72.1,104.5,76.1,83.8,87.9,95.7,87.6,81.1,85.8,71.3,80.9,90.7,65.7,81.1,98.7,121.4,62.7,102.8,77.9,87,198.8,93.1,109.2,65.4,66,100.4,1512.8,91.7,66.6,77.5,78.3,78.2,104.6,58.8,39.8,64.9,69.1,89.5,98.9,
1992年9月,84.5,85.4,83,84.2,87.2,94.1,68.7,62.4,69.9,69.4,59.1,60.1,62.4,69.1,67.7,67.8,59.3,57,91.4,59.2,66.8,90.4,90.8,69.3,88.4,79.6,92.8,97,67.2,68.1,79.3,65.4,37.6,65,127,276.1,129.9,110.8,72.1,104.5,76.2,88.2,93.5,97.1,93.8,87.4,94.7,72,81.8,91.9,65.8,81.2,98.7,121.6,62.7,102.9,77.6,87.4,198.8,93.1,109.2,65.4,66,99.8,1511.3,91.3,66.8,76.8,78.4,78.4,104.6,58.9,39.8,65,69.4,89.6,98.3,
1992年10月,84.5,85.6,83,84.2,87.4,94.4,68.5,61.4,69.8,69.5,59.4,60.7,62.5,71.1,64.7,62.8,61.1,58.8,91.4,59.3,66.9,90.5,90.8,68.5,88.6,79.8,93,97.3,67.5,68.3,79.3,65.4,38.1,65.5,127.2,276.9,129.9,111.1,72.1,104.5,76.2,89.1,94.4,96.8,94.9,88.4,96.1,72.1,81.9,93.6,65.9,81.2,98.8,121.6,62.7,103.1,77.8,87.6,198.8,93.1,109.2,65.4,66,99.6,1505.1,90.1,66.8,77.1,78.4,78.5,104.6,59,39.8,65,69.6,89.6,98.3,
1992年11月,84.4,85.7,82.8,84.4,87.6,94.5,67.8,57,70.1,69.9,59.5,60.8,62.3,70.8,60.2,55.2,55.1,52.6,91.2,59.4,67,90.5,90.8,69.4,88.7,80.1,93.1,97.4,67.7,68.4,79.3,65.4,38.4,65.5,127.2,276.9,129.7,111.1,72.2,104.7,76.3,89.5,95.3,96.8,96,88.3,95.9,72.3,82.2,93.7,66,81.2,98.8,121.6,62.7,103.2,77.8,87.7,199,93.1,109.2,65.4,66,99.6,1497.4,90,67,77.2,78.4,78.6,104.5,59,39.8,65,69.8,89.6,98.3,
1992年12月,84.4,85.8,82.8,84.5,87.6,94.6,67.7,55.9,70.2,70,60.1,61.7,62.3,70.8,59.7,54.5,50.9,48.5,90.9,59.5,67,90.4,90.8,69.5,89,80.3,93.3,97.6,68,68.4,79.3,65.5,38.6,65.5,127,275.8,130.2,110.9,72.3,104.3,76.3,89.1,94.7,97,95.2,87.8,95.2,72.2,82.2,93.7,66.2,81,98.8,121.2,62.7,103.4,78.1,87.8,199,93.1,109.2,65.4,66,100.1,1489.7,91.4,69.4,76.5,78.5,78.9,104.5,59,39.8,65,69.8,89.6,98.6,
1993年1月,84.3,85.3,82.7,83.9,87.1,93.8,68.7,61.1,70.2,70,61.1,63.6,62.4,69.3,65.3,63.5,55.4,53,91.4,59.6,66.8,90.8,90.8,69.6,89,80.4,93.4,97.7,68.3,68.4,79.3,65.5,38.7,65.5,127,276.1,130,110.6,72.5,104.1,76.3,83.9,86.7,96.8,86.1,82.3,87.2,71.9,81.7,92.6,66.4,80.9,98.7,121,62.7,103.5,78.2,87.9,199,93.2,109.2,65.4,66.5,99.7,1485.1,92.1,66.5,76.8,78.7,79.1,104.5,58.8,39.8,75.7,69.8,89.8,98.3,
1993年2月,84.4,85.3,82.8,83.9,87.1,93.7,69,62.2,70.3,70.1,61,63.5,62.3,70.8,67,66.3,55.7,53.3,91.4,59.7,67.1,90.6,90.8,69.7,89.2,80.6,93.5,97.8,68.4,68.4,79.3,65.5,38.6,65.5,127,275.5,130,110.5,72.4,104.2,76.3,82.6,85.1,96.5,84.2,80.3,84.5,71.6,81.6,91.9,66.5,81,98.7,121.2,62.7,103.5,78.2,87.9,199,93.2,109.2,65.4,66.5,100.1,1482.1,93.2,67.2,76.7,78.7,79.2,104.4,58.9,39.8,75.7,69.8,89.8,98.6,
1993年3月,84.6,85.6,83.1,84.2,87.4,94.1,69,62.6,70.2,70.1,60.7,62.8,62.2,70,67.1,66.3,58.1,55.8,90.9,59.7,67.2,90.7,90.8,69.7,89.4,80.8,93.7,98,68.7,68.4,79.3,65.5,38.6,65.5,126.9,275,130.5,110,72.5,104.1,76.3,85,89.5,96.3,89.3,81.1,85.4,71.8,82.3,93,66.7,81.1,98.8,121.3,62.7,103.5,78.3,87.9,199,93.4,109.2,65.4,67.1,100.4,1497.4,93.3,67.2,76.9,78.8,79.4,104.4,59,39.8,75.7,69.8,89.9,98.9,
1993年4月,85.2,86.1,83.5,84.8,88,95,69.1,62.6,70.3,70.1,60.8,63.2,62.1,68.9,68.1,67.7,56,53.7,91.4,59.8,67.3,90.7,90.8,70,89.6,81.1,93.9,98.3,69,68.7,79.3,65.5,38.4,67.1,126.7,274.4,129.7,109.8,72.5,104,77.4,87.5,92.5,97,92.7,85.2,91.5,72.2,82.5,93.7,67,81.5,98.7,121.2,63.5,103.4,78.3,87.7,199,96.6,113.8,65.4,68.4,100.8,1488.2,91.8,67.3,78.2,79,79.7,104.8,58.9,39.8,76.9,69.8,92.4,99.3,
1993年5月,85.3,86.3,83.7,85,88.2,95.3,69,61.9,70.4,70.1,60.1,61.6,62,70,67.3,66.5,57.2,54.9,91,59.8,67.2,90.7,90.8,70.1,89.9,81.4,94.3,98.7,69.2,68.7,79.3,65.6,38.3,67.2,126.4,272.7,129.5,109.9,72.6,103.3,77.5,88.7,93.9,97.2,94.3,87.6,94.9,72.2,82.6,93.7,67,81.6,98.7,121.7,63.5,103.4,78.3,87.8,199,96.9,113.9,69.2,68.4,100.9,1488.2,91.7,67.4,78.5,79,79.9,104.8,58.9,39.8,76.9,69.7,92.6,99.4,
1993年6月,85.2,86.4,83.6,85,88.3,95.3,68.7,60.3,70.3,69.9,59.1,60,61.8,69.3,66.6,65.3,55,52.8,91.3,59.8,67.2,90.5,90.8,70.1,90.1,81.6,94.5,99,69.3,68.9,79.3,65.6,38.3,67.7,126.2,271.9,129.8,109.3,72.6,103.4,77.6,88.8,93.9,97.4,94.2,87.9,95.1,72.7,82.4,93.7,67.1,81.6,98.7,121.8,63.5,103.4,78.2,87.8,199,96.9,114,69.2,68.4,101.2,1483.6,92.3,67.4,78.6,79.3,80,105.7,59.1,39.8,76.9,69.7,92.7,99.5,
1993年7月,85.4,86.1,83.8,84.7,88,95.1,69.6,65.4,70.4,69.8,58.6,59,61.8,69.1,76.2,80.8,54.8,52.5,91,59.9,67.3,90.8,90.8,70.2,90.4,81.7,94.7,99.1,69.5,68.9,79.3,65.6,38.2,67.8,126,271.6,128.9,108.6,72.7,103,77.6,86.2,90.5,97.4,90.4,84,89.4,72.6,81.9,92.4,67.3,81.6,98.7,121.4,63.5,103.6,78.5,87.9,199,96.9,114,69.2,68.4,101,1466.7,92.4,67.5,78.4,79.3,80,105.8,58.9,39.8,76.9,69.6,92.7,99.5,
1993年8月,85.7,86.1,84,84.6,88,94.9,70.5,70.2,70.3,69.8,59.7,61.2,61.7,68.2,82.6,91,56.1,53.8,91.1,59.8,67.4,90.6,90.8,70.2,90.4,81.8,94.8,99.2,69.6,68.9,79.3,65.6,38.1,67.8,125.9,271.6,128.8,108,72.7,102.8,77.7,84,87.5,97.4,86.8,81.3,85.3,72.8,81.6,91.8,67.3,81.5,98.6,121.4,63.5,103.7,78.8,88,199,96.9,114,69.2,68.5,101.9,1460.5,93.6,67.8,79.1,79.3,80.3,105.9,58.8,39.9,76.9,69.6,92.7,100.2,
1993年9月,85.7,86.4,84.1,85,88.3,95.4,70.1,67.7,70.4,69.9,57.9,58.3,61.7,68.6,82.1,90.1,52.2,50,90.8,59.8,67.5,90.9,90.8,70.3,90.6,82,95,99.3,69.8,68.9,79.3,65.6,37.9,67.9,126,271.3,129.4,108.8,72.9,102.5,77.7,87.9,92.3,97.5,92.4,87.3,93.9,73.2,82.3,93,67.4,81.4,98.6,121.1,63.5,103.6,78.5,88,199,96.9,114,69.2,68.5,101,1457.5,92.4,67.7,78.4,79.4,80.4,105.9,58.9,39.9,77.1,69.5,92.7,99.4,
1993年10月,85.7,86.5,84,85.1,88.5,95.6,69.5,63.9,70.6,71.1,58.9,60.1,61.5,69.6,72.6,74.5,55.9,53.7,90.9,59.9,67.7,90.8,90.7,70.3,90.8,82.1,95.2,99.5,69.9,68.8,79.2,65.6,37.7,67.9,125.9,270.2,129.5,109.3,73,102.3,77.7,88.7,93.6,97.8,93.8,87.9,94.8,73.3,82.3,93.9,67.4,81.2,98.7,120.3,63.5,103.8,78.6,88,200.7,96.9,114,69.2,68.5,101.3,1439,93.3,67.7,78.7,79.5,80.5,106,58.9,39.9,78,69.4,92.7,99.6,
1993年11月,85.2,86.5,83.5,85.1,88.5,95.5,68.5,57.3,70.8,73.6,59.2,60.6,61.5,69.1,63.1,59,51.4,49.1,90.7,59.9,67.5,90.8,90.7,70.4,90.9,82.3,95.2,99.7,70.1,68.1,78,65.1,37.3,68.1,125.6,269,129.5,108.9,72.9,102.1,77.7,89,94,97.7,94.4,87.8,94.5,73.7,82.3,94.2,67.5,81.2,98.8,120,63.5,102.6,78.5,87.9,187.4,96.9,114,69.2,68.5,101.1,1434.4,92.9,67.7,78.7,79.6,80.6,106.3,58.9,39.9,78,68.7,92.8,99.5,
1993年12月,85.3,86.5,83.5,85,88.5,95.4,68.8,59,70.9,73.9,59.5,61.2,61.4,69,67.6,66.3,47.6,45.3,90.3,60.1,67.7,90.8,90.6,70.4,91.1,82.4,95.4,99.8,70.2,68.1,78,64.9,37.2,68.1,125.1,267.1,129.2,108,72.9,101.9,77.7,88.3,93.2,98.5,93.3,87.1,93.6,73.5,82.1,94.3,67.7,81.3,98.7,120.2,63.5,102.6,78.7,87.9,187.4,96.9,114,69.2,68.5,100.9,1422.1,93,68.5,78.1,79.6,80.8,106.2,58.8,39.9,78,68.6,92.8,99.4,
1994年1月,85.3,86.1,83.6,84.6,88.1,94.8,70.1,65.4,70.9,73.9,60.6,63.3,61.4,67.7,74.5,77.5,53.3,51,90.4,60.1,67.6,91.1,90.6,70.6,91.2,82.6,95.6,99.9,70.3,68.1,78,64.9,37.1,68.2,124.9,265.7,129.4,107.5,72.9,101.8,77.7,83.5,85.7,98.3,84.6,82.1,86.3,73.1,81.4,92.9,67.7,81.3,99,120.1,63.5,102.7,78.8,87.9,187.4,96.9,114,69.2,68.5,101.2,1414.4,93.4,69.4,78.3,79.6,80.9,106.3,58.6,39.9,78,68.6,92.8,99.6,
1994年2月,85.3,86.1,83.5,84.5,88,94.6,70.4,66.5,71,74,60.5,63.2,61.3,69.8,75.4,78.7,55.8,53.5,91,60.2,67.7,91.1,90.6,70.7,91.4,82.6,95.9,100,70.3,68.1,78,64.9,37,68.2,124.3,263.7,128.8,106.4,72.9,101.4,77.7,81.7,83.2,97.9,81.8,80,83.4,72.9,81.4,92.2,67.7,81.1,99,119.6,63.5,102.9,78.7,87.9,190.6,96.9,114,69.2,68.5,101.2,1411.3,93,70.4,78,79.6,81,106.3,58.7,39.9,78,68.5,92.8,99.6,
1994年3月,85.7,86.4,84,84.8,88.4,94.9,70.9,67.1,71.4,77.1,60.2,62.8,61.2,70.5,75,77.9,59.4,57.3,90.5,60.2,67.8,91,90.6,70.8,91.5,82.7,95.9,100.2,70.4,68.1,78,64.9,37,68.3,124,262.6,129.1,106.1,73,101,77.7,84.1,87.8,97.8,87.1,80.7,84.3,73.3,81.7,93.1,67.8,81,99,119.4,63.5,103,79,87.9,190.6,96.9,114,69.2,68.5,101.2,1400.6,93,70.7,78,79.6,81.1,106.2,58.8,39.9,78,68.5,92.8,99.6,
1994年4月,85.9,86.9,84.1,85.4,89,95.8,70,62,71.5,78.4,59.9,62.4,61.1,69.9,68.7,67.4,55.2,53.1,90.8,60,67.8,91.1,90.7,70.9,91.7,83,96,100.5,70.8,68.3,78,64.9,36.9,69.1,123.9,261.7,129.1,106.2,72.9,100.7,78.6,86.6,90.5,97.7,90.2,85.5,91.1,73.5,81.8,94.1,68,81.7,98.8,119,64.6,102.9,79,87.6,191.4,99.7,117.9,69.2,69.3,101.9,1414.4,92.7,70.8,79,79.7,81.3,106.3,58.7,39.9,79.4,68.4,94.9,100.3,
1994年5月,86,87.2,84.3,85.7,89.3,96.2,69.8,60.5,71.7,78.6,59.3,61.3,61.1,68.7,65.7,62.5,57.3,55.3,90.2,60,67.9,91.1,93.3,71,91.9,83.2,96.3,100.8,70.9,68.3,78,64.9,36.8,69.4,123.9,261.4,129.1,105.6,73.1,100.7,78.6,87.9,92.1,97.7,92.1,87.6,94.3,73.5,81.7,94.3,67.9,81.6,98.9,119,64.6,102.9,78.9,87.6,191.4,99.8,118.1,69.2,69.4,102.4,1408.3,92.2,70.9,80,79.8,81.3,106.6,58.5,39.9,79.4,68.4,95.1,100.3,
1994年6月,85.7,87.1,83.9,85.6,89.2,96.2,69,56.7,71.5,77.8,57.7,58.4,61.1,68.2,64,59.8,50.9,48.8,90.2,60,67.9,91.1,93.4,71.1,92.2,83.4,96.5,101,71.1,68.5,78,64.9,36.8,70.5,123.6,260.9,128.9,105.4,73.1,100.5,78.8,87.7,91.6,97.7,91.5,87.6,94.1,73.8,81.6,94.4,68,81.6,98.8,119.1,64.6,102.8,78.8,87.6,191.6,99.8,118.1,69.2,69.4,102.1,1397.5,91.7,71.3,79.8,79.8,81.6,106.6,58.5,39.9,79.4,68.3,95.1,99.9,
1994年7月,85.3,86.8,83.5,85.3,88.9,95.7,68.6,55.5,71.4,76.9,56.8,57,61,67.7,62.8,57.7,51.4,49.3,89.8,60.1,67.8,91.2,93.5,71.1,92.3,83.6,96.6,101.1,71.3,68.5,78,64.9,36.7,70.6,123.3,260,128.6,104.9,73.1,99.7,78.9,85,88.3,97.6,87.7,83.5,88.2,73.6,81.1,93,68.1,81.6,98.8,118.9,64.6,102.8,79,87.4,191.6,99.8,118.1,69.2,69.4,102.1,1385.2,91.8,71.3,79.8,79.7,81.7,106.5,58.1,39.9,79.4,68.3,95.1,100,
1994年8月,85.7,86.7,83.9,85.1,88.8,95.5,69.9,62.4,71.4,76,58.2,59.5,61,67.8,68.9,67.8,59.5,57.6,90.3,60.1,67.9,91.1,93.5,71.2,92.3,83.7,96.7,101.2,71.3,68.6,78,64.9,36.7,71,123.1,260,128.1,104.5,72.9,99.1,78.9,82.5,85,97.6,83.9,80.2,83.3,73.5,80.7,92.4,68.1,81.7,98.8,119.1,64.6,102.8,79.1,87.3,191.6,99.8,118.1,69.2,69.4,103.4,1376,94.7,71.9,80.3,79.7,81.8,106.4,58.1,39.9,79.4,68.2,95.1,101,
1994年9月,85.9,86.9,84.1,85.2,89,96.2,69.6,63.6,70.7,72.6,57.2,57.8,61.2,69.7,72.3,73.3,59.3,57.4,90.1,59.9,67.8,91,93.5,70.2,92.7,83.7,97.1,101.3,71.4,68.6,78,64.9,36.6,71,123.3,260,128.2,105.3,73.1,98.9,78.9,86.8,90.1,97.4,89.9,86.9,93,74.1,81.4,93.7,68.2,81.6,98.8,118.7,64.6,102.7,78.8,87.3,191.6,99.9,118.1,69.2,69.4,102.6,1360.6,93.6,71.7,79.9,79.9,81.9,106.4,58.5,39.9,79.7,68.1,95.1,100.4,
1994年10月,86.3,86.9,84.5,85.4,89,96.4,70.5,67.7,70.8,70.5,57.6,58.6,61.1,70.1,76.6,80.4,63.7,61.9,89.8,59.9,68.1,91,93.4,71.2,92.8,83.9,97.2,101.6,71.5,68.6,77.9,64.9,36.6,71.1,123.1,259.2,128.7,105.9,73.1,98.6,78.9,87.5,91.1,97.4,91.1,87.7,94.2,74.3,81.4,93.9,68.2,81.7,98.8,118.7,64.8,102.7,78.9,87.3,191.6,99.9,118.1,69.2,69.4,102.4,1345.2,92.2,71.7,80.3,79.9,82,106.4,58.4,39.9,79.7,68,95.1,100.2,
1994年11月,86.1,86.9,84.2,85.3,89,96.4,69.8,64.8,70.7,70.1,57.9,59.4,61.1,69.6,73.1,74.7,59.4,57.6,89.3,59.8,68.1,91.4,93.5,71.2,93,84,97.5,101.7,71.5,68.6,77.9,64.9,36.4,71.1,123,258.9,129.1,105.6,73,98.3,78.9,87.7,91.7,97.2,91.7,87.5,93.8,74.2,81.3,94.1,68.2,81.6,98.8,118.4,64.8,102.6,78.8,87.1,191.6,99.9,118.1,69.2,69.4,102,1329.9,91.6,72,80,79.9,82.1,106.4,58.5,39.9,79.7,68,95.1,99.8,
1994年12月,85.8,86.9,83.9,85.2,89,96.4,69.2,62.2,70.6,69.5,58.9,60.9,60.9,70.3,68,66.4,58.4,56.5,89.3,60,68,91.4,93.4,71.1,93.1,84.1,97.5,101.8,71.6,68.5,77.9,64.9,35.9,71.1,122.6,258.1,128.3,105.1,73.1,97.8,78.9,87.3,91.1,97.5,91,86.9,93,74.2,81.2,94,68.2,81.6,98.8,117.9,64.8,102.6,79,87,191.6,99.9,118.1,69.2,69.4,101.9,1319.1,92.6,71.9,79.5,80,82.3,106.3,58.5,39.9,79.7,67.8,95.1,99.7,
1995年1月,85.8,86.6,84,84.8,88.7,95.8,70.2,66.7,70.7,69.6,59.4,61.5,61.1,69.1,73.2,74.6,63.8,62,88.7,60,67.9,91.8,93.3,71.5,93.2,84.3,97.7,102.2,71.6,68.5,77.9,64.9,35.8,71.4,122.7,257.8,128.5,104.9,73.7,96.9,79.1,82.5,84,97.1,82.9,81.6,85.3,73.6,80.9,93.5,68.3,81.7,99,117.3,64.8,102.8,79,86.9,193.4,99.7,118.1,68.7,69.4,102.4,1320.9,92.9,72,79.9,79.9,82.4,106.5,58.3,39.9,79.7,67.7,95,100.2,
1995年2月,85.6,86.4,83.6,84.6,88.5,95.6,69.9,65,70.6,69.4,58.5,60.1,60.9,69.4,71.2,71.5,63.7,61.8,89.4,59.7,67.8,91.9,93.3,71.5,93.4,84.8,97.8,102.2,72.5,68.5,77.9,64.9,35.6,71.4,122.4,256,128.1,104,73.5,97.1,79.1,80.4,80.8,97.2,79.2,79.4,82.2,73.2,80.3,92.8,68.2,81.6,98.8,117.2,64.8,103,78.9,86.6,197.8,99.7,118.1,68.7,69.4,102.1,1303.5,92.8,72,79.8,80,82.5,106.5,58.4,39.9,79.7,67.5,95,100,
1995年3月,85.5,86.6,83.6,84.8,88.7,95.9,69.3,62.2,70.6,69.4,58.6,60.4,60.7,69.2,67.4,65.7,60.2,58.3,89.7,59.6,67.6,92.5,93.3,71.5,93.4,84.8,97.8,102.4,72.6,68.5,77.9,65,35.5,71.5,121.9,255,128.1,102.9,73.2,96.9,79.1,83,86.2,96.4,85.5,79.8,82.7,73.3,81,92.8,68.3,81.6,98.7,116.8,64.8,103.1,79.2,86.4,199.4,99.8,118.1,68.7,69.6,102,1283.6,93.1,71.9,79.7,79.9,82.6,106.4,58.2,39.9,79.7,67.4,95.1,100,
1995年4月,85.7,86.9,83.9,85.1,89,96.5,69,61.5,70.5,69.4,58.8,60.8,60.8,69.1,67.9,66.5,56,54,89.4,59.8,67.9,93.1,93.4,71,93.6,85.1,97.9,102.6,73,68.6,77.9,65.1,35.3,71.6,121.9,254.5,127.9,102.4,73.3,96.5,79.7,86,88.6,96.4,88.2,86.3,92.2,73.7,81.4,93.8,68.3,81.6,98.6,116.2,64.9,103.1,79.7,86.2,199.4,102.7,121.6,69.3,71.5,101.3,1269.9,91.4,71.9,79.5,80,82.8,106.4,58.1,39.9,80.2,67.3,97.3,99.4,
1995年5月,85.9,87,84,85.2,89.1,96.6,69.3,63.6,70.3,69.4,57.9,59.4,60.8,68.9,70.6,70.6,60.8,58.9,88.7,59.9,67.6,93,93.3,70.6,93.8,85.2,98.2,102.8,73,68.6,77.9,65.1,35.2,71.7,121.6,253.7,127.8,102.8,73.4,96.2,79.8,87.2,90.6,97.1,90.3,87.3,93.6,74.1,81.5,94,68.3,81.6,98.7,116.7,64.9,103,79.7,86,199.4,102.7,121.6,69.3,71.5,101.6,1261.2,91.9,72,79.9,80,83,106.3,58.1,39.9,80.3,67.1,97.3,99.7,
1995年6月,85.8,86.9,84,85.1,89,96.6,69.2,63.2,70.3,69.3,57.8,59.2,60.9,68.1,68.2,66.9,64.1,62.3,89.2,59.9,67.6,92.4,93.3,70.6,94,85.3,98.4,102.9,73,68.6,77.9,65.1,35.1,71.7,121.4,253,127.9,102.5,73.2,95.9,79.8,86.9,90,96.9,89.7,87.4,93.4,74.5,81.5,93.9,68.4,81.6,99,116.3,64.9,102.8,79.6,85.8,199.2,102.7,121.6,69.3,71.5,101.2,1252.5,90.8,72.2,79.8,80.1,83.2,106.4,58.2,39.9,80.3,67,97.3,99.3,
1995年7月,85.4,86.6,83.4,84.8,88.8,96.3,68.5,59.7,70.2,69.2,57,58,60.9,67.9,66.1,63.5,57.3,55.4,88.1,60,67.5,92.2,93.2,70.6,94.2,85.4,98.6,103,73.2,68.5,77.8,65.1,35,71.7,121,252.5,126.9,102,72.9,95.7,79.8,84.3,86.9,97.1,86.2,83.3,87.3,74.6,81,92.7,68.5,82,100.8,116.2,64.9,102.6,79.9,85.3,199.2,102.6,121.6,69.3,71.3,100.7,1236.3,89.9,72.1,79.5,80,83.2,106.3,57.7,39.9,80.3,66.8,97.2,98.8,
1995年8月,85.5,86.5,83.4,84.6,88.7,96.1,69,62.4,70.2,69.4,57.8,59.6,60.8,67.7,68.2,66.9,60.6,58.8,88.2,60,67.7,92.6,93.2,70.6,94.3,85.6,98.7,103.1,73.5,68.5,77.8,65.1,35,71.7,120.9,251.7,126.7,101.3,73,95.8,79.9,82.2,84.3,96.7,83.2,80.4,82.9,74.8,80.4,92.2,68.5,82,100.6,116.1,64.9,102.6,80,85.2,199.4,102.6,121.6,69.3,71.2,101.2,1222.6,90.7,72.2,80.1,80,83.2,106.2,57.8,39.9,80.3,66.7,97.2,99.3,
1995年9月,86,87,84,85.1,89.1,96.9,69.3,63.7,70.2,69.1,57.5,59.1,61,70,71.2,71.6,59.9,58,87.5,59.8,67.4,92.5,93.1,70.6,94.4,85.6,98.8,103.1,73.5,68.5,77.8,65.1,34.9,71.7,121,251.4,127.8,102,73.1,95.8,79.9,87.2,90.8,98.5,90.4,87.3,93.1,75.1,81.6,93.1,68.5,82,100.6,116.1,64.9,103.1,82,84.8,199.4,102.8,121.6,69.3,71.6,101,1212.7,91.3,72.2,79.8,80,83.3,105.9,57.9,39.9,80.3,66.6,97.5,99.5,
1995年10月,85.7,87,83.8,85.1,89.3,96.8,68.6,60.6,70.2,68.4,57.2,58.6,60.9,70.8,65.9,63.5,59.8,57.9,88.1,59.9,67.6,92.3,93.1,70.6,94.6,85.7,99,103.4,73.5,68.5,77.8,65.1,34.8,71.9,120.9,250.2,127.7,102.8,73.3,95.3,79.9,87.8,91.3,98.6,90.9,88.2,94.3,75.5,81.6,94.1,68.5,82,100.5,115.6,65,103,82.1,84.7,199.2,102.8,121.6,69.3,71.6,100.8,1199,90.7,72.2,79.8,80,83.5,105.7,57.9,39.9,80.3,66.6,97.5,99.3,
1995年11月,85.5,87,83.4,85.1,89.2,96.9,67.7,56.2,70.2,68.3,57.3,58.8,61.2,70.1,62.3,57.9,50.6,48.6,87.7,59.9,67.6,92.4,93.1,70.6,94.6,85.8,99,103.4,73.5,68.5,77.8,65.1,34.8,71.9,120.7,248.9,127.4,103,73.3,95.1,80,88.1,92.1,98.4,92,87.8,93.6,75.5,81.7,94.4,68.6,82,100.5,115.5,65,102.9,82,84.6,199.2,102.8,121.6,69.3,71.6,100.8,1186.5,90.8,72.4,79.8,80.1,83.6,105.7,58,39.9,80.3,66.5,97.5,99.3,
1995年12月,85.5,87,83.4,85,89.2,96.9,67.9,56.9,70.2,68.3,57.5,59.1,61.2,71.1,63.6,60,49.8,47.9,87.7,59.9,67.5,92.1,93,70.6,94.6,85.8,99,103.5,73.5,68.5,77.8,65.1,34.6,71.9,120.3,247.7,127.3,101.9,73.3,95,80.1,87.7,91.6,98.6,91.3,87.3,92.8,75.6,81.6,94.1,68.6,81.9,100.6,114.8,65,102.8,82.1,84.5,198.8,102.8,121.6,69.3,71.6,100.7,1179.1,91.7,72.3,79.4,80.1,83.7,105.9,57.8,39.9,80.3,66.3,97.5,99.2,
1996年1月,85.4,86.4,83.3,84.5,88.8,96.4,68.6,61.9,69.9,68.1,58.8,61.1,61.3,69.9,68.4,67.5,55.6,53.7,87,59.8,67.6,92.3,93.1,70,94.6,86.1,99,103.6,74.1,67.5,75,65.1,34.5,72.7,120.1,246.9,126.8,101.3,73.3,94.7,80.2,82.8,84.1,99.2,82.8,82.4,86,74.5,80.7,93.1,68.6,81.8,100.5,114.7,65,102.9,82.6,84.3,198.8,102.8,121.6,69.3,71.6,100.9,1170.4,90.9,72.6,80.1,80.1,83.8,105.7,57.7,39.9,85.2,65.2,97.6,99.5,
1996年2月,85.2,86.4,83.2,84.5,88.8,96,68.8,61.4,70.2,68.1,58.5,60.8,61.3,70.2,67.9,66.7,55.1,53.2,87.7,59.9,67.9,92.3,93,70.6,94.8,86.2,99.2,103.7,74.1,67.6,75,65.1,34.8,72.7,119.6,244.9,126.7,101.6,73.2,94.4,80.3,81,81.4,98.9,79.7,80.4,83.1,74.5,80.6,92.7,68.6,81.8,100.5,114.6,65,102.7,82.6,84,198.6,102.8,121.6,69.3,71.7,100.5,1157.9,91.5,72.7,79.4,80.1,83.9,105.7,57.6,39.9,85.2,65.1,97.6,99.2,
1996年3月,85.4,86.6,83.4,84.6,89,96.4,68.6,60.6,70.2,68.1,59.2,61.8,61.4,70.7,65.2,62.5,56.5,54.6,87.1,59.9,67.9,92.1,93,70.7,94.8,86.2,99.2,103.8,74.1,67.6,75,65.2,35.1,72.7,119.5,244.1,126.8,101,73.3,94.3,80.3,83.7,86.9,98.6,86.1,80.9,83.6,74.9,81.2,93.3,68.6,81.9,100.5,115.1,65,102.7,82.8,84,198.6,103.1,121.6,69.3,72.6,100.4,1149.2,91.6,72.5,79.3,80.3,84,106.3,57.8,39.9,85.2,65.1,97.8,99.1,
1996年4月,85.9,87,83.9,85,89.3,97,69.2,63.6,70.2,68.2,59.8,63,61.4,69.3,68.5,67.5,59.1,57.3,87.8,59.9,67.8,91.9,93,70.7,95,86.4,99.4,103.9,74.3,68.1,75,65.4,36,74,119.6,244.1,127.2,100.5,73.3,94.1,81.3,86.8,89.9,99.5,89.4,86.9,92.5,75,81.4,94.2,68.7,82.5,100.4,115.1,66.2,102.3,82.8,83.6,196.4,104.8,124.4,69.7,72.8,100.5,1139.3,90.9,72.5,79.9,80.3,84.2,106.3,57.9,39.9,86.1,65.1,99.1,99.2,
1996年5月,86.1,87,84,85.1,89.4,97.1,69.3,64.1,70.2,68.3,59.5,62.6,61.5,69.1,67.9,66.6,63,61.3,87.5,59.8,68,92.1,92.9,70.8,95.2,86.5,99.6,104,74.3,68.2,75,65.4,36.4,74.2,119.5,244.4,126.8,100.2,73.3,93.9,81.4,87.9,91.8,99.4,91.5,87.7,93.8,75,81.7,94.3,68.8,82.6,100.4,115.2,66.2,102.1,82.8,83.4,196.4,104.8,124.5,69.7,72.8,100.6,1111.9,91.2,72.5,80.2,80.4,84.2,106.3,58,39.9,86.1,65,99.2,99.3,
1996年6月,85.8,87,83.7,85,89.4,97.1,68.6,61,70.2,68.2,58.6,61.1,61.5,68.5,64.7,61.6,60.1,58.3,87.4,59.9,68.1,91.9,92.9,70.7,95.4,86.6,99.8,104.1,74.3,68.2,75,65.4,36.5,74.4,119.2,243.6,126.7,100.1,73.2,93.7,81.5,87.8,91.4,99.4,91.1,88.1,94.2,75.5,81.5,94.2,68.8,82.5,100.3,115.2,66.2,102,82.8,83.4,196.4,104.8,124.5,69.7,72.8,99.9,1098.2,89.5,72.7,80.1,80.4,84.3,106.3,57.8,39.9,86.1,65,99.2,98.7,
1996年7月,85.7,86.9,83.6,84.8,89.2,96.8,68.9,62.5,70.1,68.2,58.3,60.5,61.6,68.2,68.9,68.3,57.8,55.9,86.6,59.9,67.9,91.9,92.9,70.7,95.4,86.5,99.9,104.1,74.3,68.7,76,65.7,36.5,74.7,119,242.6,126.2,99.7,73.2,93.5,81.7,85.4,88.4,99.3,87.6,84.8,89,75.6,80.8,93,68.8,82.5,100.4,114.8,66.2,102,82.9,83.2,196.2,104.8,124.5,69.7,72.6,99.9,1093.3,90,72.6,79.8,80.4,84.4,106.4,57.7,39.9,86.1,65.4,99.1,98.7,
1996年8月,85.7,86.7,83.5,84.6,89,96.6,69,63.2,70.2,68.2,59.5,62.6,61.7,68,68.3,67.3,58.6,56.9,87.1,59.7,68.1,92.1,92.9,70.7,95.6,86.6,100,104.2,74.3,68.7,76,65.7,36.5,74.7,118.6,241.1,126,99.6,73.3,92.9,81.7,83,85.4,99,84.2,81.3,83.6,75.8,80.5,92.4,68.8,82.5,100.4,114.7,66.2,101.9,83.2,83,196,104.8,124.5,69.7,72.6,100.1,1083.3,89.7,72.7,80.5,80.2,84.5,105.4,57.5,39.9,86.1,65.3,99.1,99.1,
1996年9月,86,87.1,83.9,85,89.5,97.1,69,62.5,70.2,68.1,59.3,61.9,61.9,69.2,68.1,66.8,57.8,56,86.6,59.9,68.1,92.1,92.9,70.8,95.7,86.6,100.2,104.3,74.3,68.7,76,65.7,36.6,74.8,118.6,240.1,126.4,100.8,73.3,93.1,81.7,88.3,91.8,99.2,91.5,89.2,95.3,76.4,81.5,93.5,68.8,82.5,100.4,114.9,66.2,101.7,82.7,82.9,196,104.9,124.5,69.7,72.8,99.7,1074.6,89.5,72.5,80.1,80.3,84.6,105.6,57.7,39.9,86.1,65.2,99.2,98.5,
1996年10月,86.2,87.2,84,85.2,89.6,97.3,69.2,63,70.4,68.1,59.4,62.2,62.2,70.5,65.8,63.3,63.6,61.9,87.2,59.9,68.2,91.9,92.8,70.8,95.8,86.6,100.3,104.4,74.3,69,76.3,66,36.7,74.9,118.2,238.6,126,101.1,73.3,92.5,81.7,89,93.1,99.6,92.9,89.7,95.8,76.6,81.7,94.5,68.8,82.5,100.4,114.7,66.2,101.7,82.8,82.8,196,104.9,124.5,69.7,72.8,99.8,1072.1,89.8,72.5,80.2,80.3,84.6,105.4,58,39.9,86.1,65.4,99.2,98.6,
1996年11月,85.9,87.3,83.7,85.2,89.7,97.3,68.4,58.8,70.4,68.3,58.8,61.1,62.3,69.8,62.2,57.7,56.9,55.1,86.7,59.9,68.2,91.9,92.9,70.8,95.8,86.6,100.3,104.4,74.3,69.2,76.3,66,37.8,75,118.1,237.8,126,100.9,73.3,92.2,81.7,89.5,94.3,99.2,94.2,89.2,95.3,76.7,81.9,94.5,68.9,82.5,100.3,114.2,66.2,101.7,82.7,82.9,195.8,104.9,124.5,69.7,72.8,99.9,1065.9,89.6,72.7,80.4,80.4,84.7,105.5,58.1,39.9,86.1,65.5,99.2,98.7,
1996年12月,86,87.2,83.9,85.1,89.6,97.1,68.8,61.4,70.3,68.4,59,61.5,62.6,71.3,65.3,62.6,59.8,58.1,86.9,59.9,68.3,91.9,92.8,70.1,95.9,86.7,100.3,104.5,74.3,69.3,76.3,66.2,38.6,75,117.6,236.3,125.6,100.4,73.3,91.8,81.7,89,93.5,98.6,93.4,89.1,95,76.6,81.9,94.5,69,82.4,100.3,113.9,66.2,101.5,82.1,83,195.8,104.9,124.5,69.7,72.8,99.8,1058.4,90.9,72.5,79.8,80.4,84.8,105.2,58.1,39.9,86.1,65.8,99.2,98.4,
1997年1月,85.9,86.9,83.6,84.8,89.1,96.8,69.3,63.4,70.4,68.4,59.9,63,62.8,69,65.7,63.2,64.2,62.4,86.9,59.8,68.4,91.9,92.8,70.8,96,86.8,100.4,104.6,74.5,69.7,76.4,67,38.8,75,117.2,235,125.3,99.5,72.8,91.8,81.7,83.7,85.1,99.2,83.8,83.6,87,75.9,81.1,93.3,69,82.4,100.3,113.8,66.2,101.5,82.2,83,195.6,104.9,124.5,69.7,72.8,100,1049.7,91.6,73,79.8,80.3,84.9,104.9,58,39.9,86.1,66.1,99.3,98.5,
1997年2月,85.7,86.8,83.4,84.6,89,96.5,69.3,62.7,70.4,68.4,59.9,63,62.7,69.9,65.1,62.3,62.9,61.2,86.9,59.7,68.4,91.9,92.8,70.8,96.1,86.9,100.5,104.6,74.6,69.8,76.4,67.5,39,75,116.8,234.3,124.9,99.2,72.6,91.4,81.7,81.7,82.2,98.5,80.7,81.4,83.9,75.7,81.3,92.9,69,82.3,100.3,113.3,66.2,101.6,82.8,83.1,193.6,104.9,124.5,69.7,72.8,100,1043.5,91.5,73.2,79.8,80.3,84.9,104.9,57.7,39.9,86.1,66.3,99.3,98.7,
1997年3月,85.8,87,83.5,84.9,89.3,96.9,68.8,60.6,70.4,68.3,60.1,63.2,62.8,70.7,62.6,58.3,59.8,58,86.9,59.8,68,91.9,92.8,70.8,96.2,86.9,100.6,104.6,74.6,69.9,76.4,67.7,39,75.1,116.8,234.5,124.4,98.8,72.8,91.3,81.7,84.8,88.1,98.8,87.2,82.3,84.9,76.5,81.7,93.8,69.1,82.3,100.3,113.2,66.2,101.6,82.9,83,193.2,104.9,124.5,69.7,72.8,99.9,1041,91.2,73,79.8,80.3,85.1,104.6,58.2,39.9,86.1,66.3,99.3,98.7,
1997年4月,87.5,88.7,85.5,86.7,91,98.5,70.7,63.7,72.1,69.4,61.5,65,64.5,70.9,67.4,64.9,60.2,58.3,88.5,61.2,69.9,93.5,94.2,72.8,96.5,87.7,100.8,104.8,76,71.3,78,68.8,39.5,76.9,119.2,240.1,126.8,100.4,74.3,93,84.1,88.9,91.9,100.5,91.3,89.7,95.1,78.3,83.5,96.1,70.1,83.3,101.9,115.1,66.6,103.1,84.3,84.1,195.8,107.1,126.9,71.6,74.6,102.2,1053.5,92.4,74.4,82.4,81.9,86.4,106.3,59.5,40.8,86.9,67.6,101.3,100.9,
1997年5月,87.7,88.9,85.6,86.9,91.2,98.7,70.7,63.4,72.1,69.3,60.7,63.5,64.8,70.9,66.9,63.9,62.5,60.7,88.6,61.1,69.9,93.7,94.2,72.9,96.8,87.8,101,104.9,76.2,71.9,78.7,69.5,39.4,77.6,119.1,239.8,126.3,101.1,74.1,92.5,84.1,90.1,93.6,100.5,93.4,91.1,97.2,78.3,83.6,96.4,70.2,83.3,102,115.3,66.6,102.7,84.3,83.4,196.6,107.2,126.9,71.6,74.6,102.4,1052.2,92.7,74.3,82.5,82,86.6,106.6,59.7,40.8,88.6,67.8,101.3,101.1,
1997年6月,87.7,88.8,85.6,86.8,91.1,98.7,70.8,64.1,72.1,69.2,59.8,62.1,64.8,69.9,70,68.6,61,59.1,88.6,61.2,70.2,93.5,94.3,73,97,87.9,101.3,105.1,76.2,72.2,78.7,69.6,39.3,78.9,118.8,238.8,126.5,100.8,73.8,92.2,84.5,90.1,93.6,100.1,93.4,90.8,96.7,78.5,83.5,96.6,70.3,83.3,101.9,115.1,66.7,102.5,84.2,83.1,196.4,107.2,126.9,71.6,74.6,102,1047.2,91.7,74.5,82.4,82,86.7,106.6,59.7,40.8,88.6,67.6,101.3,100.7,
1997年7月,87.4,88.6,85.2,86.6,90.9,98.4,70.4,61.7,72.1,69.2,59.6,61.6,64.9,69.8,67.4,64.6,57.8,56,88.3,61.1,70.2,94,94.3,73,97,87.9,101.3,105.1,76.2,72.4,79.1,70.1,39.2,79,118.6,238.3,125.9,100.5,74,92.1,84.5,87.3,90.3,100.2,89.7,86.7,90.7,78,83,95.6,70.3,83.2,102,114.8,66.7,102.4,84.4,82.9,196.2,107.2,126.9,71.6,74.6,101.8,1041,91.3,74.5,82.4,82,86.7,106.5,59.5,40.8,88.6,67.8,101.3,100.6,
1997年8月,87.5,88.5,85.3,86.5,90.8,98.1,71,64.5,72.2,69.2,62.8,66.9,64.9,69.6,70.2,69.1,54.6,52.7,88.4,61.1,70.4,94.3,94.3,73,97.1,88,101.4,105.1,76.4,72.4,79.1,70.1,39.1,79,118,235.8,125.4,100.8,73.9,91.2,84.5,85,87.3,100.2,86.3,83.4,85.8,78,82.8,95.2,70.3,83.2,101.9,114.8,66.7,102.4,84.8,82.7,196.2,107.2,126.9,71.6,74.6,102.4,1037.3,92,74.8,82.9,82,86.8,106.2,59.5,40.8,88.6,67.6,101.3,101.2,
1997年9月,88.1,89.2,86,87.3,91.5,99.3,70.7,63.6,72.1,68.7,60,62.3,65.1,71.3,71.3,70.6,56.2,54.3,87.9,61.1,70.2,94.2,94.2,72.7,97.1,88,101.4,105.1,76.4,72.4,79.1,70.1,39.1,79,118.1,235.3,125.9,101.6,74,91.3,84.5,90.8,94.5,100,94.4,92.2,98.1,79.5,83.8,96.4,70.3,92.7,101.9,114.6,82.3,102,84.3,82.6,196.2,107.3,126.9,71.6,74.8,102.2,1033.6,92.3,74.6,82.5,82.1,86.9,106.2,59.8,40.8,89.5,67.5,101.4,100.9,
1997年10月,88.3,89.3,86.2,87.3,91.7,99.5,71,65.3,72.1,67.6,59.7,61.9,65,71.6,74.5,75.8,55.9,54.1,88.5,61,70.1,94.7,93.4,73.2,97.2,88.1,101.5,105.1,76.5,72.4,78.9,70.2,38.6,79.1,117.8,233.8,125.9,101,74.1,90.9,84.5,91.7,95.8,100.7,95.9,92.5,98.8,79.2,84.3,97.9,70.3,92.7,102,114.4,82.3,101.9,84.4,82.2,196.2,107.3,126.9,71.6,74.8,102.8,1028.6,93.1,74.7,83.1,82,87,105.7,59.9,40.8,89.5,67.2,101.4,101.4,
1997年11月,87.7,89.2,85.5,87.3,91.6,99.5,69.5,57.9,72,67.2,59.6,61.5,64.8,71.4,65.1,61,48.6,46.6,88.1,61,69.9,94.6,93.4,73.2,97.2,88.1,101.5,105.1,76.5,72.3,78.9,70.1,38,79.1,117.5,232.7,125.9,100.5,73.9,90.7,84.5,92.2,97.2,100.6,97.4,92.1,98.3,79.2,84.5,98,70.3,92.7,101.9,114.5,82.3,101.8,84.4,82.2,196.2,107.3,126.9,71.6,74.8,102.2,1027.3,92,74.8,82.7,82.1,87.1,105.7,59.9,40.8,89.5,67,101.4,100.9,
1997年12月,87.5,89.1,85.4,87.2,91.5,99.4,69.2,56.7,71.8,67,60.8,63.5,64.8,71.5,63.6,58.7,44.1,42.1,87.7,60.9,70.2,94.6,93.4,72.7,97.3,88.1,101.6,105.1,76.5,72.2,78.9,70.2,37.6,79.1,117,231.2,125.6,100.2,73.6,90.4,84.5,91.9,96.9,100.8,97,91.7,97.7,79,84.5,97.9,70.3,92.5,101.9,113.8,82.3,101.6,84.1,82,196,107.3,126.9,71.6,74.8,102,1022.4,92.5,74.7,82.2,82.2,87.2,106,60,40.8,89.5,66.8,101.4,100.6,
1998年1月,87.5,88.6,85.3,86.6,91,98.7,70.4,63.2,71.7,66.9,61.8,65.2,65.1,69.1,71,70.4,50.1,48.2,87.7,60.8,70.2,94.7,93.4,72.8,97.4,88.1,101.8,105.2,76.5,71.8,78.3,69.8,37.4,79.1,116.7,229.7,125.1,99.4,73.8,90.2,84.6,85.8,87.2,100.6,86.1,85.9,89.2,78.5,83.2,96,70.4,92.4,101.7,113.6,82.3,101.6,84.2,81.8,196,107.3,126.9,71.9,74.9,101.9,1028.6,92.7,74.9,82,82.1,87.2,105.7,59.8,40.8,89.5,66.4,101.7,100.5,
1998年2月,87.4,88.3,85.1,86.2,90.8,98.5,70.7,64.7,71.8,66.8,61.1,64.1,64.9,70.5,73,73.5,53.5,51.6,87.9,61.1,70.2,94.7,93.4,72.9,97.5,88.2,101.8,105.3,76.5,70.5,75,69.8,37,79.1,116.4,228.4,125.1,98.6,73.8,90.5,84.6,84.2,84.7,100.1,83.3,84.2,86.8,78.1,82.9,95.7,70.4,92.4,101.6,113.4,82.3,101,84.4,81.6,191,107.3,126.9,71.9,74.9,102,1028.6,92.9,74.9,82,82,87.3,105.5,59.7,40.8,89.5,65,101.7,100.7,
1998年3月,87.7,88.6,85.5,86.5,91.2,98.9,71,66.7,71.7,66.7,61.4,64.8,64.9,70,73.3,74,59.6,57.9,88.1,61.1,70.2,94.7,93.3,72.6,97.5,88.3,101.9,105.4,76.5,70.4,75,69.8,36.3,79.1,116.3,227.9,124.8,98.4,74,90.4,84.7,87.2,90.6,100.5,89.9,85.2,88,78.8,84.1,96.4,70.3,92.5,101.6,113.8,82.3,100.8,84.6,81.2,191,107.4,126.9,71.9,75.2,102.1,1022.4,93.3,74.9,82,82.1,87.4,105.9,59.9,40.7,89.5,64.7,101.8,100.8,
1998年4月,87.9,88.9,85.7,86.8,91.5,99.2,71,65.9,71.8,66.8,61.3,64.3,64.8,69.3,74.1,75.2,55.6,53.8,87.8,61.2,70.3,95.2,93.4,73,97.3,87.9,101.6,104.7,76.5,70.5,75,69.6,35.9,80,116.3,227.4,124.9,97.8,74.1,90.2,86,90.4,93.9,100.4,93.7,91,96.7,78.9,84.5,97.6,70.4,92.3,101.6,113.7,82.1,100.7,84.7,80.9,190.8,109.1,129.5,72.6,75.6,102,1021.1,92.3,74.9,82.3,82.2,87.5,105.9,59.8,40.7,90.8,64.3,103.3,100.7,
1998年5月,88.1,88.9,86,86.8,91.5,99.3,71.7,69.6,71.8,66.8,61.5,65,64.9,69.1,78,81.2,60.6,58.9,87.9,61.1,70.2,95.5,93.3,73,97.4,87.8,101.7,104.7,76.5,70.5,75,69.6,35.8,80,116.4,227.9,124.4,98.7,74.1,90.1,86,91.3,95.6,100.5,95.6,91.6,97.8,78.7,84.6,97.6,70.4,92.3,101.5,113.4,82.1,100.3,84.7,80.3,190.8,109.1,129.6,72.6,75.6,102.1,1016.2,92.9,74.9,82.3,82.1,87.6,105.9,59.7,40.7,90.8,64.2,103.3,100.8,
1998年6月,87.8,88.8,85.6,86.7,91.4,99.2,70.9,65.9,71.8,66.8,60.6,63.3,64.8,68.2,71.9,71.7,61.8,60,87.7,60.9,70.2,95.9,93.3,73.1,97.4,87.7,101.8,104.7,76,70.5,75,69.5,35.6,80.3,116.2,227.4,124.2,98.9,73.9,89.7,86,91.3,95.3,100.3,95.4,91.9,98,78.9,84.7,97.7,70.5,92.2,101.4,113.2,82.1,100.1,84.5,80.1,191,109.1,129.6,72.6,75.6,101.6,1016.2,91.3,75.1,82.1,82.2,87.6,105.7,59.8,40.7,90.8,64.1,103.3,100.3,
1998年7月,87.3,88.5,85,86.4,91.2,98.9,70,61.4,71.7,66.9,60,62.3,64.7,68.1,67.5,64.7,55.5,53.7,87.7,61.1,70.1,96.2,93.3,72.7,97.4,87.7,101.8,104.7,76,70.5,75,69.6,35.6,80.5,115.9,226.2,123.5,98.9,73.8,89.9,86,88,91.4,100.2,91,87,91,78.6,83.3,96.3,70.5,92.2,101.4,113.1,82.1,100.2,84.7,80.1,191,109.1,129.6,72.6,75.6,101.3,1009.9,91.3,74.9,81.8,82,87.6,105.6,59.4,40.7,90.8,64.1,103.3,100.1,
1998年8月,87.2,88.4,84.9,86.3,91.1,98.8,70,61,71.8,66.9,61.4,64.7,64.8,67.7,66.2,62.5,53.6,51.7,87.5,61.1,70.2,96,93.2,73.1,97.4,87.6,101.8,104.6,76,70.5,75,69.6,35.6,80.6,115.9,225.9,123.7,98.8,73.8,89.6,86,86.2,89.2,100.1,88.5,84.3,86.8,78.9,83.1,95.7,70.5,92.2,101.5,112.9,82.1,100.3,85.2,80.1,191,109.1,129.6,72.6,75.6,101.8,1008.7,92.2,75.1,82.2,82,87.6,105.5,59.5,40.7,90.8,64,103.3,100.7,
1998年9月,87.9,88.8,85.7,86.7,91.4,99.2,71,66.1,71.9,66.9,61.9,65.2,64.8,69.8,73.4,73.9,56.5,54.7,87.5,61.1,70.1,96.3,93.3,73.1,97.3,87.6,101.8,104.6,76,70.6,75,69.6,35.6,80.8,115.9,225.7,123.9,99.9,73.9,89.5,86,91.4,95.7,100.4,95.7,92,98.1,79.2,84.2,96.9,70.5,92.1,101.5,112.6,82.1,100.1,84.6,80.1,191.2,109.1,129.6,72.6,75.6,101.4,1005,91.7,74.9,81.9,82,87.6,105.4,59.6,40.7,91.4,64.1,103.3,100.2,
1998年10月,88.5,89,86.4,86.8,91.6,99.3,72.8,74.1,72.1,67.9,61.3,64.1,64.7,70.2,85.1,92.4,63.6,61.9,87.5,61.1,70.2,96.2,93.4,73.1,97.3,87.5,101.8,104.5,75.9,70.1,74.5,69,34.9,80.8,115.8,224.9,123.9,99.9,73.8,89.6,86,92.2,97.3,100.4,97.5,92.1,98.2,79.2,84.5,97.3,70.5,92.2,101.5,112.7,82.1,100.1,84.7,80,191,109.1,129.6,72.6,75.6,101.8,1000,92,74.9,82.4,82.1,87.7,105.5,59.5,40.7,91.7,63.6,103.3,100.6,
1998年11月,88.4,89,86.3,86.8,91.7,99.3,72.6,72.8,72.1,68.1,61,63.6,64.9,70.1,84.8,91.9,60.2,58.4,87.7,61.3,70.2,96.5,93.3,73.1,97.3,87.5,101.7,104.5,75.9,70,74.5,69,34.2,80.8,115.7,224.2,123.4,100.2,73.8,89.4,86,92.2,97.4,100.7,97.6,91.8,97.8,79.1,84.8,97.3,70.5,92.2,101.6,112.6,82.1,100.1,84.6,80.1,191.2,109.1,129.6,72.6,75.6,102,997.5,93.1,75.1,82.2,82,87.7,105.2,59.4,40.7,91.7,63.5,103.3,100.7,
1998年12月,88.1,88.9,85.9,86.8,91.5,99.3,71.6,68,72.1,68.1,60.9,63.3,64.9,71.5,77,79.3,59.2,57.4,87.2,61.4,70.1,96.8,93.4,72.7,97.2,87.4,101.6,104.4,75.9,69.9,74.5,69,33.5,80.8,115.6,224.2,123.6,99.7,73.9,89.1,86,91.8,96.6,100.2,96.9,91.4,97.3,78.9,84.6,97.4,70.5,92.1,101.6,111.9,82.1,100.1,84.4,80.1,191,109.1,129.6,72.6,75.6,101.7,1000,93.5,75,81.7,83.1,87.7,105.1,59.4,43.9,91.7,63.5,103.3,100.4,
1999年1月,87.6,88.5,85.5,86.3,91.2,98.7,71.6,67.7,72.2,68.1,61.7,64.5,64.8,69.5,73.4,73.7,64.2,62.5,87.5,61.8,70.1,96.6,93.4,73,97.2,87.4,101.6,104.4,75.9,69.8,74.3,68.9,33.2,80.8,115.5,223.6,123.6,98.9,73.8,89.2,86.1,86.3,88.4,99.9,87.5,85.9,89.3,78.3,83.3,95.4,70.5,92.1,101.5,112.3,82.1,100.2,84.9,80,191,109.1,129.6,72.6,75.6,101.4,1005,93,75.1,81.2,83.1,87.8,105.1,59.4,43.9,91.7,63.3,103.3,100.3,
1999年2月,87.3,88.3,85.1,86.2,90.9,98.3,71.2,65.3,72.3,68.1,61,63.3,65,70.3,69.9,68.3,63.9,62.2,87.2,62,70.2,96.9,93.3,73,97.1,87.4,101.5,104.3,75.9,69.7,74.3,68.6,33.1,80.8,115.1,222.4,123.4,98.6,73.8,89.2,86.1,84.3,85.1,100.2,83.7,83.8,86.4,78,83.2,95.4,70.5,92.1,101.5,112,82.1,100.1,84.7,79.9,191,109.1,129.6,72.6,75.6,101.3,1002.5,93,75.1,81.1,83.1,87.8,105.1,59.2,43.9,91.7,63.2,103.3,100.2,
1999年3月,87.4,88.5,85.1,86.4,91.3,98.7,70.8,63.4,72.3,68.1,61.3,63.8,64.9,70.2,66.9,63.5,62.6,60.8,87.3,61.8,70.2,96.7,93.3,73.1,97.2,87.3,101.6,104.3,75.8,69.7,74.3,68.6,32.8,80.8,114.8,221.9,123.2,97.8,73.5,89.2,86.1,87.2,91.1,99.8,90.6,84.2,86.6,78.8,83.9,96.1,70.4,92,101.4,111.8,82.1,100.1,84.8,79.8,191,109.1,129.6,72.6,75.7,101.3,995,92.7,75.1,81.3,83,87.8,104.8,58.9,43.9,91.7,63.1,103.3,100.2,
1999年4月,87.8,88.8,85.5,86.7,91.5,99.2,71.3,65.7,72.3,68.1,62.1,65.1,64.5,70.1,70.4,69.1,61.8,60,87.6,61.9,70.2,96.9,93.3,73.2,97.2,87.3,101.7,104.5,75.7,69.3,73.6,68.2,32.7,81.1,114.8,222.1,123.2,97.6,73.3,88.9,86.4,90.3,93.8,100.3,93.6,90.8,96.4,79.1,84.4,97.3,70.3,92.4,101.4,111.9,82.7,99.9,84.7,79.8,191,110.6,131.6,72.8,76,101.1,990,92,75.1,81.4,83,87.9,104.9,59,43.9,91.9,62.6,104.5,100,
1999年5月,87.8,88.9,85.6,86.7,91.6,99.2,71.2,65.1,72.3,68,61.1,63.5,64.5,71,68.1,65.3,67.2,65.6,87.6,62,70.2,96.8,93.3,73.2,97.2,87.4,101.7,104.5,75.7,69.3,73.6,68.1,32.7,81.2,115.2,223.9,123.4,98.8,73.3,89.1,86.4,91.2,95.3,100,95.3,91.7,97.7,78.9,84.5,97.3,70.3,92.4,101.3,112.2,82.7,99.9,84.7,79.7,191,110.6,131.8,72.8,76,101.3,986.3,92.2,75.1,81.6,83.1,87.9,104.9,59.1,43.9,91.9,62.6,104.5,100.1,
1999年6月,87.5,88.8,85.3,86.7,91.5,99.2,70.5,61.9,72.2,67.7,60.4,62.3,64.3,69.7,64.2,59.5,64.9,63.2,87.4,62.1,70.2,97.1,93.3,73.2,97.4,87.4,101.9,104.8,75.5,69.4,73.6,68.2,32.9,81.2,115.1,223.6,123.2,98.5,73.3,89,86.4,91,95.1,100.3,95,91.4,97.1,79.4,84.5,97.4,70.3,92.4,101.3,112.2,82.7,99.9,84.6,79.8,191,110.6,131.8,72.8,76,100.9,981.3,90.6,75.2,81.8,83,87.9,104.8,59,43.9,91.9,62.7,104.5,99.8,
1999年7月,87.2,88.5,84.9,86.3,91.3,98.8,70.2,60.7,72.1,67.6,59.9,61.3,64.2,69.3,66.8,63.5,56,54.1,87.5,62,70.2,97,93.3,73.2,97.4,87.4,101.9,104.7,75.4,69.1,73.1,68,33,81.2,114.8,222.6,122.8,98.5,73.2,88.8,86.6,87.8,91.3,100.4,90.6,86.9,90.5,78.8,83.6,95.7,70.3,91,101.4,111.7,80.5,100.2,84.9,80,191,110.6,131.8,72.8,76,100.8,977.6,90.9,75,81.6,82.9,87.9,104.8,58.7,43.9,91.9,62.8,104.5,99.8,
1999年8月,87.5,88.4,85.1,86.2,91.2,98.7,71.1,65.1,72.2,67.6,62.1,65,64.3,69.6,72.4,72.2,55.6,53.7,87.1,62,70.4,97.4,93.3,73.2,97.4,87.3,102,104.7,75.4,69.2,73.1,68,33,81.2,114.6,221.4,122.5,98.4,73.1,88.8,86.6,86,89.1,100.9,88.1,84.4,86.9,78.9,83.1,95,70.3,91,101.4,111.2,80.5,100.5,85.3,80.3,191,110.6,131.8,72.8,76,100.9,971.4,90.6,75.2,81.8,82.8,87.9,104.8,58.4,43.9,91.9,63,104.5,100,
1999年9月,87.7,88.8,85.5,86.7,91.5,99.1,71.1,65,72.2,67.4,61.4,64.1,64.3,71.1,72.1,71.7,57.3,55.6,87.4,62,69.9,96.9,93.3,73.2,97.4,87.3,101.9,104.6,75.4,69.2,73.1,68,33.4,81.3,114.5,220.1,123.4,99.3,73.1,88.4,86.6,91.1,95.3,100.7,95.3,91.4,97,79.7,84.3,96.6,70.3,90.9,101.4,110.9,80.5,100.4,84.6,80.6,191,110.6,131.8,72.8,76,100.8,963.9,91.1,75.2,81.6,82.9,87.9,104.8,58.7,43.9,92,63.3,104.5,99.7,
1999年10月,87.9,88.9,85.7,86.7,91.5,99.2,71.3,66.1,72.1,66.9,60.8,63.2,64.1,70.9,74.3,75.2,57.9,56.2,87,62.1,69.9,97.4,93.3,73.2,97.4,87.3,101.9,104.6,75.4,69.5,73.7,68.2,33.7,81.3,114.2,218.3,123.5,99.5,73,88.5,86.6,91.9,96.8,100.7,96.9,92.3,97.7,80.9,84.4,96.6,70.3,91,101.4,111,80.5,100.6,84.7,80.8,190.8,110.6,131.8,72.8,76,101.2,960.2,91.2,75.3,82.2,82.9,88,104.9,58.6,43.9,92,63.7,104.5,100,
1999年11月,87.4,88.8,85.1,86.7,91.4,99.2,69.9,59.5,72,66.7,60.1,61.9,63.7,70.8,66.1,62.3,52.2,50.3,87.1,62.2,69.9,96.8,93.1,73.2,97.4,87.2,101.9,104.5,75.4,69.6,73.7,68.4,34.3,81.3,114.1,218.3,123.1,99.7,72.9,88.4,86.6,91.9,96.7,100.4,96.9,91.9,97.1,81.2,84.9,96.8,70.3,90.9,101.4,110.9,80.5,100.7,84.6,81,190.8,110.6,131.8,72.8,76,100.8,956.5,90.6,75.3,81.8,82.8,88,104.5,58.6,43.9,92,64,104.5,99.7,
1999年12月,87.1,88.8,84.8,86.7,91.4,99.1,69.2,55.9,72.1,66.6,60.6,62.7,63.8,71.7,61.7,55.5,46.5,44.5,86.9,62.1,69.9,97,93,73.2,97.4,87.2,101.9,104.4,75.4,69.6,73.7,68.2,34.8,81.3,113.5,216.1,122.5,98.9,72.8,88.4,86.6,91.5,95.9,100.2,96,91.8,96.7,81.2,84.7,96.7,70.3,90.9,101.4,110.5,80.5,100.8,84.8,81,190.8,110.6,131.8,72.8,76,100.6,949,91.4,75.3,81.3,82.8,88.1,104.5,58.7,43.9,92,64.1,104.5,99.6,
2000年1月,87,88.3,84.6,86.2,90.9,98.5,69.9,60.1,71.8,66.4,61,63.5,63.9,69.9,65.6,61.7,53,51,86.7,62.3,69.5,97,93,73.3,97.3,87.1,101.9,104.4,75.1,70.1,74.3,68.6,34.8,81.7,113.3,214.7,122.4,97.9,72.5,88.5,86.8,86,87.8,100.7,87,85.8,88.2,80.6,83.3,94.8,70.3,90.9,101.5,110.6,80.5,100.7,84.3,81.1,189.9,110.6,131.8,72.7,76,100.6,1012.4,91.2,75.3,80.1,82.8,88.1,104.5,58.9,43.9,92.6,64.4,104.6,99.4,
2000年2月,86.8,88.2,84.4,85.9,90.7,98.3,69.7,59,71.9,66.5,60.6,63,63.8,70.7,63.7,58.6,53.8,51.9,86.8,62.2,69.7,97.3,93.1,73.2,97.4,87.1,102.1,104.4,75.1,70,74.3,68.5,34.8,81.8,112.9,212.7,121.8,97.8,72.4,88.4,86.8,84.1,84.9,100.5,83.7,83.7,85.3,80.1,83.4,94.3,70.3,90.7,101.5,109.8,80.5,100.5,83.7,81.1,189.7,110.6,131.8,72.7,76,100.3,989.6,91.3,75.3,80,82.8,88.1,104.5,58.9,43.9,92.6,64.4,104.6,99,
2000年3月,86.9,88.3,84.6,86.1,90.9,98.6,69.7,60.1,71.6,66.4,60.8,63.4,63.6,71.2,65.7,61.8,53,51,86.4,62.2,69.8,97.1,93,72.4,97.4,87,102,104.3,75,70.1,74.3,68.5,35,81.8,112.2,210.4,121.3,97.8,72.3,88.1,86.8,86.6,89.8,100.4,89.2,84.5,86.2,80.8,84.6,95,70.3,90.6,101.4,109.3,80.5,100.8,84.8,81.1,189.7,110.7,131.8,72.7,76.2,100.9,980.4,91.9,75.3,80.7,82.7,88.1,104.5,58.6,43.9,92.6,64.5,104.6,99.8,
2000年4月,87.1,88.5,84.8,86.2,91,98.8,69.5,59.7,71.6,66.4,61.2,64,63.5,70.9,64.2,59.4,53.9,52,86.3,62.3,69.8,97.1,92.9,72.2,97.2,87,101.9,104.3,75,70.6,74.7,69.1,35.3,82.6,112.2,210.4,121.5,96.9,72,88.3,87.1,89.7,92.6,100.4,92.3,90.6,95.4,80.4,84.4,96,70.3,91.2,101.4,109.4,81.3,100.4,84.6,81.1,186,111.7,133.5,73,76.2,100.4,976.7,90.5,75.3,80.7,82.7,88.2,104.3,58.4,43.9,93,64.9,105.5,99.3,
2000年5月,87.2,88.7,84.9,86.4,91.2,99.1,69.4,58.9,71.6,66.4,60,61.9,63.3,70.9,62.5,56.8,57.4,55.5,86.3,62.2,69.6,96.9,92.9,72.2,97.6,87,102.3,104.4,74.9,70.7,74.7,69.1,35.4,82.7,112,208.7,121.5,97.2,72.1,88.2,87.1,90.6,94.4,100.3,94.2,91.2,96.4,80.3,84.4,96,70.3,91.1,101.3,109,81.3,100.5,84.8,81.2,186,111.8,133.5,73,76.2,101.2,948.4,91,75.3,82.1,82.7,88.2,104.3,58.3,43.9,93,65,105.5,100.1,
2000年6月,87,88.5,84.6,86.2,91,98.8,69.3,58.8,71.5,66.4,58.7,60,63.3,69.5,63.3,58,57.9,56.1,85.9,62.1,69.7,97,92.9,72.5,97.6,87,102.3,104.4,74.9,70.7,74.7,69.1,35.5,82.7,111.7,207.3,121.5,97.7,71.9,88.1,87.3,90.4,94,100.3,93.7,91.1,96.1,80.7,84.1,95.9,70.3,91,101.3,108.6,81.3,100.4,84.8,81.3,185.1,111.8,133.5,73,76.2,99.9,930.1,90.1,75.3,80.8,82.7,88.2,104,58.2,43.9,93,65.1,105.5,98.9,
2000年7月,86.8,88.3,84.4,86.1,90.7,98.6,68.8,56.9,71.3,66.3,58.9,60.3,63.3,68.8,62.3,56.6,52.8,51,86,62,69.7,96.6,92.8,72.3,97.6,87,102.3,104.4,74.9,71.1,75.4,69.6,35.5,82.7,111.1,205.6,120.9,97.3,71.8,87.5,87.3,87.1,90.1,100,89.5,86.7,89.7,80.5,83.2,94.1,70.3,91.1,101.3,108.7,81.3,100.6,85.1,81.5,184.7,111.8,133.5,73,76.2,100.6,919.1,89.9,75.3,82.1,82.6,88.2,104,57.8,43.9,93,65.6,105.5,99.6,
2000年8月,87,88.4,84.6,86.2,90.8,98.7,69.3,59.1,71.3,66.3,59.8,62,63.4,68.6,63.2,58,56.5,54.7,85.5,62,69.6,96.7,92.6,72.5,97.5,86.9,102.3,104.4,74.8,71.1,75.4,69.6,35.6,82.7,110.8,204.4,120.6,96.8,71.7,87.1,87.3,85.1,87.4,99.9,86.6,84.1,85.7,80.5,82.4,93.4,70.3,91,101.2,108.5,81.3,101,86.6,81.5,184.7,111.8,133.5,73,76.2,102.1,900.8,90.3,75.4,84.6,82.5,88.3,103.9,57.7,43.9,93,65.7,105.5,101.3,
2000年9月,86.9,88.3,84.5,86.1,90.7,98.6,69.3,59.7,71.3,66.1,59.4,61,63.4,69,66.3,62.7,53.6,51.7,85.5,62.1,69.4,96.4,92.6,72.2,97.5,87,102.3,104.4,74.8,71.2,75.4,69.6,35.7,82.7,110.3,202.7,120.6,96.5,71.6,87,87.3,89.2,91.9,99.1,91.6,90.7,95.3,80.9,83.6,95,70.3,90.9,101,108.1,81.3,100.5,84.8,81.5,184.5,111.8,133.5,73,76.2,100,867.8,90.3,75.4,81.9,82.6,88.3,104,57.8,43.9,93,65.7,105.5,99,
2000年10月,86.9,88.2,84.5,85.9,90.6,98.4,69.5,60.9,71.3,65.7,58.4,59.3,63.4,69.5,67.8,65.1,56.9,55.1,85.5,62.3,69.3,96.6,92.6,72.2,97.6,87,102.3,104.5,74.8,70.1,72.4,70,36.7,82.8,110.1,201.5,120.7,96.5,71.6,86.8,87.3,90.2,94,99.2,93.9,90.8,95.4,80.9,83.6,96.8,70.2,90.9,100.9,108.2,81.3,100.6,84.8,82,182,111.8,133.5,73,76.2,98.7,833.9,89.8,75.4,80.7,82.6,88.3,104,57.7,43.9,93,65.3,105.5,97.8,
2000年11月,86.7,88.2,84.2,85.8,90.6,98.4,69,58.6,71.2,65.3,59,60.3,63.4,69.4,64.8,60.5,53.4,51.6,85.3,62.1,69.1,96.3,92.7,72.2,97.7,87,102.4,104.5,74.8,70.2,72.4,70.1,38,82.8,109.9,200.5,120.7,96.5,71.7,86.7,87.3,90.3,94.4,99.1,94.4,90.5,94.9,81.1,83.5,97.1,70.3,90.8,100.9,108,81.3,100.6,84.7,82.1,182,111.8,133.5,73,76.2,98.1,820.2,89.9,75.3,80.1,82.6,88.3,104.2,57.7,43.9,93,65.5,105.5,97.2,
2000年12月,86.8,88.2,84.4,85.8,90.6,98.3,69.3,60.4,71.2,65.1,59.3,60.9,63.4,70.2,66.5,63.1,55.8,54,85.3,62.1,69.1,96.1,92.6,72.2,97.6,86.9,102.3,104.4,74.8,70.4,72.4,70.2,38.6,82.8,109.4,198.4,120.5,96.4,71.7,86.4,87.3,89.9,93.8,98.9,93.6,90,94.2,81,83.4,96.9,70.2,90.7,100.8,107.4,81.3,100.6,85.1,82.2,181.2,111.8,133.5,73,76.2,98.5,805.6,90.7,75.3,80.6,82.5,88.3,103.7,57.7,43.9,93,65.6,105.5,97.8,
2001年1月,86.8,87.6,84.3,85.3,90,97.6,70.4,66,71.1,65,60.7,63,63.1,69,72.5,72.2,60.7,59,85.5,62,69,95.7,92.4,72.2,97.5,86.8,102.2,104.4,74.7,70.6,72.8,70.4,38.7,82.8,109.2,197.6,120.5,95.9,71.7,86.2,87.3,84.6,85.4,97.9,84.6,84.6,86.6,80.2,82.5,95.1,70.3,91.8,100.8,107.3,83.3,100.4,85,82.1,179.9,111.8,133.5,73.7,76.2,97.5,790,90.8,75.5,79.2,82.4,88.4,103.5,57.6,43.9,93,65.7,105.6,96.8,
2001年2月,86.5,87.5,84,85,89.8,97.3,70.2,64.8,71.1,65,59.7,61.6,63.2,70.3,72,71.5,59.1,57.3,85.5,61.8,69,95.7,92.4,72.2,97.5,86.8,102.2,104.4,74.6,70.5,72.8,70.2,38.6,82.8,108.8,195.5,120.7,94.8,71.8,86.2,87.3,82.5,82.1,97.5,81,82.4,83.5,79.8,82.6,94.8,70.2,91.7,100.7,107.2,83.3,100.2,84.8,82,179.5,111.8,133.5,73.7,76.2,97,772.6,90.6,75.4,78.9,82.4,88.4,103.7,57.5,43.9,93,65.6,105.5,96.3,
2001年3月,86.3,87.6,83.9,85.2,89.9,97.5,69.5,61.6,71.1,64.9,61.4,64.1,63.1,69.8,67.2,64.1,54.5,52.6,85.3,61.9,68.9,95.8,92.4,72.2,97.5,86.7,102.3,104.4,74.5,70.5,72.8,70.3,38.6,82.8,108.3,194.1,120.2,94,71.7,85.7,87.3,84.3,86.5,97.2,85.8,81.8,82.5,80.2,83.2,95.3,70.2,91.7,100.5,106.8,83.3,99.9,85.5,81.9,176,111.8,133.5,73.7,76.2,97.4,765.3,91,75.4,79.6,82.6,88.4,103.8,58,43.9,93,65.5,105.5,96.9,
2001年4月,86.5,87.8,83.9,85.4,90.2,97.9,69.1,60,70.9,64.9,61.3,64.3,63.1,68.9,65.7,61.7,51.5,49.7,85,61.8,68.8,95.6,92.3,72.1,97.7,86.6,102.6,104.3,74.4,71,73.3,70.6,38.5,83.6,108.2,194.3,120.3,93.3,71.5,85.4,87.6,87.5,89.3,97,88.9,88.5,92.3,80.1,82.9,96.3,70.2,91.7,100.5,106.8,83.4,99.9,84.6,82.1,176,112.9,135,74.1,76.7,97.3,756.1,89.9,75.4,80,82.7,88.5,103.7,58.2,43.9,93.1,65.7,106.5,96.6,
2001年5月,86.6,87.8,84.1,85.5,90.2,98,69.3,61.1,70.9,65,61.1,63.9,63.1,68.4,64.7,60.3,58,56.3,85.3,61.7,68.8,95.1,92.2,72.1,97.7,86.5,102.6,104.2,74.3,71,73.3,70.6,38.5,83.9,108.1,193.9,120,94.2,71.4,85.1,87.6,88.6,91.5,96.9,91.4,89.1,93.4,79.9,82.9,96.5,70.2,91.6,100.4,106.5,83.4,99.4,84.7,82,173.2,112.9,135.1,74.1,76.7,97.7,738.7,90.3,75.5,80.7,82.6,88.4,103.4,58.2,43.9,93.1,65.5,106.5,96.9,
2001年6月,86.3,87.7,83.8,85.3,90.1,97.9,68.8,58.7,70.8,64.9,59.1,60.5,63.3,67.9,63.9,59,55.6,53.8,84.9,61.7,68.7,95.5,92,72.1,97.7,86.5,102.6,104.2,74.2,71.1,73.3,70.6,38.5,84.1,107.8,192.2,120.6,94.2,71.3,84.8,87.5,88.4,91.1,96.8,90.9,89,93.2,80.2,82.9,96.3,70.2,91.6,100.4,106.3,83.4,99.5,84.6,82.2,172.3,112.9,135.1,74.1,76.7,97.1,718.6,89,75.5,80.5,82.6,88.4,103.3,58.4,43.9,93.1,65.5,106.5,96.3,
2001年7月,86.1,87.6,83.4,85.1,89.9,97.7,68.3,56.7,70.8,64.9,58.6,59.8,63.4,67.7,62.4,56.6,52.3,50.6,84.7,61.6,68.6,95,92,72.1,97.8,86.5,102.7,104.2,74.2,71.1,73.1,70.8,38.4,84.2,107.2,190.6,119.6,93.4,71.2,84.3,87.6,85.3,87.5,96.3,87,84.5,86.4,80.1,82.1,94.8,70.3,91.5,100.4,106,83.4,99.6,85.4,82.2,172.3,112.9,135.1,74.1,76.7,97.4,707.6,88.7,75.5,81.4,82.5,88.4,103.1,58.2,43.9,93.1,65.5,106.5,96.8,
2001年8月,86.4,87.6,83.9,85.2,90,97.8,69,60.6,70.7,64.9,60.3,62.6,63.4,67.5,66.4,62.8,54.5,52.8,84.3,61.6,68.7,94.8,91.9,72,97.8,86.5,102.7,104.2,74.2,71.1,73.1,70.8,38.3,84.2,106.6,188.7,119.6,92.6,71.2,84.1,87.6,83,84.4,96.6,83.6,81.3,81.8,80.2,81.8,94.1,70.2,91.5,100.3,105.8,83.4,100,87,82.2,172.1,112.9,135.1,74.1,76.7,99.4,701.2,89.5,75.6,84.1,82.5,88.5,103.1,58.2,43.9,93.1,65.4,106.5,99,
2001年9月,86.3,87.6,83.7,85.2,90,97.8,68.8,59.1,70.7,65.1,58.2,59.2,63.6,68.2,67.1,63.9,52.1,50.3,84.7,61,68.7,94.7,91.8,72,97.8,86.5,102.7,104.2,74.1,71.1,73.1,70.8,38.2,84.5,106.3,187.1,119.5,92.7,71.2,84.1,87.6,87.7,90.2,95.8,90,88.6,92.4,80.2,83,95.2,70.3,91.4,100.3,105.8,83.4,99.4,84.8,82.1,172.1,112.9,135.1,74.1,76.7,97.1,690.2,88.9,75.5,81,82.6,88.5,103.2,58.3,43.9,93.1,65.4,106.5,96.4,
2001年10月,86.3,87.6,83.7,85.1,89.9,97.7,68.8,60,70.6,64.9,57.7,58.6,63.4,68.6,67.6,64.8,54.9,53.2,84.4,60.4,68.7,94.7,91.9,71.9,97.8,86.5,102.8,104.2,74.1,71.3,73.5,70.9,38.2,84.7,106.1,186,119.1,92.9,71,83.8,87.7,88.4,91.2,95.6,91.2,88.7,92.6,80.3,83.1,96.6,70.2,91.3,100.2,105.5,83.4,99.6,84.6,82.5,172.1,112.9,135.1,74.1,76.7,96.2,675.6,88.7,75.6,80.1,82.6,88.5,103.1,58.4,43.9,93.1,65.5,106.5,95.6,
2001年11月,85.8,87.5,83.1,84.9,89.8,97.5,67.7,54.8,70.6,64.8,57.1,57.5,63.3,68.6,61.7,55.6,49.8,48,84.7,60.3,68.6,94.6,91.9,71.9,97.8,86.4,102.7,104.1,74,71.2,73.5,70.9,37.7,84.7,105.8,184.8,119,92.3,70.9,83.7,87.7,88.4,91.7,95.8,91.7,88.1,91.8,80.2,83,96.5,70.3,91.2,100.1,105,83.4,99.4,84.7,82.2,171.9,112.9,135.1,74.1,76.7,95.3,665.5,88.7,75.5,78.8,82.5,88.5,102.9,58.3,43.9,93.1,65.3,106.5,94.7,
2001年12月,85.7,87.4,83,84.9,89.7,97.5,67.6,54.2,70.5,64.6,57.8,58.7,63.2,69.3,60.6,54.1,48,46.2,84.2,60.1,68.7,94.4,91.8,71.9,97.9,86.4,102.8,104.2,74,71.2,73.5,70.9,36.7,84.7,105.5,184,118.8,92.3,70.8,83.5,87.7,87.6,90.4,94.2,90.5,87.5,90.9,80.1,82.6,96.6,70.3,91.2,100.1,104.7,83.4,99.3,85.1,81.9,171.7,112.9,135.1,74.1,76.7,95.8,659.1,88.4,75.7,79.7,82.4,88.5,102.7,58.2,43.9,93.1,64.9,106.5,95.3,
2002年1月,85.6,86.9,82.8,84.3,89.3,96.8,68.4,58.6,70.5,64.4,59.4,61.1,63.6,67.9,64.7,60.5,52.2,50.6,84.3,60,68.8,94.4,91.8,71.9,97.8,86.4,102.8,104.1,74,71,73.4,70.7,36.2,84.7,105.1,182.7,118.4,91.7,70.6,83.2,87.7,82.2,82,93.9,81.2,82.3,83.6,79.3,81.2,94.7,70.2,91.2,100,104.4,83.4,99.1,84.9,81.7,171.7,112.9,135.1,74.1,76.7,94.8,642.6,88.5,75.6,78.5,82.5,88.5,102.7,58.3,43.9,93.1,64.8,106.4,94.4,
2002年2月,85.1,86.8,82.4,84.1,89.1,96.5,67.9,55.4,70.6,64.2,58.4,59.4,63.8,68.8,60.6,54.3,51.4,49.5,84.3,59.9,68.3,94.5,91.8,72.4,97.8,86.4,102.8,104.1,73.9,71,73.4,70.8,35.8,84.7,104.5,180.4,117.8,91,70.6,83.1,87.8,80.2,78.8,92.8,77.8,80.3,80.7,79.1,81.2,94.5,70.1,91.1,99.8,104.2,83.4,99,84.8,81.6,171.6,112.9,135.1,74.1,76.7,94.1,630.7,88.2,75.6,77.8,82.5,88.5,102.6,58.5,43.9,93.1,64.6,106.4,93.7,
2002年3月,85.3,86.9,82.6,84.3,89.4,96.8,67.9,55,70.6,64.4,59.7,61.7,63.7,68.8,59,51.8,50.2,48.3,84,60.2,68.6,94.4,91.7,72.5,97.8,86.3,102.8,104.1,73.9,70.9,73.4,70.5,35.6,84.7,104.1,179,117.1,90.2,70.5,82.9,87.8,82.4,83.9,92.5,83.4,80,80.3,79.3,82.2,95.4,70.1,91.1,99.8,104.3,83.4,99.1,85.4,81.6,171.6,112.9,135.1,74.1,76.9,94.7,624.3,88.7,75.4,78.7,82.7,88.5,102.2,59.4,43.9,93.1,64.5,106.4,94.5,
2002年4月,85.6,87,82.8,84.4,89.5,97,68.1,57.3,70.5,64.5,60.4,63,63.5,68.1,62,56.5,50.5,48.6,83.9,60.2,68.5,94.3,91.7,72,97.7,86.2,102.7,104.1,73.7,70.2,71.7,70.3,35.5,85.3,104.1,179.8,117.1,89.5,70.4,82.9,88.2,85.8,86.9,92.5,86.6,86.9,90.3,79.5,82.4,96.6,70.1,90,99.4,103.6,81.8,99,84.7,81.6,171.6,114.2,136.4,74.1,77.8,94.9,626.1,88.1,75.5,79.2,82.7,88.5,102.4,59.6,43.9,93.3,63.8,107.3,94.5,
2002年5月,85.8,87.1,83.2,84.5,89.6,97,68.8,60.3,70.6,64.5,60.5,63.3,63.4,68.1,64.6,60.4,55.7,54,83.7,60.2,68.6,94.2,91.7,72.5,97.5,86.1,102.5,103.9,73.6,70.2,71.7,70.3,35.7,85.3,103.9,178.6,116.9,90.3,70.3,82.9,88.2,86.5,88.7,92.4,88.7,86.4,89.6,79.6,82.4,96.5,70.1,89.9,99.4,102.9,81.8,99.4,84.8,82.1,171.6,114.2,136.4,74.1,77.8,94.9,628,88,75.6,79.2,82.7,88.5,102.2,59.5,43.9,93.3,64.2,107.3,94.5,
2002年6月,85.7,87,83.1,84.5,89.5,97,68.6,59.8,70.5,64.4,59.7,62,63.6,67.7,64.2,60,56.1,54.4,83.9,60.2,68.4,93.7,91.5,72.4,97.5,86,102.6,103.9,73.6,70.2,71.7,70.2,35.8,85.3,103.5,176.9,117.1,90.3,70.1,82.2,88.2,86.2,88.3,92.5,88.2,86.3,89.5,79.5,82.6,96.4,70,89.9,99.4,102.7,81.8,99.3,84.6,82.1,171.6,114.2,136.4,75.4,77.8,95,625.2,87.1,75.6,79.7,82.7,88.5,102.1,59.5,43.9,93.3,64.2,107.3,94.6,
2002年7月,85.4,86.8,82.8,84.3,89.3,96.8,68.2,57.9,70.3,64.3,58.7,60.3,63.4,67.5,64.9,61,50,48.3,83.3,60.1,68.4,93.1,91,72.5,97.6,86,102.6,104,73.6,70,71.4,70,35.8,85.4,103.1,175.7,116.5,90.5,70.1,81.8,88.2,83.1,84.3,92.4,83.8,82.1,83.3,79.5,81.3,94.8,70.1,89.7,99.4,101.9,81.8,99.2,85.1,82,170.8,114.2,136.4,75.4,77.8,95.5,619.7,87,75.5,80.7,82.7,88.5,102,59.5,43.9,93.3,63.9,107.3,95.1,
2002年8月,85.6,86.8,83,84.3,89.3,97,68.7,61,70.2,64.3,60.2,62.9,63.4,67.8,66.9,64.1,53.5,51.8,83.4,59.8,68.2,92.9,90.9,72.1,97.5,86,102.6,103.9,73.5,70,71.4,70,35.7,85.4,102.8,174,116.1,90.2,70,81.8,88.2,81.1,81.8,92.3,81.1,79.4,79.2,79.4,80.6,94.3,70.1,89.7,99.4,101.8,81.8,99.6,87,81.7,171.6,114.2,136.4,75.4,77.8,97.5,604.2,88.1,75.6,83.4,82.7,88.5,102,59.4,43.9,93.3,63.8,107.3,97.4,
2002年9月,85.6,86.8,82.9,84.3,89.4,97,68.6,60.3,70.3,64.3,58.1,59.4,63.6,68.9,68.2,66.2,53.1,51.4,83.2,60,68.4,93,91,72.1,97.5,85.9,102.6,103.9,73.4,69.8,70.9,70,35.7,85.4,102.6,172.6,116,90.8,70,82.2,88.2,85.7,87.2,91.4,87.1,86.5,89.7,79.8,81.9,95.9,70.1,89.6,99.3,101.5,81.8,98.9,84.5,81.6,171.6,114.2,136.4,75.4,77.8,95.4,596.8,87.7,75.6,80.5,82.7,88.5,102,59.5,43.9,93.3,63.5,107.3,94.8,
2002年10月,85.5,86.8,82.8,84.3,89.3,96.9,68.5,59.5,70.3,64.3,58.4,59.8,63.8,69.5,65.9,62.7,54.1,52.5,83.2,59.7,68.4,92.8,90.9,72.1,97.5,85.9,102.5,103.9,73.4,69.3,69.8,69.8,35.7,85.4,102.5,172.4,115.8,90.9,69.7,82.2,88.2,86.4,88.3,91.5,88.4,86.6,89.7,80,82.4,97.3,70,91.1,99.1,101.5,84.3,99,84.5,81.6,171.6,114.2,136.4,75.4,77.8,94.3,584.9,86.6,75.7,79.5,82.7,88.5,101.8,59.5,43.9,93.3,63.1,107.3,93.9,
2002年11月,85.5,86.8,82.8,84.2,89.3,96.8,68.6,59.9,70.3,64.3,58.2,59.6,63.8,69.2,68.6,66.8,50.5,48.8,82.5,59.8,68.6,92.9,90.9,72.1,97.4,85.9,102.5,103.8,73.3,69.3,69.8,69.8,36.1,85.4,102.3,171.4,116.1,90.1,69.8,82.2,88.2,86.4,88.8,91.1,88.9,85.8,88.5,80.2,82.2,97.7,70,91,99.1,101.1,84.3,99,84.4,81.8,171.6,114.2,136.4,75.4,77.8,93.9,574,87.4,75.6,78.8,82.6,88.5,101.6,59.5,43.9,93.3,63.3,107.3,93.5,
2002年12月,85.5,86.8,82.8,84.2,89.3,96.9,68.4,59.4,70.3,64.2,58.3,59.9,63.8,69.8,67,64.4,51.4,49.7,82.6,59.7,68.6,92.5,91,72.1,97.5,85.9,102.6,103.8,73.3,69.3,69.8,69.7,36.3,85.4,101.9,169.3,116,90.1,69.7,82.1,88.2,86,88.3,90.9,88.3,85.2,87.7,79.9,82.1,97.7,70.1,90.9,99,100.6,84.3,99.1,84.8,81.8,171.6,114.2,136.4,75.4,77.8,94.4,567.6,87.2,75.6,79.7,82.7,88.5,100.9,60.2,43.9,93.3,63.3,107.3,93.9,
2003年1月,85.2,86.2,82.4,83.6,88.6,96.1,68.8,61.9,70.2,64.1,59.2,61.2,64,67.7,69.5,68.4,53.6,51.9,82.4,59.8,68.4,92.5,91,72.1,97.5,85.8,102.6,103.8,73.2,69.4,69.7,69.7,37,85.4,101.4,167,115.2,89.3,69.7,82.2,88.2,80.4,79.2,90.9,78.5,80.1,80.5,79.1,81.1,95.9,70.1,90.8,99,100.4,84.3,99.1,84.7,81.8,171.4,114.2,136.4,75.4,77.8,93.2,562.1,87.1,75.6,78,82.7,88.5,101.2,60.3,43.9,93.3,63.3,107.4,92.8,
2003年2月,84.9,86.1,82.2,83.5,88.6,95.9,68.6,60.6,70.2,64.1,58.7,60.5,64.1,68.6,68.2,66.5,52,50.4,82.5,59.8,68.3,92.3,91,72.1,97.5,85.7,102.6,103.7,73.1,69.5,69.7,69.7,37.3,85.4,101.2,166,114.6,88.5,69.7,82.6,88.2,78.6,76.7,90.5,75.7,77.8,77.3,78.6,80.9,95.8,70.1,90.8,99,100.2,84.3,99.1,84.5,81.9,171.4,114.2,136.4,75.4,77.8,93,551.1,87,75.6,78,82.7,88.5,101.3,60.1,43.9,93.3,63.5,107.4,92.6,
2003年3月,85.2,86.4,82.4,83.7,88.8,96.3,68.5,60.4,70.1,64.1,59.6,61.9,63.9,68.4,67.1,64.8,51.7,50,81.7,59.8,68.3,91.8,90.7,72.2,97.5,85.7,102.6,103.7,73.1,69.5,69.7,69.7,37.7,85.5,100.9,165.2,113.7,88.2,69.5,82.7,88.2,80.9,81.8,90.2,81.3,78.1,77.5,79.1,81.3,96,70,90.8,98.9,100.4,84.3,99.6,85.4,82.4,171.4,114.2,136.4,75.4,77.8,93.6,543.8,87.4,75.6,78.9,82.9,88.5,100.9,61.2,43.9,93.3,64,107.3,93.4,
2003年4月,85.5,86.7,82.8,84.1,89,96.7,68.6,61,70.1,64,59.7,62.2,63.9,68.1,69,67.6,49.7,48,81.8,59.8,68.2,91.9,90.6,72,97.5,85.7,102.7,103.7,73.1,69.9,70,70.3,38.2,85.7,101.1,166,113.5,88.1,69.5,82.9,88.5,84,84.4,90.1,84.2,84.5,86.8,79.5,81.6,96.9,69.8,94.6,99,100.2,91,99.5,84.6,82.4,171.4,114.6,137.6,74.3,77.2,93.1,539.2,86,75.6,78.8,82.9,88.5,100.9,61.5,43.9,92.9,64.4,107.7,92.8,
2003年5月,85.6,86.8,82.9,84.2,89.2,96.8,68.7,62,70.1,64.3,58.3,60,64.1,67.5,68,66,58.6,57.1,81.8,59.7,68.2,91.3,90.9,72,97.5,85.7,102.7,103.8,73.1,69.9,70,70.3,38.1,85.7,100.9,165.2,113.7,88.6,69.4,82.7,88.5,84.9,86.3,90,86.4,84.8,87.4,79.3,81.4,96.8,69.8,94.6,98.9,100.2,91,99.4,84.7,82.3,171.4,114.6,137.6,74.3,77.2,93.4,531.9,86.6,75.6,79.1,82.9,88.5,100.6,61.6,43.9,92.9,64.4,107.7,93.1,
2003年6月,85.4,86.7,82.7,84,89.1,96.8,68.3,60,69.9,64.2,58,59.5,64,67.3,65,61.6,57.9,56.4,81.6,59.7,68.1,91.1,90.7,72,97.6,85.7,102.8,103.7,73,69.8,70,70.3,38,85.7,100.5,164.1,112.7,88.4,69.3,82.6,88.5,84.6,86,90.3,85.9,84.4,86.8,79.3,81.3,96.8,69.8,94.5,98.9,100.1,90.9,99.1,84.6,81.9,171.4,114.6,137.6,74.3,77.2,93.4,527.3,85.4,75.6,79.6,82.8,88.5,100.4,61.6,43.9,92.9,64.1,107.7,93,
2003年7月,85.2,86.7,82.5,84,89.1,96.8,67.8,57.4,69.9,64.1,57.4,58.6,64,67,64.6,60.9,50.6,48.9,81.6,59.8,67.9,90.9,90.5,72.2,97.6,85.7,102.8,103.7,73,69.9,70.2,70.4,37.8,85.8,100.5,163.3,112.3,88.1,69.1,83.6,88.5,81.5,82.2,90.2,81.8,80.2,80.5,79.3,80.2,94.6,69.9,94.5,98.8,100.1,90.9,99.3,85.5,81.8,171.4,114.6,137.6,74.3,77.2,94.4,524.5,85.2,75.8,81.1,83.8,88.5,100.2,61.4,47.5,92.9,64,107.7,94.1,
2003年8月,85.4,86.8,82.7,84.1,89.2,96.9,68,58.8,69.9,64.1,58.3,60,64.3,67,65.4,62.3,52,50.3,81.5,59.6,67.9,90.4,90.4,72.2,97.6,85.5,102.7,103.7,72.8,69.9,70.2,70.4,37.8,85.8,100.1,161.9,111.5,88,68.9,83.3,88.5,79.3,79.4,89.7,78.7,77.4,76.3,79.3,79.8,94.4,69.9,94.4,98.7,99.9,90.9,99.6,87.4,81.6,171.4,114.6,137.6,74.3,77.2,96.2,519,85.5,75.9,83.9,84,88.6,100.4,61.8,47.5,92.9,64,107.7,96.3,
2003年9月,85.5,86.8,82.8,84.2,89.2,96.9,68.3,59.6,70.1,64.5,56.5,56.8,64.4,67.8,68.7,67.2,52.6,50.9,81.2,59.8,67.9,90.3,90.4,72.2,97.5,85.5,102.7,103.6,72.8,69.9,70.2,70.4,37.8,85.8,100,161,111.7,88.7,68.8,83.6,88.5,84.5,85.5,90,85.4,84.8,87.1,79.7,81.3,96.4,69.9,94.4,98.7,99.6,90.9,98.9,84.6,81.6,171.4,114.6,137.6,74.3,77.2,94.2,512.6,85.7,75.8,80.9,84.1,88.6,100.3,62.6,47.5,92.9,64,107.7,93.7,
2003年10月,85.5,86.8,82.8,84.3,89.3,96.8,68.3,58.4,70.3,67.3,56.6,57.1,64.1,68.2,65.3,61.9,54.8,53.2,81.8,59.9,67.9,90.6,90.3,72.2,97.4,85.5,102.6,103.7,72.8,69.8,70,70.3,37.6,85.8,99.5,158.6,111.1,88.6,68.7,83.6,88.5,85,86.4,90.2,86.5,85,87.4,79.8,81.6,97,69.8,94.3,98.7,99.3,90.9,98.9,84.9,81.5,171.2,114.6,137.6,74.3,77.2,93.7,507.1,86.6,75.8,79.8,84.1,88.6,100,62.7,47.5,92.9,63.9,107.7,93.3,
2003年11月,85,86.7,82.3,84.1,89.1,96.6,67.6,54.2,70.5,68.8,56.6,57.2,64.3,68,60.1,54,50,48.3,80.6,60,67.9,90.4,90.3,72.2,97.4,85.4,102.6,103.6,72.7,69.8,70,70.3,37.4,85.8,99.3,157.3,111.1,88.7,68.6,83.7,88.5,85.1,87,90.1,87,84.7,86.8,80,81.5,97,69.9,94.2,98.6,98.9,90.9,98.8,84.8,81.3,171.2,114.6,137.6,74.3,77.2,92.3,500.7,84.8,75.8,78.5,84.1,88.6,99.9,62.7,47.5,92.9,63.8,107.7,92.1,
2003年12月,85.1,86.8,82.4,84.1,89.2,96.6,67.9,55.5,70.6,69.6,57.3,58.5,64.3,68.1,62,56.9,48.9,47.2,81.3,59.9,67.8,90.4,90.1,72.2,97.4,85.4,102.6,103.6,72.7,69.8,70,70.3,37.1,85.9,98.9,155.7,110.9,88.7,68.5,83.1,88.5,84.8,86.2,90.2,86.2,84.6,86.7,80,81.4,97.1,69.8,94.2,98.5,98.6,90.9,98.8,85.4,81.3,171,114.6,137.6,74.3,77.2,92.8,496.2,85.3,75.9,79.1,84.1,88.6,99.8,62.7,47.5,92.9,63.8,107.7,92.6,
2004年1月,84.9,86.1,82.2,83.5,88.6,95.7,68.8,60,70.6,70.5,58,59.8,64.6,66.3,67.2,65.1,52.7,51.1,81.2,59.8,67.8,90.3,90.1,72.2,97.3,85.3,102.5,103.5,72.7,69.7,70,70.3,36.8,85.9,98.3,154,110.4,87.3,68.5,83,88.5,79.2,77.5,89.4,76.7,79,78.9,78.9,80.1,95,69.8,94.1,98.5,98.1,90.9,98.5,85.4,80.7,170.8,114.6,137.6,74.3,77.2,91.5,487,84.9,76,77.4,84,88.6,99.5,62.7,47.5,92.9,63.6,107.7,91.5,
2004年2月,84.9,86.1,82.2,83.4,88.6,95.5,69.1,60.8,70.8,70.6,57.4,58.7,65.5,67.2,68.1,66.6,55,53.4,81.2,59.8,67.8,90.2,90,72.5,97.4,85.3,102.6,103.5,72.6,69.7,70,70.2,36.7,85.9,97.9,152.2,109.8,87,68.5,82.8,88.5,77.8,75.2,89.8,74.1,77.6,76.9,78.9,80.3,95,69.9,94.2,98.5,98.2,90.9,98.2,84.8,80.6,170.8,114.6,137.6,74.3,77.2,91.4,482.4,84.9,75.9,77.4,84.1,88.6,99.8,62.9,47.5,92.9,63.6,107.7,91.2,
2004年3月,85.1,86.3,82.3,83.7,88.7,95.9,69,59.9,70.8,70,58.3,60.2,65.8,67.2,66.5,63.8,53.6,51.9,80.6,60,68,89.7,89.9,72.7,97.4,85.2,102.6,103.5,72.5,69.7,70,70.2,36.7,85.9,97.7,151.1,109.7,86.4,68.8,82.7,88.5,80.3,80.3,90.4,79.7,78.2,77.6,79.3,81.3,95.7,69.9,94.1,98.4,97.9,90.9,98.4,85.9,80.6,170.6,114.6,137.6,74.3,76.9,92,477.8,85.1,75.9,78.4,84,88.6,99.7,62.7,47.5,92.9,63.6,107.6,92.1,
2004年4月,85.1,86.5,82.3,83.8,88.9,96.1,68.6,58.1,70.7,69.1,58.5,60.7,65.7,67,65.2,61.9,48.7,47.1,80.8,60,67.9,89.7,89.9,73,97.4,85.2,102.6,103.4,72.6,69.5,69.7,69.9,36.9,86.1,97.5,150.9,109.4,85.6,68.6,82.7,88.9,83.4,83.4,90.3,83.1,84.2,86.4,79.3,81.3,96.4,70.1,93.3,98.1,97.9,89.8,98.3,84.7,80.8,170.6,115.4,138.4,74.3,77.9,92.1,476,84.9,76.1,78.4,84.1,88.7,99.7,62.8,47.5,93,63.9,108.4,91.8,
2004年5月,85.2,86.5,82.5,83.9,88.9,96.2,68.7,59.1,70.7,68.6,58.6,61.1,66,67.3,63.3,58.9,56.1,54.6,80.6,60.2,67.9,88.7,89.8,73,97.3,85.2,102.5,103.3,72.6,69.5,69.7,69.8,37,86.1,97.3,149.9,108.8,86.8,68.6,82.2,89,84.5,85.2,90.5,85.1,85,87.6,79.3,81.2,96.5,70.1,93.4,98.2,98.2,89.8,98.5,84.8,81,170.6,115.5,138.6,74.3,77.9,92.1,469.6,84.1,76.2,78.9,83.8,88.7,99.4,62.2,47.5,93,64,108.4,91.9,
2004年6月,85.4,86.6,82.7,83.9,88.9,96.1,69,60.9,70.6,68.2,57.6,59.3,65.7,67.7,66.7,64.3,57.8,56.3,80.4,60,68.1,88.9,89.8,73,97.3,85.2,102.5,103.3,72.5,69.7,69.7,69.8,38,86.2,97,149.1,108.2,87,68.3,82,89,84.2,85.1,90.3,84.9,84.7,87.2,79.5,81.1,96.4,70.1,93.4,98.3,98.1,89.8,99.1,84.8,81.9,170.6,115.5,138.6,74.3,77.9,92.1,465,83.8,76.1,79.1,83.8,88.8,99.5,62,47.5,93,64.9,108.5,91.9,
2004年7月,85.1,86.5,82.3,83.8,88.7,96,68.4,57.8,70.6,67.8,56.9,58.2,65.8,67.7,63.9,60.1,53.5,51.9,80.2,60.1,68.2,88.8,89.8,73,97.3,85.2,102.5,103.3,72.5,69.7,69.8,69.8,38.2,86.3,96.6,148.2,107.9,86.8,68.2,81.4,89,80.9,80.9,90.3,80.5,80.4,80.8,79.4,79.6,94.5,70.1,93.3,98.2,97.9,89.8,99.4,85.8,82.1,170.5,115.5,138.6,74.3,77.9,93,460.5,83.6,76,80.7,83.7,88.7,99.3,61.8,47.5,93,65.1,108.5,93,
2004年8月,85.2,86.6,82.5,84,88.8,96.2,68.4,57.8,70.6,67.6,57.2,58.7,66.4,67.6,63.3,59.2,54.2,52.6,79.8,60,68.1,88.2,89.6,73,97.2,85.2,102.4,103.2,72.5,69.8,69.8,69.8,38.3,86.3,96.4,147.2,108,86.3,68.1,81.3,89,79.3,79,90.2,78.3,77.9,77.2,79.3,79.5,94.2,70.1,93.3,98.2,97.9,89.9,99.8,87,82.2,170.5,115.5,138.6,74.3,77.9,94.9,454,84.1,76.2,83.4,83.7,88.7,99.2,61.7,47.5,93,65.2,108.5,95,
2004年9月,85.5,86.8,82.8,84.2,88.9,96.2,68.7,59.7,70.6,66.6,55.8,56.2,66.3,68.7,69.4,68.5,51.9,50.3,80.7,60.2,68,88.5,89.5,73,97.1,85.1,102.4,103.2,72.4,70.1,69.8,69.8,40.7,86.5,96.4,146.8,107.6,87.1,68.3,81.3,89,84.6,85.5,90.3,85.5,85.7,88.4,79.8,80.6,96.1,70.1,93.3,98.2,97.9,89.9,99.9,84.9,83,170.5,115.5,138.6,74.3,77.9,93,447.6,84.3,76.1,80.5,83.8,88.7,99.6,61.8,47.5,93,66.3,108.5,92.7,
2004年10月,85.9,86.8,83.3,84.2,88.9,96.3,69.9,66.4,70.4,65.1,56.4,57.1,66.6,69.3,77.2,80.5,58.6,57.2,80.7,60.2,68.2,88.3,89.5,72.8,97.2,85,102.4,103.2,72.3,70,69.2,70,41.4,86.5,96.5,147.2,107.2,87.5,68.3,81.4,89,85.6,87.4,90.6,87.5,86.4,89.3,80.1,80.5,96.6,70.1,93.3,98.3,97.6,89.9,99.9,84.9,83.1,170.5,115.5,138.6,74.3,77.9,92.5,445.8,84.9,76.2,79.7,83.9,88.8,99.5,62,47.5,93.1,66.1,108.5,92.3,
2004年11月,85.7,86.5,83.1,83.9,88.6,95.9,69.9,66.7,70.4,64.5,56.2,56.6,66.8,69.6,79.3,83.6,56.1,54.6,80.6,60,68,88,89.5,72.8,97.2,85,102.4,103.2,72.3,70.2,69.2,70.1,43.3,86.5,96.3,147,107.5,87.3,68.2,80.9,89,86.1,88.3,90.7,88.5,86.4,89.3,80,80.4,96.6,70.1,93.3,98.2,97.5,89.9,99,84.8,83.2,162.8,115.5,138.6,74.3,77.9,91.5,440.3,84.8,76,78.3,83.8,88.8,99.4,62.1,47.5,93.1,66.5,108.5,91.3,
2004年12月,85.3,86.6,82.7,83.9,88.7,95.9,68.8,60.6,70.4,64.1,56.6,57.1,66.7,71.6,67.8,65.9,57.3,55.8,81,59.9,68.1,88.4,89.4,72.8,97.2,85,102.4,103.2,72.2,70.3,69.2,70.3,43.8,86.5,95.8,146,106.9,86.6,68,80.4,89,85.5,87.6,90.6,87.7,85.7,88.3,80,80.2,96.4,70.1,93.2,98.1,97.3,89.9,99,85.7,82.9,162.8,115.5,138.6,74.3,77.9,91.8,433,84.3,76.3,78.9,84,88.8,98.7,62.9,47.5,93.1,66.4,108.5,91.8,
2005年1月,85.1,86.2,82.3,83.5,88.3,95.5,69.1,62.6,70.3,63.7,58.1,59.6,67.2,69.2,69.2,68.2,58.2,56.7,80.4,60.2,68.2,88.2,89.8,72.9,97.2,85,102.5,103.1,72.2,70,68.5,70.4,43.3,86.4,96,147.2,106.4,85.7,67.8,80.3,89.1,79.9,79,89.9,78.3,80.6,81.2,79.3,79.5,92.4,70.2,93.3,98.3,97.2,90,98.6,85.4,82.6,159.4,115.6,138.4,74.3,78.1,91.7,452.4,84.5,76.3,77.3,84.1,88.8,98.9,63.3,47.5,94.1,65.8,108.3,91.7,148.5
2005年2月,84.9,86,82,83.2,88.1,95.1,69,61.7,70.4,63.6,57.5,58.5,67.2,71.1,69,67.8,56.5,55,80.8,60,68.2,88.2,90,72.9,97.2,85,102.5,103.1,72.2,70,68.5,70.3,43.3,86.4,95.6,145.4,105.7,85.3,67.8,80.2,89.1,77.7,75.3,90.4,74.3,78.9,78.8,79.1,79.4,92.1,70.2,93.3,98.3,97.2,90,98.2,84.6,82.5,159.4,115.5,138.4,74.3,78.1,91.2,440.2,83.9,76.2,77.4,84.1,88.6,99.1,63,47.5,94.1,65.6,108.3,91.2,148.5
2005年3月,85.1,86.2,82.3,83.6,88.4,95.5,69,61.5,70.5,63.5,58,59.3,67.1,71.6,68.3,66.8,56.5,55,80.2,60.2,68.2,87.9,90,72.9,97.2,84.9,102.5,102.9,72.2,70,68.5,70.3,43.4,86.4,95.3,144.7,106.5,84.7,67.8,79.8,89.1,81.4,82.8,90.5,82.4,79.4,79.2,79.8,79.5,95.2,70.2,93.3,98.3,96.9,90,98.7,86.5,82.5,159.4,115.5,138.4,74.3,78.1,91.6,432.5,84.6,76.2,78,84.1,88.6,98.7,63,47.5,94.1,65.7,108.3,91.9,148.4
2005年4月,85.2,86.5,82.4,83.8,88.5,95.8,68.6,59.8,70.3,63.2,57.7,59.1,67.2,71,67.4,65.4,52.2,50.7,80.3,60.1,68,88,89.9,72.8,97.2,85,102.5,103.1,72.2,70,67.5,70.6,46.8,86.5,95.5,145.4,105.5,85.7,67.9,79.7,89.3,84.2,85.1,90.6,84.8,85.4,87.8,80.1,79.9,95.5,70.3,93.3,98.2,97,90,99.2,84.8,83.9,159.6,116.2,139.5,74.2,78.2,91.7,426.5,84.2,76.2,78.6,84.2,88.9,98.9,63.3,47.5,94.2,66.7,108.9,91.6,148.4
2005年5月,85.3,86.6,82.6,84,88.6,95.9,68.7,60.2,70.3,63.4,57.3,58.2,67.1,70.5,65.9,63.1,58.2,56.8,80.2,60.2,68.3,88.1,89.8,72.9,97.2,85,102.5,103.1,72.2,70.1,67.5,70.6,47.4,86.5,95.4,145.2,105.5,85.4,67.9,79.7,89.3,85.1,86.3,90.8,86.3,86.1,89,80.1,79.8,95.3,70.3,93.3,98.2,96.9,90,99.5,85,84.3,158.8,116.3,139.5,74.2,78.2,91.8,418,84,76.2,79.2,84.1,88.9,98.5,63.2,47.5,94.2,67,108.9,91.8,147.9
2005年6月,85,86.4,82.2,83.8,88.5,95.7,67.9,56.1,70.3,63.3,56,56.1,67.3,69.7,60.7,55,57.3,55.9,80.2,60.2,68.3,87.5,89.7,72.9,97.2,84.9,102.4,102.9,72.2,70.1,67.5,70.6,47.3,86.6,94.7,142.9,105.3,85.1,67.7,79.3,89.3,84.7,85.8,90.8,85.7,85.8,88.3,80.5,79.6,95.3,70.3,93.2,98.2,96.7,90,99.1,84.4,84.1,158.5,116.3,139.5,74.2,78.2,91.5,405,83,76.3,79.4,84.1,88.9,98.8,63.2,47.5,94.2,66.8,108.9,91.4,147.9
2005年7月,84.9,86.3,82,83.7,88.3,95.5,67.9,56.5,70.2,63.3,56.6,57.2,67.5,68.6,63.2,58.9,51.8,50.2,79.7,60.2,68.3,87.2,89.7,72.9,97.1,84.9,102.4,102.9,72.2,70.1,67.5,70.3,48,86.6,94.3,141.3,104.9,84.5,67.6,79.1,89.3,81.1,81.5,90.4,81.1,81,81.2,80.3,78.5,92.9,70.3,93.2,98,96.1,90,99.7,85.4,84.5,158.8,116.3,139.5,74.2,78.2,92,401.8,83.2,76.3,80.4,84.1,88.9,98.6,62.9,47.5,94.2,67.1,108.9,92,147.9
2005年8月,85,86.4,82.2,83.7,88.3,95.6,67.8,56.6,70.2,63.5,56.8,57.7,67.5,68.1,61.5,56.5,54.8,53.2,79.9,60,68.4,87.1,89.4,72.9,97.1,84.8,102.4,102.8,72.2,70.2,67.5,70.3,49.3,86.6,94,141,104.3,84.3,67.5,78.9,89.3,79.6,79.9,89.4,79.4,78.6,77.9,80.2,78.1,92.4,70.4,93.2,98,96.1,90,100.4,86.8,85.2,158.8,116.3,139.5,74.2,78.2,92.8,390.9,83.4,76.8,82,84.1,88.9,98.4,62.8,47.5,94.2,67.8,108.9,93.2,147.9
2005年9月,85.2,86.6,82.4,84,88.5,95.8,68.1,58.2,70.2,63.2,56,56,67.3,68.4,66,63.2,53.6,52,80,60,68.6,87.1,89.4,73,97.2,84.9,102.5,102.9,72.2,70.4,67.5,70.3,50.9,86.6,94.2,141,104.6,84.8,67.7,78.9,89.3,85.5,87.4,90.1,87.4,86.4,88.9,80.9,79.2,94.8,70.4,93.1,98,96,90,100.2,84.9,85.5,158.5,116.3,139.5,74.2,78.2,91.6,384,83.5,76.6,80.2,84.1,88.9,98.4,63,47.5,94.2,68.4,108.9,91.5,147.9
2005年10月,85.2,86.7,82.4,84,88.5,95.8,68,57.4,70.2,62.9,55.8,55.7,67.3,69.1,64.7,61.3,53.9,52.3,80,60,68.6,86.6,89.4,72.9,97.2,84.8,102.5,102.8,72.1,71.1,68.4,70.7,52.1,86.9,94.3,141.2,105.1,85.7,67.6,79,89.3,86.3,88.8,90.1,88.9,87,89.7,81,79.5,95.5,70.4,93,97.1,96.4,90,100.2,84.9,85.6,158.5,116.3,139.5,74.2,78.2,91,373.9,83.3,76.6,79.8,84.2,88.9,98.1,63,47.5,95.1,69,108.9,91.1,147.9
2005年11月,84.9,86.4,82.1,83.7,88.2,95.4,67.6,55.7,70.1,62.6,56.1,56.1,67.2,68.5,63.6,59.5,49.7,48,79.4,60,68.6,86.4,89.3,72.9,97.2,84.8,102.6,102.8,72.1,71.2,68.4,71,52.9,86.9,94,139.9,105.2,85.9,67.6,79,89.3,86.7,89.6,90.2,89.9,86.9,89.6,81,79.3,95.6,70.5,93.1,97.8,96.1,90,98.9,84.7,85.3,152,116.3,139.5,74.2,78.2,90.3,366.6,83.7,76.6,78.7,84.2,88.9,98,63,47.5,95.1,69,108.9,90.3,143.4
2005年12月,85,86.4,82.1,83.7,88.3,95.5,67.7,56.3,70.1,62.4,57.3,58,67.3,68.8,64.1,60.4,47.7,46,79.5,60,68.8,86.1,89.1,72.9,97.3,84.8,102.7,102.9,72,71.4,68.4,71.5,53.2,86.9,93.6,139.3,104.9,85.1,67.5,78.5,89.3,86.6,89.4,90.2,89.6,86.5,89.2,80.8,79.5,95.5,70.5,92.6,96.5,95.5,90,99,85.8,84.9,152.5,116.3,139.5,74.2,78.2,90.5,364.1,84.1,76.7,78.9,84.3,88.9,97.5,64,47.5,95.1,68.8,108.9,90.7,143.4
2006年1月,85,86.1,82.3,83.4,87.8,94.8,69.1,63.8,70.1,62.3,57.4,58.1,67.3,67.2,74,75.9,53.6,52,79.8,60.1,68.6,86.2,89.3,73,97.3,84.9,102.7,102.9,72.1,72.6,69.4,72.4,56.9,87,93.5,139.2,103.8,84.8,67.6,78.4,89.3,80.3,79.6,89.6,79.1,81.5,82.2,80.1,78.9,91.7,70.6,93,97.7,95.5,90,98.8,85.3,84.8,152.5,116.3,139.5,74.2,78.2,89.5,358.5,83.8,76.8,77.6,84.4,89,97.6,64.3,47.5,95.1,69.7,109,89.7,143.4
2006年2月,84.8,86,81.9,83.2,87.6,94.7,68.4,60.1,70.1,62.4,57.2,57.8,67.4,68.2,68.1,66.8,53.4,51.8,79.6,60,68.6,86.1,89.2,73,97.4,84.8,102.7,102.8,72.1,73,69.4,72.9,59.7,87,93,137.4,103.1,84.2,67.4,78.6,89.3,78.7,77.1,89.7,76.3,79.5,79.2,80.1,78.9,92.5,70.7,93,97.7,95.8,90,98.7,84.4,85.1,152.3,116.3,139.5,74.2,78.3,89.2,350,84,76.6,77.5,84.5,88.9,98.2,64.4,47.5,95.1,70.3,109,89.2,143.4
2006年3月,85,86.3,82.1,83.6,87.8,95,68.1,58.6,70.1,62.3,57.8,58.8,67.4,68,65.5,62.7,52,50.3,79,60,68.6,86,89.2,73,97.2,84.8,102.5,102.8,72.1,73,69.4,73.1,59.1,87,92.9,136.9,103.6,83.9,67.6,78.4,89.3,82.1,83.7,90,83.5,80,80,80.3,79.7,94.7,70.8,93,97.6,95.5,90,99.3,86.4,85.3,152.3,116.3,139.5,74.7,78.3,89.8,347.6,84.9,76.6,78.3,84.3,88.9,97.5,64.5,47.5,95.1,70.5,109,90.3,143.4
2006年4月,85.1,86.4,82.3,83.7,88,95.2,68.2,59.4,70.1,62.3,58.9,60.4,67.6,68.1,67.3,65.5,48.9,47.2,78.8,60,68.5,85.6,89.2,73,97.2,84.8,102.5,102.8,72.1,72.8,68.4,74.1,58.8,87.3,93.2,137.4,103.5,84.9,67.6,78.5,89.5,84.9,86.1,89.6,86.1,85.9,88.4,80.5,79.9,94.6,71,92.2,97.5,95.6,88.8,99,84.7,85.3,152.2,117,140.5,74.4,78.8,90.2,345.5,84.5,76.6,79.2,84.5,88.9,97.7,65.3,47.5,94.7,70.3,109.5,90.3,143.4
2006年5月,85.4,86.6,82.7,83.9,88.1,95.4,68.7,61.6,70.1,62.3,58.3,59.5,67.7,68.2,68,66.6,56.8,55.4,78.9,60,68.4,85.4,88.9,73.3,97.3,84.9,102.6,103.1,72.1,73,68.4,74.1,60.1,87.3,92.9,137,103,84.4,67.6,78.2,89.5,85.6,87,89.6,87.1,86.6,89.6,80.3,79.9,94.5,71.2,92,96.8,95.6,88.8,99.7,84.8,86.4,152.2,117,140.5,74.4,78.8,90.7,342.3,84.5,76.6,80,84.5,88.9,97.4,65.7,47.5,94.7,71.3,109.6,90.7,143.4
2006年6月,85.4,86.6,82.7,83.9,88.1,95.3,68.8,61.9,70.1,62.2,57.6,58.2,67.4,67.9,67.4,65.7,60.8,59.4,78.7,60.2,68.7,85.6,88.7,73.3,97.3,84.9,102.6,102.9,72.2,73,68.4,74.1,60.2,87.4,92.7,135.6,103,84.7,67.8,78.2,89.5,85.5,86.8,89.8,86.8,86.6,89.5,80.6,79.9,94.4,71.2,92.1,97.5,95.4,88.8,99.6,84.2,86.4,152.3,117,140.5,74.4,78.8,90.7,333.8,84.1,76.8,80.4,84.6,88.9,97.7,65.9,47.5,94.7,71.3,109.6,90.6,143.4
2006年7月,85.1,86.5,82.4,83.8,88,95.2,68.3,59.2,70.1,62.1,57.7,58.3,67.7,67.5,65.5,62.7,54.9,53.4,78.8,60.2,68.6,85.4,88.6,73.3,97.2,84.9,102.5,102.9,72.2,72.9,67.9,74.6,60.2,87.4,92.6,135,103,84.3,68,77.8,89.7,82.1,82.9,89.6,82.7,82.1,82.9,80.6,79.5,92,71.2,92.2,97.4,95.6,88.8,99.9,85.4,86.6,152.2,117,140.5,74.4,78.8,90.7,328.9,83.6,76.8,80.7,85.3,88.9,97.6,65.7,51.8,94.7,71.4,109.6,90.8,143.4
2006年8月,85.7,86.7,83,84.1,88,95.2,69.4,65.8,70.1,62,59.3,61,68,67.3,72.7,74.1,59.8,58.5,78.4,60.1,68.7,85.3,88.6,73.3,97.1,84.9,102.3,102.9,72.2,73.2,67.9,74.6,62.4,87.4,92.2,134,101.6,83.7,68.1,77.8,89.7,80.6,80.9,89.4,80.5,79.9,79.7,80.4,79.3,91.8,71.2,92.2,97.5,95.8,88.8,101.1,86.8,88,152,117.1,140.5,74.4,78.9,91.7,320.5,84,76.9,82.5,85.3,88.9,97.5,65.7,51.8,94.7,72.8,109.6,92,143.4
2006年9月,85.7,86.8,83.1,84.2,88.2,95.3,69.2,64.1,70.2,62,58.9,60.3,68.1,68.2,70.3,70,59.8,58.5,79,60.1,68.9,85.1,88.6,73.4,97,84.9,102.3,102.9,72.2,73.2,67.9,74.6,62.7,87.4,92.3,133.9,102.3,84.7,68.2,77.9,89.7,85.9,88.1,89.6,88.2,86.2,88.7,80.8,80.2,93.9,71.3,92.2,97.4,96.2,88.8,100.6,84.5,88,152.2,117.1,140.5,74.4,78.9,90.5,314.4,84,76.7,80.9,85.3,88.9,97.4,66,51.8,94.7,72.9,109.6,90.4,143.4
2006年10月,85.5,86.8,82.9,84.2,88.2,95.4,68.8,62.1,70.2,61.9,58.4,59.5,68.2,68.6,67.7,66,59.4,58,78.8,60.1,68.9,85.2,88.6,73.4,97,84.9,102.3,102.8,72.2,73.1,68.1,74.6,61.5,87.4,92.5,134,102.3,85.6,68.2,78.1,89.7,87.1,89.8,89.9,90.1,87.1,90,81,80.2,95.3,71.3,93.2,97.4,96.3,90.3,100.2,84.4,87.3,152,117.1,140.5,74.4,78.9,89.8,310.3,82.9,76.8,80.4,85.3,88.7,97.6,66.1,51.8,94.7,72.3,109.6,89.9,143.4
2006年11月,85.1,86.6,82.4,84,88.1,95.2,68.1,57.4,70.3,61.9,58.3,59.4,68.4,68.4,60.9,55.6,57,55.6,79.2,60.1,69.1,85.3,88.5,73.5,97,84.9,102.2,102.7,72.2,72.8,68.1,74.4,59.6,87.4,92.6,133.2,102,85.6,68.1,79.5,89.7,87.2,90.2,89.9,90.6,87,89.8,80.8,80.4,95.5,71.4,93.2,97.3,96.5,90.3,99.5,84.2,86.3,151.8,117.1,140.5,74.4,78.9,89,303.9,82.9,76.8,79.4,85.4,88.9,97.4,66.6,51.8,94.7,71.2,109.6,89.1,143.2
2006年12月,85.2,86.5,82.4,83.9,88.1,95.2,68.3,58.8,70.2,61.7,58.4,59.5,68.3,69,62.4,58,58.4,57.1,79.2,59.9,69.1,85,88.5,73.6,97,84.9,102.3,102.8,72.2,72.8,68.1,74.4,58.9,87.4,92.5,132.2,101.9,85.5,68.2,79.4,89.7,87,89.8,89.9,90.1,86.9,89.7,80.9,80.2,95.4,71.5,93.1,97.1,96.5,90.3,99.3,85,85.8,151.8,117.1,140.5,74.4,78.9,89.2,296.6,83.4,77,79.6,85.3,88.7,96.9,66.7,51.8,94.7,70.8,109.6,89.3,143.2
2007年1月,85,86.1,82.3,83.5,87.7,94.7,69,62.6,70.2,61.8,59.1,60.5,68.8,67.6,66.9,64.8,61.7,60.4,78.4,60,69.2,84.7,88.2,73.6,97.1,84.9,102.3,102.7,72.2,73.3,68.9,74.9,58.7,87.4,92.3,131.3,101.7,85,68.3,79.7,89.7,80.8,80.4,89.2,79.9,81.5,82.2,79.9,79.9,91.2,71.5,92.7,95.9,96.3,90.3,99.2,84.8,85.7,152,117.1,140.5,74.4,79.2,88.3,292.1,83.4,77.1,78.4,85.3,88.5,97.4,66.7,51.8,94.7,71,109.8,88.5,143.2
2007年2月,84.6,85.9,81.8,83.2,87.5,94.4,68.4,59.5,70.2,61.8,58.4,59.3,68.5,68.2,63.5,59.5,59.2,57.9,79.1,60.1,69,85.1,88.2,73.6,97.1,84.9,102.4,102.7,72.3,73.1,68.9,74.9,56.7,87.4,91.8,130,101.1,84.2,68.3,79.8,89.7,79,77,89.6,76.2,79.9,80,79.9,80.5,91.7,71.5,92.7,95.9,96,90.3,98.3,84.3,84.9,150.3,117.2,140.5,75.6,79.2,88.2,290.1,83.5,76.8,78.4,85.4,88.6,97.3,66.8,51.8,94.7,70.2,109.8,88.3,142
2007年3月,84.9,86.1,82.1,83.4,87.8,94.7,68.6,60.7,70.2,61.8,59.3,61,68.7,68.2,64.7,61.5,58.4,57,78.8,60.3,69,84.7,87.9,73.6,97,84.9,102.3,102.7,72.3,73,68.9,74.9,56.2,87.4,91.3,128.6,100.8,83.6,68.2,79.3,89.7,82.4,83.6,89.7,83.4,80.5,80.7,80.2,81,94.2,71.7,93,97.1,95.9,90.3,98.2,85.1,84.9,148.7,117.2,140.5,75.6,79.3,88.6,287.3,84,76.9,79,85.3,88.5,97.3,66.7,51.8,94.7,70.1,109.8,89,140.9
2007年4月,85.1,86.3,82.3,83.7,87.9,95,68.7,61,70.2,61.9,60.1,62.1,68.7,67.9,67,65.1,53.2,51.7,78.8,60.3,68.9,84.7,88,73.6,97,84.8,102.2,102.7,72.2,72.8,68.5,75,56.5,87.4,91.8,129.6,100.5,84.8,68.4,79.5,89.7,85.5,86.6,89.7,86.6,86.4,89.1,80.4,81,94.5,71.7,93.2,97.1,95.9,90.5,98.4,84.9,85.3,148.7,117.9,141.3,75.6,79.7,88.9,283.6,83.2,76.9,79.9,85.5,88.8,97.2,66.8,51.8,94.9,70.3,110.3,89.2,140.9
2007年5月,85.4,86.5,82.7,83.9,88,95.1,68.9,62.1,70.2,61.8,59.7,61.5,68.7,67.7,66.4,64.2,59.3,57.9,79,60.3,69,84.8,87.9,73.6,97,84.9,102.3,102.8,72.2,73.1,68.5,75,58.8,87.4,91.6,128.7,101.1,84.6,68.4,79.6,89.7,86.1,87.4,89.5,87.5,87.5,90.7,80.5,81,94.5,71.7,93.2,97.1,96.2,90.6,99.1,84.9,86.3,148.7,117.9,141.3,75.6,79.7,89.4,280.8,83.2,76.9,80.7,85.5,88.7,97.3,67,51.8,94.9,71.4,110.3,89.5,140.9
2007年6月,85.2,86.5,82.5,83.8,87.9,94.9,68.6,60.1,70.3,61.8,58.1,58.9,68.8,67.6,63.3,59.4,62.1,60.8,79.2,60.3,69.1,84.8,87.9,73.6,97,84.8,102.3,102.8,72.1,73.2,68.5,75,59.5,87.3,91.2,127.2,100,84.4,68.6,79.5,89.7,85.8,87,89.3,87.1,87,90,80.3,81,94.4,71.7,93.1,97.1,95.7,90.6,99.4,84.5,86.9,148.7,117.9,141.3,75.6,79.7,88.9,273.9,82.2,76.9,80.5,85.4,88.6,97,67.1,51.8,94.8,72,110.3,89,140.9
2007年7月,85.1,86.4,82.3,83.7,87.8,94.8,68.5,59.7,70.3,61.7,58.1,59.1,68.8,67.1,65.3,62.4,55.9,54.5,79.9,60.4,69.2,84.6,87.7,73.7,97,84.9,102.3,102.8,72.3,73.1,68.4,74.8,60.1,87.3,90.8,125.7,100.3,84.2,68.5,79.3,89.8,82.6,83.3,89.2,83.1,82.6,83.8,80.2,80.4,91.9,71.7,92.9,96.3,95.7,90.6,100,85.6,87.5,148.7,117.9,141.3,75.6,79.6,89.1,272.7,81.9,76.9,81.1,85.3,88.4,97.2,66.9,51.8,94.8,72.3,110.3,89.4,140.9
2007年8月,85.5,86.6,82.8,84,87.9,95,69.2,63.5,70.3,61.7,58.9,60.6,68.9,67.3,68.6,67.7,60.8,59.4,79.7,60.3,69,84.7,87.6,73.9,97,84.8,102.2,102.7,72.2,73.3,68.4,75,61.4,87.3,90.5,124.3,99.8,83.4,68.6,79.5,89.8,81.2,81.6,89.2,81.3,80.4,80.6,80.1,80.5,91.7,71.8,93,97,95.3,90.6,100.9,87.1,88.3,148.7,117.9,141.3,75.6,79.6,90.6,268.3,82.4,77.1,83.4,85.7,88.6,97.2,66.9,51.8,95.6,73.2,110.3,91.2,140.9
2007年9月,85.5,86.7,82.9,84.1,88,95,69.3,63.9,70.3,61.7,58.4,59.5,69.5,67.9,69.3,68.6,62.2,60.9,79.4,60.3,68.8,84.6,87.6,73.9,97,84.8,102.2,102.7,72.2,73.3,68.4,75,61.3,87.3,90.7,124.9,100.4,83.7,68.6,79.3,89.8,86.4,88,89.1,88.2,87.5,90.8,80.5,81,93.6,72,92.6,95.7,94.9,90.7,100.1,84.7,88,148.7,117.9,141.3,75.6,79.6,89.4,265,82.7,76.9,81.5,85.6,88.5,97.2,67,51.8,95.6,72.9,110.3,89.5,141
2007年10月,85.8,86.8,83.1,84.2,88.1,95.1,69.4,64.3,70.4,61.6,58.2,59.2,69.3,68,69.3,68.6,64.1,62.9,80.2,60.5,69.2,84.6,87.6,73.9,97,84.8,102.3,102.7,72.3,73.8,69,75.5,61.8,87.3,91,125.6,101,85,68.9,79.3,89.8,87.3,89.6,89.6,89.9,88.1,91.5,80.4,81.4,94.6,72,92.7,95.6,95.2,90.7,100.4,84.9,88.2,148.7,117.9,141.3,75.6,79.6,89.1,265.4,82.4,76.9,81.1,85.9,88.8,98.2,66.9,51.9,95.6,73.6,110.3,89.3,141
2007年11月,85.6,86.9,82.9,84.4,88.1,95.1,68.7,59.8,70.5,61.6,58,58.8,69.9,67.9,65.5,62.7,56.5,55.1,79.8,60.8,69.3,84.4,87.8,74,97,84.9,102.3,102.6,72.3,74.5,69,75.9,66.7,87.3,91,125,100.7,85.2,69.2,79.5,89.8,87.8,90.8,89.6,91.2,87.7,91.1,80.3,81.4,94.6,72.2,92.9,96.9,94.9,90.7,101,84.7,89.3,148.5,117.9,141.3,75.6,79.6,88.5,259,82.3,77,80.4,85.8,88.6,98.1,66.9,51.9,95.6,75,110.3,88.6,140.9
2007年12月,85.8,87.2,83.2,84.6,88.2,95.1,68.9,60.2,70.7,62.5,58.4,59.4,70.2,67.9,66.9,65,54,52.5,80.4,60.8,69.5,84.2,87.5,74.1,97.1,84.9,102.3,102.6,72.4,75.4,69,76.5,73.1,87.3,90.9,124.9,99.8,84.6,69.2,79.4,89.8,87.5,90.1,89.8,90.5,87.5,90.7,80.5,81.6,94.8,72.2,92.7,96.4,94.6,90.7,101.9,85.8,90.4,148.5,117.9,141.3,75.6,79.6,88.5,252.1,82.6,77,80.4,85.7,88.7,97.7,67,51.9,95.6,76.6,110.3,88.8,140.9
2008年1月,85.6,86.8,83,84.3,87.8,94.6,69.3,61.4,70.8,63.1,59.3,60.6,70.7,67.3,67.1,65.2,56.1,54.7,79.8,61.1,69.9,84.2,87.6,74.1,97.1,84.9,102.3,102.6,72.4,76,69.8,77.7,73.2,87.3,90.8,124.9,98.9,83.8,69.5,79.3,89.8,81.5,80.9,89.6,80.4,82,83.1,79.5,82,90,72.5,92.9,96.7,94.7,90.7,101.8,86,90.1,148.5,117.9,141.3,75.6,79.9,87.8,246,82.7,77,79.6,85.8,88.5,98.1,67.1,51.9,95.6,76.9,110.5,88.1,140.9
2008年2月,85.5,86.8,82.7,84.2,87.8,94.3,69.2,60.4,71,63.9,58.7,59.7,71,67.9,67.3,65.3,53.7,52.1,80.3,60.9,69.9,84.2,87.7,74.2,97.1,84.9,102.3,102.6,72.4,76,69.8,78.1,72.6,87.3,90.6,124.3,98.8,83.4,69.5,79.2,89.8,79.5,77.6,89.6,76.9,80,80.3,79.6,82.2,90.4,72.5,92.8,96.6,94.5,90.7,101.3,85,89.7,148.5,118,141.3,75.6,80,87.4,242.4,82.8,76.9,79.3,85.8,88.5,98,67.4,51.9,95.6,76.6,110.6,87.7,140.9
2008年3月,85.9,87.1,83.2,84.6,88.1,94.8,69.7,61.1,71.5,64.3,59.6,60.9,71.3,69.1,68.6,67.2,51.9,50.4,80.7,61.4,70.4,84.3,88.5,74.4,97.1,85,102.3,102.6,72.5,76.1,69.8,78.2,72.7,87.3,90.8,124.4,99,83.1,69.5,79.9,89.8,82.7,83.9,89.7,83.8,80.8,81.2,80.1,82.2,93.6,72.7,92.8,96.5,94.6,90.7,101.7,86,90,148.5,118,141.3,75.6,80.1,88,237.1,83.4,76.9,80.1,85.7,88.5,97.6,67.3,51.9,95.6,76.8,110.6,88.3,140.9
2008年4月,85.8,87.1,83.2,84.6,88.4,94.9,70.1,60.8,72,64.9,60.2,62,71.7,70.9,68.2,66.2,50.9,49.3,81.9,61.8,70.8,84.4,89,74.6,97.1,85.1,102.3,102.7,72.8,76.9,70.9,79.3,72.7,87.6,90.9,124.9,98.2,83.8,69.6,80.1,90.1,85.9,86.8,89.8,86.8,87,90.2,79.9,82.4,93.5,73,92.7,96.4,94,90.7,98.1,85.7,84.6,148.5,118.7,142.3,75.6,80.1,88.4,234.7,83.2,77.2,80.8,85.8,88.8,97.9,67.6,51.9,95.3,73.9,111.2,88.7,140.9
2008年5月,86.5,87.8,83.9,85.3,88.6,95,70.5,61.5,72.3,65.2,59.9,61.4,71.8,71.2,67.3,64.7,56.4,54.9,81.7,63.3,71.4,84.4,89.4,74.9,97.1,85.1,102.3,102.8,72.7,77.1,70.9,79.1,75.1,87.6,91,124.4,98.7,84.2,69.7,80.4,90.1,86.4,87.7,89.6,87.8,87.4,90.9,79.8,82.2,93.5,73.2,92.7,96.3,94,90.7,102,85.9,90.5,148.5,118.7,142.4,75.6,80.1,88.6,231.8,83.4,77.2,81.3,85.7,88.6,97.4,67.9,51.9,95.3,78.9,111.3,88.9,140.9
2008年6月,86.9,88.1,84.4,85.8,88.7,95,71,62.3,72.7,66.5,59.7,60.9,72.1,71.3,67.7,65,59.7,58.4,83,64.1,71.6,84.2,89.5,74.9,97.2,85.2,102.3,102.8,72.8,78.2,70.9,79.2,84.6,87.6,90.9,123.6,98.9,84,69.7,80.4,90.1,86.2,87.3,89.7,87.4,87.3,90.7,79.9,82.2,93.4,73.4,92.6,96.3,93.7,90.7,103.7,85.5,93,149.3,118.7,142.4,75.6,80.1,88.4,224.2,82.4,77.2,81.5,85.9,88.7,97.3,68.6,51.9,95.3,81.9,111.3,88.6,141.3
2008年7月,87.1,88.5,84.6,86.1,88.7,94.9,70.9,60.7,72.9,66.6,60.1,61.2,72.4,71.4,66.7,63.4,55.7,54.2,82.8,64.9,71.7,84.4,89.5,75.1,97.2,85.3,102.3,102.8,73.1,80,72,80.6,92.1,87.6,91.1,122.7,99,83.9,69.9,81.9,90.1,82.9,83.6,89.5,83.3,82.5,83.6,79.8,81.4,91.2,73.4,92.6,96.2,93.8,90.7,105.2,86.6,94.9,149.3,118.7,142.4,75.6,80.1,88.8,219.7,82.7,77.2,82.3,85.9,88.5,97.4,68.9,51.9,95.3,84.9,111.3,89.2,141.3
2008年8月,87.3,88.7,84.9,86.3,88.9,95,71.2,61.7,73.2,66.7,61.9,63.5,72.6,71.8,65.2,60.8,59.6,58.2,83.9,64.6,72.1,84.2,89.5,75.2,97.2,85.3,102.3,102.7,73.2,80.4,72,81.1,95,87.6,90.7,120.7,98.5,83.6,69.9,82.3,90.1,81.5,81.9,89.5,81.5,80.2,80.3,79.8,81.6,91.1,73.5,92.5,95.9,93.4,90.8,105.7,87.9,95.2,149.3,118.7,142.4,75.6,80.1,90.2,216.5,83.4,77.2,84.4,86,88.7,97.4,69.2,51.9,95.3,85.7,111.3,90.8,141.3
2008年9月,87.3,88.7,84.9,86.3,89.1,95.2,71.4,61.8,73.3,66.8,60.5,60.7,72.4,72.7,69,66.4,56.3,54.8,83.8,64.8,71.9,84.3,89.7,75.4,97.2,85.4,102.2,102.6,73.3,80.1,71.8,81.4,92.1,87.6,91,121,99.5,83.2,70.1,82.8,90.1,86.8,88.7,89.3,89,86.9,89.9,80.2,82.7,93,73.7,92.7,96.3,93.9,90.8,103.9,85.8,93.3,149.3,118.6,142.4,75.6,79.9,89.1,214.8,83.1,77.1,82.9,86,88.6,97.1,69.4,51.9,95.3,83.6,111.3,89.3,141.3
2008年10月,87.2,88.5,84.8,86.2,89.2,95.3,71.7,62.3,73.6,67.3,60.2,60,72.4,73,70,68.1,56.5,55.1,84.6,65.1,72.5,84.6,90.1,75.5,97.2,85.4,102.2,102.6,73.4,79.7,72.2,82.3,85.6,87.7,91.3,121.4,99.8,84.5,70,83.3,90.1,87.8,90.2,89.1,90.6,87.8,91.3,80.2,82.9,94.4,73.6,92.6,96.1,93.8,90.8,102.1,85.6,90.6,149.3,118.7,142.4,75.6,80,88.9,211.2,83,77.2,82.6,86,88.9,97.1,69.6,51.9,95.3,81.1,111.4,89.2,141.3
2008年11月,86.5,87.8,83.9,85.4,89.1,95.1,71.2,59.8,73.6,67.3,60.5,60.4,72.2,72.5,67,63.3,53.5,51.9,84.4,65.1,72.7,84.3,90,75.5,97.2,85.4,102.2,102.6,73.4,78.1,72.2,82.2,70.7,87.7,91.2,121.6,99.8,84.5,70.3,82.8,89.3,88.2,91,89.1,91.4,87.8,91.3,80.3,82.8,94.7,73.8,92.4,96,92.8,90.8,98.7,85.3,85.5,148.8,118.7,142.4,75.6,80,88,207.2,83,77.2,81.4,86,88.8,96.8,69.6,51.9,95.3,75.4,111.4,88.3,141.3
2008年12月,86.1,87.4,83.5,84.9,89,95.1,71.4,61,73.5,67.3,60.4,60.3,71.8,71.9,68.6,65.8,54.6,53,84.1,65.1,72.7,83.8,89.8,75.6,97.2,85.4,102.2,102.5,73.4,76.7,72.2,82.1,59.5,87.7,91,120.9,99.6,84.4,70.2,82.7,89.3,87.9,90.3,89,90.7,87.7,91,80.5,82.9,94.5,73.8,92.3,95.3,92.9,90.8,96.7,86.1,82.1,149.5,118.7,142.4,75.6,80,88.1,199.1,83.2,77.2,81.7,85.7,88.9,96.7,68.3,51.9,95.3,71.5,111.4,88.5,141.3
2009年1月,85.6,86.8,83,84.2,88.5,94.4,71.6,62.5,73.4,67.3,60.6,60.7,71.9,70.3,69.9,67.8,56.5,55.1,84.2,65.1,72.8,83.9,89.8,75.6,97.1,85.4,102.1,102.4,73.5,77.8,75.4,83.3,53.6,87.7,91.1,122.2,98.4,83.3,70.2,82.9,89.6,80.8,79.9,88.8,79.4,81,81.7,79.7,81.8,89.9,73.9,93,95.6,92.2,92.1,95.3,86,80,149.5,118.7,142.4,75.6,80.3,86.6,193.8,83,77.3,79.6,85.7,88.9,96.8,68,51.9,95.3,70.6,111.5,87.1,141.3
2009年2月,85.4,86.8,82.7,84.2,88.3,94.2,71,59.7,73.4,67.3,60,59.5,71.8,70.5,66.9,63.2,54.4,52.9,84.4,65,72.7,83.6,89.3,75.6,97,85.3,102,102.4,73.4,77.7,75.4,83,53.4,87.7,90.8,120.9,98,82.5,70.3,82.6,89.6,79.3,77.5,88.7,76.8,79.5,79.5,79.7,82.7,89.6,73.8,92.8,95.4,92,92.1,95.7,85.4,81,149.5,119.2,142.4,81.3,80.6,86.4,187.3,83,77.2,79.4,85.7,88.8,97,68,51.9,95.3,71.1,111.8,86.8,141.3
2009年3月,85.6,87,83,84.5,88.5,94.5,71.2,59.8,73.6,67.4,60,59.6,71.9,73,67.7,64.5,52.8,51.3,83.2,65.4,72.9,83.4,89.4,75.7,97,85.3,102,102.4,73.4,77.3,75.4,82.9,50.1,87.7,90.2,119.6,96.7,81.7,70.3,82.2,89.6,82.3,83.4,88.9,83.2,79.9,79.7,80.2,82.7,93,73.8,92.9,95.3,92.3,92.1,96.2,86.3,81.4,149.5,118.9,142.4,81.3,80,87,187.3,83.9,77.2,80.1,85.6,88.7,96.3,67.8,51.9,95.3,71.1,111.6,87.5,141.3
2009年4月,85.7,87,83.1,84.5,88.5,94.6,71.1,60.3,73.4,67,60.1,59.9,71.4,72.4,70.3,68.6,48.6,47,83.8,65.5,72.7,83,89,75.7,97,85.3,102,102.3,73.4,77,74.9,82.8,49.2,88.3,90.1,119.2,97.2,82.3,70.1,81.6,90,85.6,86.3,88.6,86.3,86.7,89.8,80.1,83.1,92.9,73.7,92.4,93.4,92,92.3,96.1,84.8,81.7,149,119.6,143.5,81.3,80.1,86.4,181.3,83.4,77.5,79.6,85.7,88.7,96.3,68,51.9,95.5,71.3,112.5,87,141.3
2009年5月,85.5,86.8,82.9,84.2,88.5,94.6,71.2,61.2,73.3,66.5,59.8,59.5,71.3,72.3,68.4,65.7,56.3,54.9,82.7,66,72.5,82.6,88.8,75.7,97,85.2,102,102.3,73.4,74.8,70.8,81,49.7,88.3,89.6,118.3,96.8,81.7,70,81.1,90,86.3,87.3,88.7,87.5,87.4,90.7,80.2,83,92.7,73.9,92.5,93.4,92.2,92.4,96.3,85,82.1,148.5,119.8,143.5,81.3,80.1,86.4,178,83.4,77.3,79.8,85.6,88.6,96.2,68,51.9,95.5,69.8,112.5,87,141
2009年6月,85.4,86.7,82.7,84.2,88.4,94.4,70.9,60.1,73.1,66.3,59.2,58.5,70.9,71.9,66.8,63.2,57.1,55.7,81.3,66,72.5,82.1,88.9,75.7,97,85.3,102,102.3,73.4,74.1,69.6,80.1,50.2,88.3,89.3,117.4,96.7,81.4,69.9,80.9,90,85.9,86.8,88.5,86.9,86.7,89.8,80.1,82.9,92.7,73.8,92.3,93,92,92.4,96.8,84.5,83,148.5,119.8,143.5,81.3,80.1,86.1,172.4,82.6,77.4,79.6,85.6,88.7,96.1,67.8,51.9,95.5,69.9,112.5,86.4,141
2009年7月,85.1,86.5,82.4,83.9,88.2,94.1,70.4,58.1,73,66.1,59.4,59.2,70.9,71.6,64.9,60.3,52.9,51.4,81.5,66,72.3,82,88.6,75.6,97,85.2,102,102.2,73.5,73.5,68.8,78.3,52.2,88.3,88.5,115.4,96.5,80.9,69.6,80,90,82.3,82.6,88.7,82.4,81.7,82.7,79.7,82.1,90,73.9,92.6,94.3,91.4,92.4,97.4,85.4,83.7,148.5,119.8,143.5,81.3,80.1,86.3,167.9,82.5,77.4,80.2,85.4,88.5,95.7,67.7,51.9,95.5,70.1,112.4,86.9,141
2009年8月,85.4,86.5,82.7,83.9,88.2,94.2,71.1,62.7,72.8,65.9,60,60.1,70.6,71.4,70.1,68.6,56.9,55.5,80.7,65.8,72.4,81.9,88.3,75.6,97,85.2,102,102.2,73.5,73.1,68.3,77.8,52.4,88.3,87.8,113.6,95.3,80.1,69.5,79.9,90,81,81.3,88.7,81,79.4,79.5,79.5,81.8,89.8,73.9,92.5,94,91.3,92.4,97.6,86.9,83.7,147.4,119.8,143.5,81.3,80.1,87.4,167.1,82.9,77.5,82,85.4,88.6,95.6,67.6,51.9,95.5,69.7,112.4,88.2,140.3
2009年9月,85.4,86.6,82.7,84,88.3,94.3,71,61.8,72.9,65.9,59,58.5,70.7,72.1,70.5,69.2,55.1,53.6,82.7,65.9,71.9,81.7,88.4,75.6,97,85.2,102,102.2,73.4,72.8,67.6,77,53.6,88.3,87.8,113.4,95.4,80.6,69.4,79.7,90,85.8,86.7,89,86.8,86.9,90,80,82.5,91.9,73.9,92.4,94.1,91,92.4,97.5,84.7,84.3,147.4,119.6,143.5,81.3,80.1,86.3,164.3,82.3,77.4,80.5,85.5,88.5,95.8,68,51.9,95.5,70.1,112.5,86.7,140.3
2009年10月,85,86.5,82.3,83.9,88.2,94.3,70.3,58.1,72.7,65.5,58.7,58.1,70.3,72.3,65.4,61.2,53.2,51.7,82.4,65.7,71.7,81.7,88.5,75.6,96.9,85.1,101.9,102.2,73.3,72.6,67.4,76.4,53.9,88.3,87.8,113.4,96,81.8,69.3,79.2,90.1,86.6,88,88.5,88.3,87.2,90.6,79.9,82.3,93.1,73.8,92.2,93.7,90.6,92.4,97.4,84.8,84.1,147.4,119.6,143.5,81.3,80,85.8,163.5,81.7,77.4,80,85.5,88.6,95.6,68,51.9,95.5,69.6,112.4,86.3,140.3
2009年11月,84.9,86.3,82.1,83.7,88.1,94.2,69.7,56,72.7,65.2,58.1,57.4,70.4,72,63.7,58.8,49.9,48.4,82.8,65.7,71.4,81.6,88.3,75.5,96.9,85.1,101.9,102.1,73.2,72.6,67.6,76.5,53.7,88.3,87.4,111.6,95.7,81.9,69.5,79.2,90.1,86.8,88.6,88.7,88.9,87.2,90.5,79.8,82.5,93,74.1,92.3,93.5,90.7,92.5,97.1,84.4,83.7,147.4,119.6,143.5,81.3,80,85.3,160.2,81.4,77.4,79.3,85.4,88.5,95.4,68.1,51.9,95.5,69.5,112.4,85.8,140.3
2009年12月,84.7,86.2,82,83.7,87.9,94,69.6,56.4,72.4,65,58.4,58,70.1,72.3,64.1,59.5,49.2,47.7,81.6,65.2,71.2,81.1,88,75.5,96.8,85.1,101.9,102,73.2,73,67.9,76.7,54.6,88.3,86.7,109.4,95,81.9,69.2,78.5,90.1,86.2,87.9,88.7,88,86.5,89.7,79.4,82,92.7,74,91.8,92.2,90.2,92.5,97.2,85.3,83.7,147.4,119.6,143.5,81.3,80,85.2,155.4,80.9,77.4,79.6,85.3,88.6,95,67.9,51.9,95.5,69.7,112.4,85.9,140.3
2010年1月,84.8,86,82.1,83.4,87.6,93.6,70.5,61.1,72.4,64.9,58.8,58.5,70.4,71.3,69.7,68.1,54.2,52.8,81.9,65.4,71.3,81.4,88.2,75.3,96.7,85,101.7,102,73.1,73.4,68.1,77.5,55.3,88.3,87.4,111,94.9,80.1,69.5,78.5,90.2,80.4,79.2,87.7,78.8,81.5,82.5,79.1,81.6,87.8,74.1,92,92.2,89.9,92.9,97.6,85.3,83.9,149.1,115.3,137.2,81.3,80.2,85.3,157.4,81.1,77.5,77.6,85.5,88.5,95.2,67.8,51.9,95.5,70,109.1,85.9,140.3
2010年2月,84.7,86,82,83.4,87.5,93.4,70.4,60.6,72.4,64.8,58,57.4,70.2,71.6,69.4,67.6,54.5,53.1,82,65.1,71.5,81.4,88,75.4,96.7,85,101.7,101.9,73.1,73.9,68.3,78,57.8,88.3,87.1,110.9,94.1,79.3,69.4,78.2,90.2,79.7,78.9,88.3,78.5,79.8,80.1,78.8,81.2,86.3,74.2,91.8,91.8,89.7,92.9,97.7,84.5,84.3,148.7,115.4,137.2,81.3,80.5,85.3,155.7,80.9,77.5,78,85.5,88.6,94.8,67.7,51.9,95.5,70.9,109.1,85.9,140.3
2010年3月,85,86.2,82.3,83.6,87.6,93.7,70.5,61.6,72.3,64.7,58.5,58.4,70.1,71.5,69.5,67.9,56.4,55,82,65.1,71.2,81.3,88,75.5,96.7,84.9,101.6,101.8,73.1,74.2,68.6,78.6,57.5,88.3,86.5,109.6,93.1,78.3,69.3,77.7,90.2,82.8,85.3,88.7,85.2,79.3,79.5,78.8,81.6,90.8,74.1,92,92.5,89.4,92.9,97.9,85.6,84.5,148.3,115.3,137.2,81.3,80.4,85.7,152.5,81.2,77.4,79,85.6,88.5,95.3,67.8,51.9,95.6,71.3,109.1,86.4,140.3
2010年4月,85,86,82.4,83.4,87.4,93.5,71,65,72.2,64.7,58.6,58.9,69.5,71.1,75.5,77.3,54.8,53.4,81.5,65.3,71.1,81.2,87.8,75.4,96.6,84.9,101.6,101.9,73,73.9,67.8,78.4,58.8,88.4,86.7,110.3,92.6,79.6,69.2,77.5,90.3,84.8,85.7,88.6,85.6,85.9,89.5,78.4,81.7,90.5,73.9,92.2,93.2,89.5,92.9,98.1,83.9,85.3,148.2,105.6,120.8,81.6,80.4,86.1,155.5,80.8,77.5,79.5,85.5,88.7,95,67.7,51.9,95.6,71.7,101.6,86.5,140.3
2010年5月,85,86,82.3,83.4,87.3,93.3,70.7,64.2,72.1,64.7,58.7,59,69.4,71.1,72.2,72.4,58.7,57.4,81.5,64.8,70.9,80.9,87.7,75.5,96.6,84.8,101.6,101.9,72.9,74.4,68.1,78.7,62.5,88.4,86,108.1,92.7,79.4,69.1,77.5,90.3,84.6,85.3,88.7,85.2,85.9,89.5,78.4,81.8,90.3,73.9,92.1,93.2,89,92.9,98.6,84.1,86.1,147.8,105.6,120.8,81.6,80.4,85.8,151,80.6,77.5,79.6,85.4,88.4,94.9,67.5,51.9,95.6,73,101.6,86.2,140.3
2010年6月,84.8,85.9,82.1,83.2,87.1,93.1,70.6,63.5,72.1,64.6,58.5,58.7,69.6,70.9,69.6,68.3,62.4,61.2,81.7,65,70.9,80.6,87.5,75.5,96.6,84.8,101.6,101.8,72.9,74.6,68.3,79.1,62.2,88.6,85.1,105.2,92.1,79.8,69.1,77.1,90.3,84.3,84.9,88.7,84.8,85.4,88.6,78.5,81.9,90.1,74,92.2,93.3,89,92.9,98.2,83.5,85.7,147.6,105.6,120.8,81.6,80.4,85.3,145.7,80.5,77.6,79.6,85.5,88.6,94.9,67.6,51.9,95.6,72.9,101.6,85.6,140.3
2010年7月,84.3,85.5,81.5,82.8,86.8,92.7,70,60.4,71.9,64.3,58.4,58.6,69.8,71,68,66,54.4,53,81.2,64.7,70.7,80.3,87.4,75.5,96.6,84.8,101.6,101.8,72.9,74.8,68.6,79.4,61.6,88.5,84.1,102,91.9,79.2,68.9,77,90.3,80.9,80.8,88.3,80.5,80.6,81.8,78.2,81.3,87.9,74,92.1,93.4,88.5,92.9,97.8,84,85.1,146.9,105.6,120.8,81.6,80.4,84.8,137.2,80.1,77.6,80.2,85.4,88.4,94.8,67.2,51.9,95.6,72.6,101.6,85.3,140.3
2010年8月,84.4,85.5,81.7,82.9,86.8,92.7,70.3,62.6,71.8,64.2,58.7,59.2,69.6,70.6,70.3,69.6,56.5,55.2,80.6,64.5,71,80.3,86.8,75.5,96.6,84.8,101.6,101.8,72.8,75.1,69.2,79.8,61.3,88.5,83.2,99.7,91.5,79.2,68.7,76.6,90.3,79.5,79.5,88.3,79.1,78.2,78.1,78.2,80.9,87,74,91.9,92.7,88.2,92.9,98.1,87.2,84.8,146.8,105.6,120.8,81.6,80.4,85.4,129.7,80.3,77.6,82.4,85.3,88.6,94.3,67.5,51.9,95.6,72.7,101.6,86.4,140.3
2010年9月,84.6,85.5,81.9,82.9,86.8,92.7,70.9,65.6,71.9,64.1,58.9,59.5,69.5,71.5,74.2,75.6,58.6,57.4,80.8,64.7,71,80.2,87.3,75.7,96.5,84.8,101.5,101.8,72.8,75.2,69.5,79.8,60.6,88.5,83.4,100.1,92.3,79.2,68.9,76.5,90.3,84.7,85.7,88.8,85.7,85.9,89.6,78.3,81.4,89.5,73.9,91.9,93,88.1,92.9,97.3,83.3,84.6,146.6,105.6,120.8,81.6,80.3,84,125.4,80,77.6,80.8,85.4,88.4,94.8,67.5,51.9,95.6,72.6,101.5,84.5,140.3
2010年10月,84.9,85.8,82.2,83.2,87.1,93.1,70.9,66.5,71.8,63.4,57.6,57.5,69.4,71.6,76.9,79.7,58.6,57.3,80.3,64.8,70.9,80.3,87.2,75.7,96.5,84.7,101.5,101.8,72.6,75.2,69.4,79.8,60.4,88.5,83.1,99,92,80.1,68.7,76.5,90.3,84.8,85.9,89,85.8,85.6,89.2,78.3,81.4,90.9,73.8,92.2,92.8,89.8,92.9,97.1,84.5,84.2,146.1,105.6,120.8,81.6,80.3,84.2,124.2,79.8,77.5,81.3,90.3,88.5,94.6,67.6,71.8,102.5,72.5,101.6,84.8,140.3
2010年11月,84.6,85.6,81.9,82.9,86.9,92.9,70.7,65,71.8,63,57.9,58,69.5,71.3,74.6,76.4,57.2,55.9,80.5,65,71,80.3,87.1,75.7,96.5,84.6,101.5,101.7,72.7,74.9,69,79.5,60.4,88.5,83,98.3,92.3,80.4,69,76.6,90.3,85.4,87.4,89.5,87.4,85.5,88.6,79,81.3,91,74,92.1,92.5,89.7,92.9,96.9,84.2,84.2,145.6,105.6,120.8,81.6,80.3,82.9,121.1,79.4,77.6,79.8,90.3,88.3,94.7,67.6,71.8,102.5,72.2,101.5,83.6,140.3
2010年12月,84.4,85.5,81.7,82.9,86.8,92.8,70,62.2,71.6,62.4,58.3,58.7,69.6,72,68.9,67.7,58.6,57.4,80,64.6,70.9,79.5,86.6,75.7,96.5,84.6,101.5,101.6,72.7,74.8,68.7,79.4,61.7,88.5,82.9,99,91.4,80.1,68.7,75.9,90.3,84.8,86.4,89.3,86.3,85,87.9,78.8,81.1,90.7,74,91.9,92.2,89.2,92.9,97.3,85.9,84.2,145.5,105.6,120.8,81.6,80.3,82.8,119.6,79.5,77.6,79.8,90.2,88.5,94,67.5,71.8,102.5,72.4,101.6,83.8,140.3
2011年1月,84.3,85.3,81.6,82.6,86.4,92.3,70.6,65.2,71.6,62.4,58.8,59.5,69.9,71.1,71.1,71,63.8,62.8,79.8,64.7,70.8,79.8,87.1,75.7,96.5,84.7,101.5,101.6,72.7,75,68.4,79.6,65.5,88.5,82.4,97.5,90.3,79.5,68.6,76.1,90.3,79.3,78.1,88.9,77.7,79.9,80.8,77.9,80.5,85.8,74,91.8,92.1,88.9,92.9,97.7,85.7,84.8,146.1,105.7,120.8,81.6,80.5,82.1,117.3,79.6,77.7,78.9,90.2,88.3,94.3,67.2,71.8,102.5,73.1,101.6,83.1,140.3
2011年2月,84.3,85.3,81.6,82.5,86.4,92.2,70.6,65.2,71.7,62.3,57.6,57.5,69.7,71.4,72.6,73.2,63.3,62.2,80.3,64.7,71,79.9,87,75.7,96.5,84.7,101.5,101.6,72.8,75.2,68.2,79.6,67.9,88.5,82.2,97.1,89.9,78.3,68.7,76,90.3,79.1,78.7,89.5,78.3,78.7,79,77.9,80.4,85.1,74,91.7,92,88.7,92.9,97.8,84.6,85.1,146.5,105.8,120.8,81.6,80.7,81.9,113.9,79.7,77.6,79.1,90.1,88.5,94,67,71.8,102.5,73.5,101.6,82.8,140.3
2011年3月,84.5,85.6,81.8,82.9,86.5,92.4,70.4,64,71.7,62.3,58.3,58.8,69.8,71.5,70.7,70.2,61.3,60.2,80.6,64.7,71,80.1,87,75.7,96.4,84.6,101.4,101.5,72.7,75.6,68.3,79.8,71.4,88.5,81.9,96.2,89.6,77.9,68.8,75.9,90.3,82.2,84.8,89.6,84.7,79,79.2,78.5,80.6,89,74.1,91.4,90.6,89,92.9,99.1,85.6,86.7,147.1,105.7,120.8,81.6,80.5,81.9,109.3,79.6,77.6,79.8,90,88.2,93.6,67.3,71.8,102.5,75.4,101.6,82.9,140.2
2011年4月,84.6,85.8,82,83.2,86.7,92.4,70.4,61.9,72.2,62.8,58.5,58.8,70,73.7,70,69,55.6,54.2,81.9,65.2,71.3,81.1,87,75.7,96.4,84.6,101.4,101.6,72.7,76,68.8,80,74.2,87.9,82,96,89.1,78.9,68.9,76.3,89.8,84.3,85.3,89.3,85.2,85.6,89.1,78.4,80.4,89.3,73.9,91.3,90.2,89.3,92.9,99.7,84.9,87.7,147.1,105.8,121.3,81.6,80.1,81.2,102.7,79,77.7,79.9,90,88.3,93.5,67.3,71.8,102.5,76.5,101.7,82.2,140.3
2011年5月,84.6,85.9,81.9,83.3,86.7,92.6,70,60.3,72,62.6,58.3,58.6,69.7,73,66.4,63.6,57.8,56.4,81.3,64.7,71.3,81.1,86.9,75.7,96.5,84.6,101.5,101.6,72.8,76.6,69.3,80.4,75.2,88.4,81.5,94.5,89.5,78.9,68.9,76.2,89.8,84.2,85,89.2,84.9,85.5,89.1,78.2,80.5,89.4,74,92.1,92.7,89.9,92.9,99.7,85,87.7,147,105.8,121.3,81.6,80.1,81.8,103.6,79.6,77.8,80.4,90,88.1,93.6,67.2,71.8,102.5,76.9,101.7,82.7,140.3
2011年6月,84.5,85.7,81.8,83,86.5,92.3,70.1,61.5,71.8,62.6,58.4,58.7,69.8,71.5,68.5,66.7,57.7,56.3,81,64.5,71.2,80.7,86.5,75.7,96.4,84.6,101.4,101.5,72.8,76.8,70,80.8,74,88.4,80.8,92.4,89.6,78.9,68.9,75.6,89.8,83.9,84.7,89.9,84.6,85,88.3,77.9,80.5,89.3,74,92,92.5,89.5,92.9,98.8,84.5,87,145.5,105.8,121.3,81.6,80.1,81.4,103.7,78.8,77.8,80,90,88.2,93.4,67.2,71.8,102.5,76.5,101.7,82.2,140.3
2011年7月,84.5,85.6,81.8,83,86.4,92.2,70.1,62.1,71.8,62.8,58.9,59.5,69.5,70.9,69.3,67.9,57.2,55.8,80.4,64.5,71.4,80.6,86.4,75.7,96.4,84.6,101.4,101.4,72.8,77.3,70.8,81.3,73.1,88.6,80,89.8,89.7,79.4,68.7,75.5,89.8,81.1,81.5,89.6,81.2,80.8,82.4,77.4,80.1,87.5,74.1,91.3,90.4,89.2,92.9,99.5,86.3,87.2,146.4,105.8,121.3,81.6,80.1,81.7,99.8,79.1,77.8,81.1,89.9,88,93.3,66.9,71.8,102.5,77.1,101.7,82.8,140.3
2011年8月,84.6,85.7,81.9,83.1,86.4,92.3,70.1,62.2,71.8,63.1,59.6,60.6,69.4,70.7,68.4,66.6,57.8,56.5,80.2,64.4,71.5,80.3,86,75.7,96.3,84.5,101.3,101.4,72.8,77.8,71.6,81.7,73.1,88.6,79.1,86.7,89.1,79.6,68.9,75.3,89.8,79.9,80.3,89.3,80,78.4,78.9,77.2,80.4,87.3,74.1,91.2,90.2,88.8,92.9,100,87.9,87.6,146.3,105.8,121.3,81.6,80.1,82.6,96.7,78.8,77.9,83.3,89.9,88.2,93.1,66.9,71.8,102.5,77.8,101.7,83.9,140.2
2011年9月,84.6,85.7,81.9,83.1,86.5,92.3,70.3,62.6,71.9,63.4,59.5,60.4,69.6,70.8,72.1,72.4,51.1,49.5,80.6,64.4,71.5,80.3,86.4,75.7,96.3,84.6,101.3,101.4,72.8,78,72.2,82.2,71.1,88.6,78.4,84,89.6,79.9,69,75.1,89.8,84.7,85.9,89.2,85.9,86.1,90.1,77.7,80.5,89,74.1,91.3,90.4,88.7,92.9,98.8,85.1,86.7,145.9,105.8,121.3,81.6,80,81.8,96.4,78.5,77.8,82,89.9,88.1,93.6,66.8,71.8,102.5,77.3,101.7,82.6,140.3
2011年10月,84.7,85.7,82,83,86.5,92.2,70.8,65.2,71.9,64.3,58.5,58.6,69.5,71.1,76.7,79.4,52.9,51.4,80.3,64.4,71.6,79.9,86.2,75.7,96.3,84.5,101.3,101.3,72.8,78.3,72.8,82.8,68.7,88.6,78.3,83.5,89,80.8,69,75.2,89.8,85.1,86.5,89.3,86.4,86,89.9,77.8,80.3,91.4,74,91.1,90,88.4,92.9,98.4,85.1,86.2,145.5,105.8,121.3,81.6,80,81.5,93.4,79,77.8,81.8,89.8,88,93.3,66.7,71.8,102.5,76.9,101.7,82.4,140.3
2011年11月,84.2,85.5,81.5,82.8,86.2,91.9,69.8,59.6,71.9,64.6,58.4,58.4,69.4,70.9,67,64.5,54.3,52.9,80,64.3,71.6,80,86,75.7,96.3,84.6,101.3,101.3,72.9,78.5,73.1,83.4,68.6,88.6,78,82.2,89.1,80.7,69.1,75.3,89.8,85.4,87.4,89.2,87.4,85.7,89.5,78,80.3,91.9,74.1,91,89.9,88.1,92.9,98.4,84.6,86.2,146.1,105.8,121.3,81.6,80,79.5,90.2,77.9,77.8,79.3,89.9,88,93.7,66.8,71.8,102.5,77.1,101.7,80.5,139.7
2011年12月,84.2,85.4,81.5,82.8,86.2,91.8,69.9,60.7,71.8,64.6,59.1,59.5,69.4,70.7,67,64.6,56.6,55.2,79.7,64.2,71.6,79.6,85.7,75.7,96.3,84.6,101.2,101.2,73,78.7,73.1,83.6,69.9,88.6,77.4,80.7,88.9,80.6,69,74.8,89.8,84.8,86.5,89.1,86.4,85.1,88.5,78,80.3,91.1,74.1,90.8,89.4,87.8,92.9,98.7,85.5,86.4,146,105.8,121.3,81.6,80,79.6,86.7,78.1,77.9,79.9,89.9,88.2,92.9,67.2,71.8,102.5,77.4,101.8,80.8,139.7
2012年1月,84.4,85.2,81.7,82.5,85.9,91.5,71.2,68,71.9,64.7,60.3,61.6,69.6,69.8,74.3,75.9,64.5,63.3,80.2,64.1,71.6,79.9,86,75.7,96.2,84.6,101.1,101.2,72.9,78.6,72.9,83.5,70.2,88.6,80,89.5,88.9,80.5,69.2,75.1,89.8,79.8,78.7,89,78.3,81.1,82.7,77.8,79.9,86.2,74.2,90.8,89.5,87.8,92.9,99,85.7,86.7,146,105.9,121.3,81.6,80.2,78.8,84,78.5,77.9,78.7,89.7,88,92.8,66.8,71.8,102.5,77.2,101.8,80,139.6
2012年2月,84.6,85.4,81.9,82.7,86.1,91.7,71.4,68.3,71.9,64.9,59.2,59.6,69.6,70.2,74.7,76.5,67.3,66.2,80.1,64.2,71.8,79.6,85.9,75.7,96.2,84.5,101.1,101.1,72.9,78.6,72.9,83.4,70.8,88.6,79.3,87.3,88.8,80.4,69.4,74.9,89.8,79.8,79.5,89.4,79.1,79.7,80.7,77.4,79.9,85.9,74.1,90.7,89.1,87.7,92.9,98.7,84.4,86.8,145.5,106,121.3,81.6,80.5,80.4,105.6,78.8,77.9,78,89.7,88.1,92.5,67,71.8,102.5,77.3,101.9,81.3,139.6
2012年3月,85,85.8,82.4,83.2,86.3,92,71.4,68.7,72,64.9,59.5,60.1,69.5,70.3,75.2,77.3,67,65.8,80,64.3,71.7,79.9,86,75.7,96.2,84.5,101.1,101.1,72.8,79.1,73,83.3,75.8,88.6,79.1,86.8,88.3,80.1,69.6,74.6,89.8,82.4,84.5,89.4,84.4,80.3,81.5,77.7,80.2,89.5,74.1,90.6,88.8,87.7,92.9,100.1,85.5,88.9,144.8,106,121.3,81.6,80.5,80.9,102.8,79.2,78,79.1,89.8,88.1,92.8,67.1,71.8,102.5,79.6,101.9,81.9,139.6
2012年4月,85,86,82.4,83.4,86.4,92.1,70.9,65.9,71.9,64.8,59.5,60.1,69.1,70,74,75.3,59.6,58.2,79.9,64.3,72,79.9,85.7,75.7,96.1,84.5,101.1,101.1,72.8,79.6,73.3,84.2,77.1,88.8,79.2,86.5,88.4,81.2,69.9,74.3,89.8,84.2,85.2,89.7,85,85.6,89.4,77.5,80,89.4,74,90.8,88.8,88.2,93.1,100.6,85.2,89.4,145.4,106.2,121.6,83.6,80.4,81.2,101.7,78.7,78,79.9,89.9,88.1,92.7,67.2,71.8,102.7,80.6,102.1,82,139.6
2012年5月,84.8,85.8,82.2,83.2,86.3,92,70.7,64.8,71.9,64.9,58.8,58.8,68.9,70.1,71.6,71.4,62.8,61.5,79.3,64,72,79.7,85.7,75.7,96.1,84.4,101,101,72.8,79.6,73.3,84.6,75.8,88.8,78.4,84.1,87.9,81,70,74.1,89.8,84.1,85,90.3,84.8,85.4,89.2,77.5,80,89.3,74.1,91,89.4,88.2,93.1,99.9,85.4,88.5,145.4,106.2,121.6,83.6,80.4,80.8,96.1,78.4,78.1,80.2,89.9,88.1,92.9,67.2,71.8,102.7,79.7,102.1,81.7,139.5
2012年6月,84.3,85.5,81.7,82.9,86.2,91.8,70.2,61.9,71.9,65.1,59.6,60.1,68.9,69.8,67.4,65,59.7,58.3,79.6,64.1,72,79.7,85.3,75.7,96.1,84.5,101,101,72.9,79.5,73.7,84.8,71.8,88.8,78,82.8,87.6,80.8,70.3,74,89.8,83.8,84.6,90.2,84.4,84.9,88.6,77.4,80.2,89.2,74.2,90.9,89.1,88.3,93.1,98.5,84.9,86.5,145.3,106.2,121.6,83.6,80.4,80.1,92.2,78,78.1,79.8,89.8,88.1,92.6,67.1,71.8,102.7,78,102.1,81,139.6
2012年7月,84.1,85.3,81.4,82.7,86,91.6,69.8,60,71.9,65,59.1,59.1,68.9,69.6,66.9,64.2,55.1,53.6,79.2,64.1,72.5,79.3,85.4,75.7,96.1,84.4,101,101,72.9,79.6,74.3,84.8,69.9,88.8,77.6,81.3,87.6,81.1,70.2,73.8,89.8,81.3,81.7,90.1,81.4,81.4,83.4,77.1,79.6,87.5,74.2,90.8,89,87.9,93.1,98.3,86.2,85.9,144.8,106.2,121.6,83.6,80.4,80.3,91,77.6,78.1,80.5,89.7,88,92.4,66.9,71.8,102.7,77.6,102.1,81.4,139.5
2012年8月,84.2,85.5,81.5,82.9,86.1,91.8,69.7,59.7,71.7,64.9,59.4,59.9,69,69.2,65.4,62,56.5,55,79.1,64,72.1,78.6,85,75.7,96,84.4,100.9,100.9,72.8,80.3,75.5,85,70,88.8,76.7,78.8,87.1,80.5,70.1,73.7,89.8,79.7,80.2,90.1,79.8,78.1,78.5,77.1,79.8,87,74.2,90.6,88.7,87.5,93.1,98.9,88.3,86.3,144.7,106.2,121.6,83.6,80.4,81.6,86.9,78.3,78.3,83.1,89.7,88.1,92.3,67.1,71.8,102.7,78.5,102.1,83,139.5
2012年9月,84.3,85.7,81.7,83.1,86.1,91.7,69.6,58.8,71.8,65,58.8,58.7,69.1,69.5,65.5,62.1,54.5,53,79,64.2,71.9,79.5,85.2,75.7,96,84.3,100.9,100.9,72.8,81.4,77.5,85,72.1,88.8,76.7,78.4,87.7,80.7,70.3,73.8,89.8,84.5,85.7,90.2,85.6,86,90.1,77.3,80.2,88.5,74.1,90.8,89,87.6,93.1,99.1,85,87.4,144.7,106.2,121.6,83.6,80.4,80.1,86.9,78,78.2,80.6,89.8,88.1,92.6,67.1,71.8,102.7,80.6,102.1,81,139.5
2012年10月,84.3,85.6,81.7,83.1,86.1,91.7,69.7,59.4,71.8,65.4,59.1,59,68.6,69.7,67.1,64.6,52.5,50.9,79.3,64.4,71.6,78.9,85.2,75.7,96,84.3,100.9,100.9,72.8,81.2,77,85.2,72.1,88.8,76.9,78.4,87.8,81.3,70.3,74.3,89.8,84.9,86.4,90.2,86.3,85.8,89.8,77.5,80.1,90.1,74.2,90.7,88.9,87.7,93.1,99.2,85.1,87.7,144.7,106.2,121.6,83.6,80.4,79.9,87.2,77.5,78.3,80.3,89.7,88,92.2,67.2,71.8,102.7,80.4,102.1,80.8,138.6
2012年11月,84,85.4,81.4,82.8,85.9,91.4,69.5,58.4,71.8,65.4,58.5,58.3,68.6,70.1,65.9,62.8,52.3,50.7,79.2,64.5,71.5,79.1,85.1,75.7,95.9,84.3,100.8,100.8,72.8,81,76.6,85.5,70.9,88.8,76.4,76.6,88,81.6,70.4,74.1,89.8,85.1,87,89.9,87,85.5,89.2,77.6,80.1,90.4,74.2,90.4,88.1,87.4,93.1,98.6,84.8,87.1,143.2,106.2,121.6,83.6,80.4,78.9,86.3,77,78.2,78.9,89.7,88,92.1,67.1,71.8,102.7,79.8,102.1,79.8,138.6
2012年12月,84.1,85.3,81.4,82.7,85.7,91.3,69.8,61.1,71.5,65,58.8,58.9,68.5,70.4,67.9,66.2,56.4,54.9,78.7,63.9,71.5,78.4,84.5,75.7,95.9,84.3,100.8,100.8,72.8,81,76.3,85.5,72.6,88.8,75.9,75.3,88.3,81.3,70.2,73.5,89.8,84.5,86.1,90,86.1,84.9,88.4,77.8,80,90.4,74.2,90.2,87.8,86.5,93.1,98.9,85.6,87.4,143.2,106.2,121.6,83.6,80.4,78.7,84.8,77.4,78.3,78.6,89.6,88.2,91.5,67.2,71.8,102.7,80.1,102.1,79.8,137.9
2013年1月,84.1,85,81.5,82.4,85.4,90.9,70.8,66.7,71.6,65,59,59.1,68.6,69.9,73.8,75.3,64,62.8,78.6,64,71.4,78.3,84.9,75.6,95.8,84.2,100.7,100.7,72.7,80.9,75.8,85,75.5,89,75.8,74.8,88,81.1,70.3,73.9,89.8,80.1,79.4,89.8,79,81.1,82.8,77.4,79.7,85.8,74.3,90.2,87.9,86.3,93.1,99,85,87.7,143.2,106.3,121.6,83.6,80.6,78.1,83,77.8,78.3,77.8,89.5,88.1,91.6,66.7,71.8,102.7,80.3,102.1,79.2,137.9
2013年2月,84,85.1,81.3,82.5,85.4,90.8,70,62.4,71.6,65,57.9,57.1,68.7,69.8,69.4,68.4,60.5,59.1,78.6,64.3,71.5,78.4,84.8,75.6,95.8,84.2,100.7,100.7,72.7,81,75.4,84.5,79.8,89,76.3,77,86.9,80,70.5,74,89.8,79.3,79.3,89.8,78.9,79.3,80.1,77.3,79.2,84.2,74.4,90.2,87.8,86.5,93.1,99.6,84.9,88.7,143.2,106.4,121.6,83.6,80.8,78.1,84.1,77.6,78.2,77.7,89.6,88.2,92.1,66.8,71.8,102.7,81.2,102.2,79.2,137.8
2013年3月,84.2,85.4,81.5,82.8,85.7,91.3,69.7,60.8,71.6,64.9,58.1,57.7,68.5,69.7,66.8,64.4,59.5,58.1,78.4,64.4,71.4,78.2,84.9,75.7,95.8,84.2,100.7,100.6,72.7,81,75.5,84.5,79.1,89,76.5,77.8,87.1,80,70.4,74,89.8,82.3,85.2,89.8,85,79.3,80.1,77.5,79.6,88.3,74.4,90.2,87.8,86.9,93.1,99.9,85.9,88.8,143.2,106.4,121.6,83.6,80.9,78.7,89.1,77.9,78.3,77.9,90.3,88.1,93,70,71.8,102.7,81.4,102.2,79.9,137.8
2013年4月,84.4,85.6,81.8,83.1,85.9,91.6,69.7,60.7,71.5,65,58.6,58.5,68.5,69.2,67,64.8,57.5,56.1,78.4,64.5,71.4,78,84.8,75.6,95.8,84.2,100.7,100.7,72.7,81.5,76.4,85.3,77.4,89.1,76.8,79.3,86.8,80.9,70.2,73.5,89.4,84.2,85.2,89.7,85.1,85.9,89.8,77.8,79.7,88.4,74.4,90.1,87.5,86.6,93.1,100.4,85.2,90,142.8,106.8,122,86.8,80.9,79.3,88.6,77.3,78.2,79.1,90.3,88.1,93.1,70.1,71.8,102.7,81.6,102.5,80.3,137.9
2013年5月,84.5,85.8,81.9,83.3,86,91.7,69.6,59.9,71.6,64.9,58.1,57.6,68.7,69.1,65.3,62.2,59.6,58.2,78.6,64.4,71.3,78.1,84.7,75.9,95.7,84.1,100.6,100.7,72.5,83.3,79.7,86.3,76.5,89.1,76.4,77.7,86.7,80.7,70.4,73.7,89.4,84.1,85,90,84.8,85.6,89.4,77.8,80.2,88.4,74.4,90.2,87.9,86.4,93.1,100.4,85.3,89.4,144.4,106.8,122,86.8,80.9,79.5,89.2,77.7,78.3,79.2,90.4,88.1,93.2,70.1,71.8,102.7,82.7,102.5,80.5,137.9
2013年6月,84.5,85.8,81.9,83.3,86,91.6,69.5,59.3,71.7,65,58.4,57.3,68.6,68.9,64.7,61.2,59,57.7,79,64.4,71.5,78.2,84.5,75.9,95.7,84,100.6,100.6,72.5,84.1,81,87.2,76.3,89.2,76.2,76.8,86.4,80.6,70.5,73.6,89.4,84,84.8,89.9,84.7,85.3,88.8,78,80.1,88.6,74.5,90.3,88.4,86.3,93.1,100.3,84.8,89.4,144.4,106.8,122,86.8,80.9,79.2,89,76.8,78.3,79,90.4,88.1,93.2,70,71.8,102.7,83.4,102.6,80.2,137.9
2013年7月,84.7,85.9,82.2,83.4,85.9,91.6,69.9,61.4,71.7,64.9,59.4,58.9,69.2,68.8,68.5,67.2,56.2,54.7,79.2,64.1,71.4,77.8,84.5,76,95.6,84,100.5,100.5,72.5,84.7,81.8,87.8,76.9,89.2,76.1,76.7,85.4,80.4,70.6,73.7,89.4,82,82.6,89.5,82.4,82.3,84.5,77.6,79.7,87.3,74.5,90.3,88.3,86.1,93.1,100.9,86.2,89.9,144.4,106.8,122,86.8,80.9,79.5,88.5,77.1,78.2,79.7,90.6,88.1,93.1,71.7,71.8,102.7,84.4,102.6,80.7,137.9
2013年8月,84.9,86.1,82.5,83.7,86.1,91.7,70.1,61.9,71.7,64.7,60.3,60.3,69.4,69.1,67.6,65.9,58,56.6,79,64,71.8,77.9,84.1,76.1,95.6,84,100.5,100.5,72.5,85.1,82.2,88.1,78.2,89.3,75.5,74.9,85,80.2,70.4,73.5,89.4,80.3,80.9,89.7,80.6,79.2,80,77.6,79.5,86.5,74.5,90.2,88.4,85.6,93.2,101.9,88,91,144.5,106.8,122,86.8,80.9,80.9,87,77.9,78.3,82,90.5,88.1,92.7,71.5,71.8,102.7,85.7,102.6,82.3,137.9
2013年9月,85.2,86.2,82.8,83.9,86.1,91.7,70.8,65.3,71.9,64.7,63,64.7,69.7,69.8,72.6,73.4,54.2,52.7,79.4,64,71.7,78.2,84.4,76.1,95.6,84.1,100.5,100.5,72.7,85.8,83.4,88.4,79,89.3,75.7,74.9,85.6,80.6,70.5,74.2,89.4,85.1,86.4,89.7,86.3,87.2,91.6,78,79.7,88,74.5,90.1,88.1,85.6,93.2,101.5,85.1,91.2,144.3,106.9,122,86.8,81.2,79.6,87.2,78.2,78.3,79.6,90.5,88.1,92.7,71.6,71.8,102.7,86.5,102.7,80.6,137.9
2013年10月,85.3,86.4,82.9,84,86.3,92,70.6,64.1,72,64.3,61.4,61.9,70,70.9,72.7,73.7,53.1,51.6,79.5,64.2,71.9,78.5,84.5,76.1,95.6,84.1,100.4,100.4,72.7,85.8,83.3,88.6,79.1,89.5,76.2,76.1,85.8,81.6,70.6,74.3,89.4,85.4,86.8,89.8,86.8,86.9,91.2,78.1,80,89.8,74.5,90.3,88.4,86,93.2,101,85.2,90.3,144.5,106.9,122,86.8,81.2,79.9,86.4,78,78.3,80.4,92.6,88.1,93,71.6,71.8,109.4,86.1,102.7,80.9,137.9
2013年11月,85.3,86.4,82.9,84,86.3,91.9,70.8,64.9,72,64,61.3,61.6,70.2,71.4,73,74.2,55.4,53.9,79.8,64.5,72,78.1,84.4,76.2,95.6,84.1,100.4,100.4,72.8,85.6,82.9,88.2,79.9,89.5,76.3,76,86.1,81.9,70.7,74.5,89.4,85.6,87.4,89.8,87.4,86.8,90.8,78.4,79.8,89.9,74.6,90,87.7,85.7,93.2,100.9,84.9,90.2,144.5,106.9,122,86.8,81.2,79.8,87.8,78.3,78.3,79.8,92.6,88,92.8,72.5,71.8,109.4,85.8,102.7,80.7,137.9
2013年12月,85.4,86.4,83,84,86.3,91.9,71.3,67.1,72.1,63.8,62.3,63.3,70.6,72.7,73.6,75.2,59.8,58.5,79.2,64.5,72.1,78.1,84.2,76.2,95.6,84.1,100.4,100.3,72.8,85.4,82.6,87.8,80.8,89.5,76.1,75.8,86.5,81.5,70.5,74.2,89.4,85.1,86.8,89.8,86.7,86,89.6,78.6,79.7,89.4,74.6,89.8,87.6,85,93.2,100.9,85.6,90.1,144.5,106.9,122,86.8,81.2,79.9,87.1,79.1,78.3,79.8,92.6,88.1,92.5,72.7,71.8,109.4,85.6,102.8,80.9,137.9
2014年1月,85.3,86.1,82.9,83.7,86,91.5,71.7,68.6,72.3,63.6,62.6,63.4,71.2,72.1,73.8,75.5,64.9,63.7,79.6,64.6,72.4,78.3,84.6,76.3,95.5,84.1,100.3,100.3,72.8,85.5,82.2,87.9,82.4,89.5,77.2,79.6,85.9,80.8,70.6,74.7,89.4,80.3,79.6,89.8,79.2,81.8,83.5,78.2,79.5,84.5,74.7,89.8,87.8,84.6,93.2,100.9,84.8,90.3,144.5,107,122,86.8,81.5,78.9,86.9,78.5,78.4,78.3,92.6,88,92.9,72.2,71.8,109.5,85.8,102.8,79.9,137.9
2014年2月,85.3,86.2,82.9,83.8,86.1,91.6,71.5,67.3,72.3,63.6,63.2,64.3,71.2,72.3,71.4,71.7,64.3,63.1,80.1,64.5,72.3,78.1,84.5,76.3,95.5,84,100.3,100.3,72.8,85.7,82.4,88.7,81.7,89.5,78,82.6,86,79.8,70.6,74.5,89.4,80.3,80.5,89.8,80.1,80.8,82,78.2,79.4,83.9,74.8,89.7,87.5,84.6,93.2,100.9,84.8,90.2,144.5,107.1,122,86.8,81.8,79.3,89.4,78.7,78.4,78.6,92.7,88.1,92.7,72.5,71.8,109.5,85.9,102.9,80.3,138.1
2014年3月,85.5,86.5,83.1,84.1,86.4,91.9,71.4,66.3,72.4,63.8,63.4,64.4,71.9,72.5,70.5,70.1,63,61.7,80.4,64.4,72.6,78.1,84.3,76.3,95.5,84.1,100.3,100.2,72.8,86.1,83.1,89.5,81.2,89.5,77.7,81.9,85.3,79.4,70.7,74.5,89.4,82.6,85.2,89.9,85,80.4,81.2,78.6,79.4,87.7,75,89.8,87.4,85.3,93.1,101.1,86.1,90.3,144.5,107.3,122,86.8,82.2,79.8,89.2,79.4,78.4,79.3,92.9,88,92.5,74.3,71.8,109.5,86.3,103,81,138.1
2014年4月,87.3,88.4,85.2,86.3,88.3,93.7,73.2,66.7,74.5,65.5,65.1,65.9,73.9,74.5,71.4,70.3,62.5,61.1,82.7,66.3,74.9,80.1,87.5,78.2,95.8,85,100.3,100.2,74.6,87,84,90.4,83.5,89.6,81,86.8,87.7,83,72.8,77.5,91.6,86.1,86.8,93.2,86.6,87.9,91.1,81.3,81.3,89.8,77.4,91.8,90.8,87.8,94,103.7,90.2,92.3,147.5,109.2,124.1,88.3,83.9,82.8,91.4,82.9,80.6,82.3,94.7,90.1,95.5,76.5,74.8,109.6,88.1,104.8,83.7,141.2
2014年5月,87.6,88.7,85.6,86.7,88.3,93.7,73.3,67.2,74.5,65.6,65,65.8,74.5,73.8,70.7,69.4,65.5,64.2,82.3,66.3,75.4,79.6,87.1,78.3,95.8,85.1,100.3,100.2,74.7,90.7,88.8,93.7,84,92.3,80.5,85.2,88.3,83.1,72.9,77.4,91.6,86.1,86.7,92.9,86.5,88,91.1,81.6,81.3,90,77.5,91.7,90.4,87.8,94.1,104.1,90.3,92.5,148.6,109.2,124.1,88.3,83.9,82.6,91.9,83.2,80.5,81.9,94.6,90.1,95.1,76.5,74.8,109.6,91.1,104.9,83.5,142.1
2014年6月,87.6,88.7,85.5,86.7,88.3,93.7,73.1,65.8,74.6,65.3,65.2,65.9,75,73.6,69.7,67.7,62.9,61.5,82.4,66.5,75.7,79.4,86.9,78.3,95.8,85.1,100.2,100.2,74.9,90.8,89,93.8,84,92.4,80,83.4,87.9,83.3,73,77.3,91.6,85.7,86.3,92.2,86.1,87.4,90.2,81.6,81.2,89.9,77.5,91.6,90.2,87.6,94.1,103.9,89.9,92.8,147,109.2,124.1,88.3,83.9,82.9,96.1,82.5,80.7,81.9,94.6,90.2,95.1,76.3,74.8,109.6,91.4,104.9,83.7,140.9
2014年7月,87.6,88.8,85.6,86.8,88.3,93.7,73.1,64.9,74.8,65.1,65.8,66.8,75.4,73.5,69.6,67.6,58.6,57.1,82.3,67.4,76,79,86.9,78.3,95.8,85.2,100.2,100.1,75,90.8,88.7,93.7,84.6,92.4,79.4,81.9,87.6,83.1,73,76.6,91.6,83.9,84.4,92.4,84.1,84.4,85.7,81.7,81.3,88.8,77.6,91.6,90.5,87.1,94.1,104.7,92.3,93.6,146.3,109.2,124.1,88.3,83.9,83.4,96.5,82.3,80.7,82.8,94.5,90.2,94.8,76,74.8,109.6,91.8,104.9,84.5,140.3
2014年8月,87.8,88.8,85.8,86.9,88.4,93.8,73.5,67.4,74.7,65,68,70.6,75.8,73.4,71,69.9,59.6,58.1,82,67.3,76.1,78.6,86.4,78.4,95.7,85.1,100.2,100.1,74.9,90.6,88.4,93.5,84.7,92.4,78.9,79.9,87.2,83.3,73.3,76.7,91.6,82.5,83,92.5,82.7,81.6,81.6,81.5,81.4,87.9,77.6,91.5,90.4,86.7,94.1,104.8,94,93.5,145.6,109.2,124.1,88.3,83.9,84.6,92.8,82.9,80.7,85.3,94.5,90.4,94.6,76.2,74.8,109.6,91.5,104.9,85.9,139.7
2014年9月,88,88.8,86,86.8,88.4,93.8,74.4,71.7,74.9,64.8,67.6,69.7,76.1,74.2,80,83.6,56.8,55.2,81.7,67.7,75.9,78.9,86.6,78.5,95.7,85.1,100.2,100.1,74.9,90.4,88.1,93.3,84.5,92.5,78.9,79.2,87.5,83.9,73.5,76.9,91.6,87.5,88.6,92.5,88.5,89.6,93.2,82.2,82,90,77.6,91.5,90.3,87.1,94.1,104,91.4,93.2,144.7,109.3,124.1,88.3,84,83.3,93.6,83,80.7,82.9,94.6,90.2,94.3,76.7,74.8,109.7,91,104.9,84.2,139.7
2014年10月,87.8,88.9,85.7,87,88.6,94,73.4,65.7,74.9,63.9,66.7,68,76.1,74.8,72.6,72.1,53.3,51.6,81.5,68.1,76.1,79.1,86.6,78.6,95.8,85.2,100.2,100,75.2,90,87.7,93,83.8,92.5,79.2,79.3,88.7,84.9,73.4,77.4,91.6,88,89.2,92.1,89.2,89.6,93.1,82.4,82.7,92.7,77.5,91.5,90,87.3,94.1,104.2,91.6,93.2,145.6,109.3,124.1,88.3,84,83.6,92.7,82.8,80.8,83.5,94.7,90.1,95,76.9,74.8,109.7,90.3,104.9,84.6,139.7
2014年11月,87.4,88.7,85.3,86.7,88.5,93.9,72.9,62.8,74.9,63.6,66.3,67.1,76.6,75,67.8,64.7,54.8,53.1,81.6,68.2,75.8,79,86.6,78.6,95.7,85.3,100.1,100,75.3,89.8,87.9,92.8,81.2,92.5,78.8,77.6,88.8,85.4,73.6,77.5,91.6,88.5,90.4,92.2,90.4,89.4,92.7,82.5,82.6,92.9,77.7,91.4,89.5,87.4,94.1,103.5,91.6,92.1,145.6,109.3,124.1,88.3,84,82.8,91.2,82.8,80.9,82.4,94.6,90.1,94.8,76.7,74.8,109.7,89.2,104.9,83.8,139.7
2014年12月,87.5,88.5,85.4,86.6,88.5,93.8,73.5,66.6,74.9,63.4,68.4,70.6,76.6,74.9,69.8,68,59.5,57.9,81.6,68.2,75.8,79.2,86.4,78.6,95.7,85.3,100.1,100,75.4,89.5,87.7,92.7,78,92.5,78.7,77.9,89.3,85.2,73.7,76.6,91.6,87.8,89.3,92.2,89.2,88.8,91.6,82.8,82.6,92.5,77.7,91.2,89.3,86.7,94.2,103,92.3,91.2,145.6,109.3,124.1,88.3,84,82.9,88.5,83.3,80.7,82.7,94.7,90.2,94.3,77.4,74.8,109.7,88,105.1,84,139.7
2015年1月,87.4,88.1,85.3,86.1,88.4,93.5,74.7,72,75.2,63.4,68.4,70.4,77.2,73.9,76.6,78.3,64.6,63.2,81.9,68.6,76.3,79.3,86.7,79,95.7,85.4,100,99.9,75.6,88.8,88,92.9,69.8,92.6,79.8,81.3,89.7,84.8,73.6,77.1,91.4,83.6,82.6,91.5,82.3,85.3,86.6,82.8,82.9,88,77.8,91.4,90.3,86.7,94,101.2,91.5,88.9,145.3,109.3,124,88.3,84.3,82.4,90.3,83.7,80.9,81.2,94.7,90.3,94.8,77.7,74.8,109.4,85.4,105.2,83.4,139.7
2015年2月,87.2,88,85.1,86,88.4,93.5,74.3,70,75.2,63.6,68,69.6,77.4,73.9,73.6,73.7,65.3,64,81.8,68.4,76.1,79.5,86.5,79.1,95.7,85.5,100,99.9,75.8,88.7,88.4,93.5,64.1,92.6,79.7,80.8,89.6,84.6,73.8,77.4,91.4,83.3,83.5,91.8,83.2,83.3,83.8,82.6,82.8,87.2,77.8,91.3,90,86.9,94,100.4,91.3,87.7,145.3,109.5,124,88.3,84.7,82.6,90.9,83.5,80.9,81.6,94.6,90.3,94.7,77.5,74.8,109.4,84.2,105.3,83.6,139.7
2015年3月,87.5,88.4,85.5,86.4,88.6,93.8,74.3,69.4,75.3,63.5,67.7,69,77.7,73.9,73.5,73.6,64.2,62.7,81.6,68.5,76.5,79.4,86.2,79.1,95.7,85.5,100,99.9,75.8,89.3,89,94.2,65.7,92.6,79.9,81.8,89.5,83.5,73.9,77.1,91.5,85.7,88.4,91.7,88.4,83.4,83.8,82.7,83.1,90.5,77.9,91.4,90.1,87,94,101.2,92.5,88.7,144.8,109.5,124,88.3,84.8,83.2,92,83.9,81.1,82.3,94.6,90.3,94.3,78.1,74.8,109.4,85.6,105.3,84.3,139.7
2015年4月,87.9,88.7,86,86.8,89,94.2,75,72,75.6,63.5,67.9,69,78,75.9,77.9,80.3,63.3,61.7,82,68.6,77.1,79.7,86.3,79.3,95.8,85.5,100,99.9,75.9,89.1,88.5,94.3,65.5,92.6,80.6,83.5,89.1,84.8,74.2,77.2,91,87.8,88.5,91.8,88.5,90,93.4,82.8,83.7,90.7,77.9,91.9,90.5,87.1,94.7,101.2,91.7,88.6,146.1,110.8,126.4,89.5,84.3,83.5,92.4,83.8,81.1,82.8,95.1,90.4,96.6,78.3,74.8,108.8,85.2,106.4,84.5,139.8
2015年5月,88.1,88.8,86.2,86.9,89,94.2,75.5,74.2,75.8,63.6,67.8,68.8,78,76.1,78.6,81.2,70.1,68.8,82.5,68.8,77.2,80.3,86.3,79.4,95.7,85.5,100,99.9,75.8,89.2,89.2,93.2,65.8,92.6,80.5,83,88.4,85.6,74.3,77.2,91,87.7,88.2,91.8,88.1,89.8,93,82.9,84.6,90.9,77.8,92.1,90.8,87.5,94.7,101.5,91.9,89,146.1,110.8,126.5,89.5,84.3,83.6,92.5,84.3,81,82.7,95.2,90.4,97.1,78.3,74.8,108.8,85.7,106.4,84.5,139.8
2015年6月,87.9,88.7,86,86.8,89,94.2,75.2,71.7,75.8,63.6,67.4,68.2,78.2,76.3,75.2,76,69.6,68.3,82.5,69,77.2,80.1,86.3,79.6,95.7,85.6,99.9,99.9,76,88.1,87.6,91.5,66.2,92.7,80.2,82.6,88,85.7,74.3,77,91,87.4,87.8,91.8,87.7,89.4,92.2,83.3,84.7,90.8,78,92.1,90.9,87.7,94.7,101.7,91.4,89.4,146.2,110.8,126.4,89.5,84.3,83.6,95.4,83.4,81,82.8,95.1,90.4,96.8,78.3,74.8,108.8,85.1,106.4,84.5,139.8
2015年7月,87.8,88.6,85.8,86.7,89.1,94.2,75.1,70.7,76,63.9,67.8,68.7,78.2,76.2,75.6,76.6,64.7,63.1,82.5,69.5,77.4,80,86.1,79.6,95.7,85.6,99.9,99.9,75.9,86.4,85.3,89.2,66.5,92.7,80.2,81.5,87.2,86,74.6,77.9,91,84.9,84.5,92.1,84.3,85.6,86.7,83.4,85.1,89.5,78.1,92.2,91.2,87.7,94.7,102.3,92.9,89.6,147.1,110.8,126.4,89.5,84.3,83.9,95.8,83.4,81,83.3,95.1,90.4,96.8,78.6,74.8,108.8,83.7,106.4,85.1,139.8
2015年8月,87.9,88.6,85.9,86.7,89.2,94.4,75.5,72.7,76,63.8,69,70.7,78.1,76.3,76.6,78.1,67.4,65.9,82.6,70.1,77.6,79.8,85.7,79.7,95.7,85.5,99.9,99.9,75.9,85.2,83.9,87.2,65.3,92.7,80,80.9,86.7,85.6,74.8,78.2,91,83.6,83.2,92,82.9,83.1,83.1,83.5,85.2,88.8,78.2,92.2,91,87.7,94.7,102.1,94.7,88.8,147.1,110.8,126.4,89.5,84.3,85.3,95.9,84.3,81.3,85.3,95.3,90.5,96.7,78.5,74.8,109.2,81.8,106.5,86.7,139.8
2015年9月,88,88.6,86,86.7,89.4,94.5,76.1,75.2,76.2,64.1,69.2,71.1,78.6,76.8,81.1,84.8,65.6,63.9,82.5,70.4,77.8,79.9,86.2,79.7,95.7,85.5,99.9,99.8,75.9,83.8,82.4,85.1,63.3,92.7,80.1,81.3,86.6,85.8,75,77.7,91,88.9,89.4,91.6,89.4,91.8,95.3,84.2,85.3,90.5,78.2,92,90.9,87.4,94.7,101.1,91.8,88.1,147.1,110.9,126.4,89.5,84.5,84.5,100.9,84.1,81.1,83.6,95.4,90.4,97.1,78.8,74.8,109.3,79.9,106.5,85.4,139.8
2015年10月,88,88.7,86,86.7,89.5,94.6,76,73.3,76.5,64.6,68.1,69,78.7,77.2,80.5,83.7,62.9,61,82.7,71.3,78,79.7,86.1,79.8,95.8,85.7,100,99.8,76.2,83.6,82.6,84.5,60.8,92.7,80.5,81.4,87.3,87,75.3,78.4,91,89.4,90,91.8,90,91.6,94.9,84.5,86,93.1,78.1,92.1,90.5,87.2,95.1,100.8,91.9,87.7,146.6,110.9,126.4,89.5,84.5,84.7,101.3,82.9,81.3,84.2,95.4,90.4,96.9,78.8,74.8,109.3,79.4,106.5,85.5,139.7
2015年11月,87.6,88.7,85.6,86.8,89.5,94.6,75,66.8,76.6,64.8,67.7,68.3,78.9,77.2,71.3,69.8,61.7,59.7,82.7,71.5,78.1,80,85.9,79.8,95.7,85.7,99.9,99.8,76.2,83.7,82.9,84.7,59,92.7,80.5,81.2,87.1,87.3,75.6,78.4,91,90,91.4,92,91.4,91.5,94.5,85,86,93.6,78.3,92.1,90.4,86.9,95.2,100.7,91.4,87.5,147.2,110.9,126.4,89.5,84.5,84.4,101.1,82.7,81.3,83.8,95.3,90.4,96.7,78.7,74.8,109.3,79.2,106.6,85.2,139.7
2015年12月,87.6,88.6,85.6,86.7,89.5,94.6,75.1,67.7,76.6,64.7,68.3,69.1,79.2,77.3,70.6,68.9,65.6,63.9,82.4,71.3,78,79.8,85.6,79.9,95.7,85.7,99.9,99.8,76.3,83.5,82.8,84.9,57,92.7,80.8,82.5,86.6,87.6,75.8,78,91,89.2,90.4,91.7,90.4,90.5,92.9,85.2,86,93.4,78.3,92.1,90.4,86.9,95.2,100.2,91.9,86.6,147.2,110.9,126.4,89.5,84.5,84.6,100,83.8,81.4,83.9,95.3,90.5,96.4,79.3,74.8,109.3,78.2,106.8,85.4,139.7
2016年1月,87.3,88.1,85.3,86.1,89.2,94,75.8,71.9,76.6,64.8,69.1,70.5,79.4,76.1,73.9,73.9,71.3,69.9,82.3,71.6,78.1,79.7,85.8,79.9,95.7,85.7,99.8,99.7,76.2,82.9,82.3,85,51.3,92.7,80.4,81.1,86.2,86.5,76,78.1,91,84.8,83.4,91,83.2,86.5,87.2,85.1,86.5,88.4,78.3,92.1,90.4,87,95.2,99.3,91.5,85.3,147.2,110.9,126.4,89.5,84.7,83.3,98,84.1,81.4,81.8,95.4,90.5,96.8,79,74.8,109.3,76.2,107,84.2,139.7
2016年2月,87.4,88,85.4,86,89.2,94.1,76.2,74.3,76.6,64.8,68.5,69.4,79.3,76.3,76.7,77.9,75,73.7,82.5,71.2,78.2,79.9,85.7,79.9,95.7,85.7,99.8,99.7,76.4,82.2,81.7,84.8,47.7,92.7,79.9,79.9,85.6,85.9,76.1,78.1,91,85.2,85,92.1,84.8,85.3,85.6,85,87,88.1,78.4,92.1,90.1,87.2,95.2,98.8,91.3,84.5,147.2,111.5,126.4,89.5,86.1,83.8,99.2,84.2,81.2,82.4,95.3,90.6,96.6,78.7,74.8,109.3,74.9,107.4,84.5,139.7
2016年3月,87.5,88.1,85.5,86.1,89.4,94.4,76.2,73.7,76.6,64.8,68.2,69,79.4,76.3,76.7,78,73,71.7,82.4,71.5,78.3,79.8,85.4,80,95.7,85.8,99.8,99.7,76.5,81.7,80.9,84.1,47.4,92.7,80,79.3,85.4,85.2,77.9,77.8,91.1,87.5,89.9,92,89.9,84.9,84.8,85.3,87.3,91.6,78.5,92.2,90.2,88,95.2,98.7,92.5,84.3,146.8,111.5,126.4,89.5,86.2,84.2,99.5,84.8,81.3,82.9,95.4,90.5,96.7,79.2,74.8,109.3,74.2,107.5,85.2,139.7
2016年4月,87.7,88.4,85.7,86.4,89.7,94.7,76,72.6,76.7,64.8,68.1,69,79.2,76.6,77.2,78.7,68.3,66.7,82.7,71.4,78.3,79.4,85.8,80.1,95.7,85.9,99.8,99.7,76.7,81,79.8,83.1,47.9,93,80.6,80.9,86,86.8,78.1,77.5,91.1,89.8,90.3,91.8,90.3,91.8,94.7,85.3,88,92.1,78.7,92.7,90.1,87.9,96.1,99,91.8,85.1,146.4,112.5,128.6,89.5,85.4,84.7,99.2,84.5,81.4,83.8,95.9,90.6,96.6,79.3,76.1,110.6,74.3,108.3,85.5,139
2016年5月,87.7,88.4,85.8,86.5,89.7,94.7,76.1,73,76.7,64.8,68,68.8,79.2,76.2,75.7,76.4,73.5,72.1,83,71.2,78.3,79.4,85.9,80.2,95.6,85.9,99.7,99.6,76.7,81.2,80.6,82.2,48,93,80.6,80.8,85.6,87,78.2,77.4,91.1,89.7,89.9,91.8,89.9,91.7,94.7,85.4,88.3,92.1,78.6,92.8,90.5,87.9,96.1,99.1,91.8,85.5,145.6,112.5,128.6,89.5,85.4,84.9,98.4,84.9,81.3,84.1,96,90.6,96.7,79.4,76.1,110.6,74.8,108.3,85.7,138.3
2016年6月,87.6,88.4,85.7,86.5,89.6,94.6,76,71.7,76.8,64.7,68.3,68.9,79.4,76.1,75.6,76.2,68.9,67.4,83.5,71.2,78.4,80.5,85.9,80.3,95.6,86,99.6,99.6,76.8,80.4,79.2,81.1,49.3,93,80.1,79.6,85,87.3,78.4,77,91.1,89.2,89.5,91.9,89.4,90.9,93.4,85.5,88.4,91.7,78.6,93,91,88.1,96.1,99.6,91.3,86.3,145.6,112.5,128.6,89.5,85.4,84.7,97,84,81.2,84.3,95.9,90.7,96.5,79.4,76.1,110.6,74.9,108.3,85.4,138.3
2016年7月,87.4,88.2,85.5,86.3,89.5,94.4,75.9,71.2,76.8,64.8,68.6,69.4,79.6,75.7,75.6,76.1,66.7,65,83.3,71.3,78.6,80.4,85.9,80.3,95.6,86,99.6,99.6,76.8,79.8,78.3,80.2,49.6,93,79.5,77.9,84.1,87,78.6,76.9,91.1,86.9,86.6,91.9,86.5,87.4,88.4,85.4,88.4,90.6,78.7,93,91,88.3,96.1,99.6,92.9,86.1,145.2,112.5,128.6,89.5,85.4,84.6,95.9,83.9,81.4,84.2,95.8,90.6,96.3,79.3,76.1,110.6,74.2,108.3,85.6,138.3
2016年8月,87.4,88.2,85.5,86.3,89.6,94.5,76,71.5,76.8,64.8,69.9,71.6,79.5,75.8,74.3,74.1,68.3,66.7,83.1,71.2,78.8,80.1,85.6,80.3,95.6,85.9,99.6,99.5,76.8,79.1,77.5,79,49.4,93,79.1,76.7,83.3,86.7,78.5,76.9,91.1,85.6,85.4,91.9,85.2,84.6,84.4,85.5,88.5,90.5,78.7,93,90.7,88.4,96.1,99.8,94.2,85.9,145.2,112.5,128.6,89.5,85.4,85.7,93.5,84.3,81.5,86,95.9,90.8,96.2,79.5,76.1,110.6,73.4,108.3,86.9,138.3
2016年9月,87.6,88.2,85.6,86.2,89.6,94.5,76.5,74.6,76.9,65,71.8,74.8,79.6,76,79.7,82.3,63.5,61.6,83.2,71.5,78.3,80.3,86.1,80.3,95.6,85.9,99.6,99.5,76.8,78.7,77,78.1,49.6,93,78.9,75.8,82.7,87.4,78.8,77,91.1,90.2,90.7,91.6,90.7,92.3,95.4,85.7,88.8,91.8,78.9,93,90.7,88.5,96.1,99,91.6,86,143.1,112.5,128.6,89.5,85.5,84.7,93,84.3,81.4,84.5,96,90.6,96.6,79.8,76.1,110.6,73.2,108.3,85.5,138.4
2016年10月,88.1,88.4,86.2,86.4,89.8,94.7,77.8,81.6,76.9,65.6,70.4,72.2,79.4,76,89.5,97.1,68.8,67.1,82.9,71.6,78.3,80.2,86,80.3,95.6,85.9,99.6,99.5,76.8,78.6,77,77.8,49.3,93.1,79.7,77.9,83.2,87.9,78.7,77.4,91.1,90.4,91.1,91.8,91.1,91.8,94.7,85.7,88.9,94,78.8,93,90.7,88.5,96.2,99.1,91.9,86.1,142.9,112.5,128.6,89.5,85.5,85.5,95.7,84.6,81.4,85.4,96,90.6,96.7,79.8,76.1,110.6,73.1,108.3,86.3,138.2
2016年11月,88.1,88.4,86.2,86.4,89.7,94.6,77.7,81.2,77,65.7,70.5,72.2,79.6,76.1,88.7,95.9,69,67.3,82.9,71.6,78.1,80.3,86.1,80.3,95.5,85.9,99.5,99.4,76.8,78.8,77.2,78,50.9,93.2,80,78.2,83.6,87.8,79,77.7,91.1,90.9,92.3,91.8,92.4,91.5,94.1,86,89,94.2,78.9,92.9,90.5,88.4,96.2,99.2,91.3,86.6,142.8,112.5,128.6,89.5,85.5,85.1,95.6,84.8,81.4,84.6,95.7,90.6,95.6,79.6,76.1,110.6,73.8,108.3,85.8,138.2
2016年12月,87.9,88.4,86,86.5,89.6,94.5,77,77,77,65.7,70.5,72.1,79.6,76.6,81.4,84.7,71.4,69.9,82.6,71.6,78.2,80.3,85.6,80.2,95.5,85.8,99.5,99.4,76.8,79.5,77.4,78.3,57,93.2,80,79.4,83.4,87.6,78.9,76.6,91.1,89.8,90.7,91.6,90.7,90.2,92.2,85.9,89.3,93.2,79.1,92.8,90.3,88.1,96.2,99.5,91.6,87,142.9,112.5,128.6,89.5,85.5,85,95.1,84.5,81.4,84.7,95.6,90.7,95,79.8,76.1,110.6,74.8,108.4,85.8,138.2
2017年1月,87.7,88.2,85.8,86.2,89.3,94.1,77.2,77.6,77,65.8,71.9,74.4,79.9,75.7,79.9,82.4,74.5,73.2,82.9,71.6,78.3,80.3,86.4,80.3,95.5,85.9,99.5,99.4,76.9,80,77.7,78.7,61.4,93.2,80.3,80.1,82.7,87.4,78.8,77.3,91.1,85.8,84.4,91.2,84.2,86.9,87.5,85.7,89,88.2,79.2,92.6,89.5,88.3,96.2,99.6,91.3,87.5,141.6,112.5,128.6,89.5,85.5,84,94.4,84.6,81.6,83.1,95.7,90.7,95.5,79.7,76.1,110.6,75.7,108.4,84.8,137.5
2017年2月,87.6,88.2,85.7,86.2,89.3,94,76.8,75.3,77.1,65.7,71.7,73.6,80.1,75.9,77.8,79.1,72.2,70.8,82.9,71.6,78.4,80.2,86.5,80.3,95.5,85.9,99.4,99.3,76.8,80.5,78.4,79.2,61.9,93.2,80.4,80.4,82.9,86.9,78.9,77.4,91,86.3,86.4,91.8,86.2,86,86.1,86,89,88,79.2,92.6,89.4,88.2,96.2,99.1,91.2,87.4,139.3,112.6,128.6,90,85.6,84.1,95.1,84.3,81.6,83.2,95.6,90.6,95,79.7,76.1,110.6,76.1,108.4,84.8,136.8
2017年3月,87.6,88.3,85.7,86.4,89.4,94.1,76.6,73.4,77.2,65.7,71.9,73.8,80.2,76,75.8,76,69.8,68.2,82.5,71.6,78.5,80.3,86.7,80.3,95.5,86,99.4,99.3,77,81.1,79.3,79.8,61.6,93.2,79.3,78,82.4,87.1,79,76,91.2,88,90.1,91.9,90,85.7,85.6,86.2,88.5,91.6,79.2,92.7,89.5,88.6,96.2,98.9,92.2,87.9,136,112.6,128.6,90,85.6,84.7,94.9,85.1,81.5,84,95.8,90.6,95.8,79.7,76.1,110.6,77.1,108.5,85.6,136.7
2017年4月,88,88.7,86.1,86.8,89.7,94.5,76.7,73.9,77.3,65.7,72.7,75.2,80.2,75.9,77.3,78.1,66.9,65.2,83,71.7,78.6,80.4,86.8,80.3,95.5,86,99.4,99.3,77.1,81.8,80.5,80.4,61.3,93.3,79.9,79.1,82.7,87.9,79.2,76.4,91.2,89.7,90.1,92,90.1,91.1,93.6,85.8,89.1,91.9,79.3,92.9,90.3,88.5,96.2,99.4,91.3,87.7,139.8,113.2,129.3,90.2,86.1,85.1,95.8,84.4,81.6,84.8,96.1,90.6,96.1,79.8,76.6,111.2,77.7,108.9,85.8,136.8
2017年5月,88.1,88.8,86.2,87,89.7,94.6,76.7,73.3,77.3,65.8,72.1,73.8,80.5,75.8,75.6,75.4,70.7,69.1,82.6,71.6,78.7,80.5,86.6,80.3,95.5,86,99.4,99.3,77.1,83,82.6,81,61.3,93.4,79.7,79,82,87.8,79.1,76.2,91.2,89.7,90.1,92,90.1,91.1,93.6,85.9,89,91.8,79.3,93.1,90.8,88.7,96.2,99.4,91.4,87.7,140.2,113.3,129.3,90.2,86.1,85.4,94.7,85,81.7,85.1,96,90.7,95.8,79.7,76.6,111.2,78.6,109,86,136.8
2017年6月,88,88.7,86.1,86.9,89.7,94.5,76.6,72.1,77.5,65.8,72,73.5,80.3,75.7,74.2,73.1,69.9,68.3,82.8,71.7,78.6,80.4,90.6,80.4,95.4,85.9,99.3,99.3,77,83.2,83.1,81.2,60.6,93.4,79.5,78.8,81,87.3,79.3,75.6,91.2,89.4,89.8,92.2,89.8,90.6,92.6,86.4,89,91.5,79.3,93,90.7,88.5,96.2,99.5,91.1,87.5,141.1,113,128.9,90.2,86.1,84.6,93.5,84.2,81.8,84.2,95.9,90.8,95,79.7,76.6,111.2,78.6,108.8,85.2,136.9
2017年7月,87.8,88.7,85.9,86.8,89.6,94.3,76.4,70.4,77.6,65.8,72,73.4,80.5,75.5,72.9,71,67.4,65.6,83.7,71.9,78.6,80.2,90.4,80.4,95.4,85.9,99.4,99.3,77,83.2,83.1,81.3,60.1,93.5,79.2,77.9,80.2,86.9,79.4,75.8,91.2,86.9,86.6,92.1,86.5,87.2,87.6,86.6,88.5,90.5,79.3,93.1,90.9,88.6,96.2,99.7,92.8,87.4,141.1,112.9,128.9,90.2,86.1,84.6,92.1,83.7,81.8,84.5,95.9,90.8,95.3,79.6,76.6,111.2,78.5,108.7,85.6,136.8
2017年8月,88,88.8,86.2,87,89.7,94.5,76.6,72,77.5,65.8,72.9,74.8,80.7,75.3,73.3,71.6,70.7,69.1,83.2,71.8,78.7,79.9,89.8,80.4,95.4,85.9,99.3,99.3,76.9,83.2,82.9,81.5,60,93.5,78.9,77.5,79.4,86.7,79.3,75.6,91.2,86.1,86,92,85.9,85.3,84.8,86.5,88.9,90.4,79.3,94.7,90.9,88.6,99.1,99.4,93.7,87.5,138.7,112.9,128.9,90.2,86.1,86,90.9,84.3,81.7,86.8,96.2,91,96.1,79.6,76.6,111.2,78.5,108.7,87.1,134.9
2017年9月,88.2,88.8,86.4,87,89.8,94.5,77.3,75.5,77.6,66,75.9,80.1,81,75.6,78.3,79.2,65.6,63.8,83.4,71.8,78.7,80.1,89.8,80.5,95.4,85.9,99.3,99.3,77,83.4,83.1,81.7,60.1,93.7,78.7,76.8,81.2,86.9,79.4,75.3,91.2,89.9,90,92.3,90,92.1,94.7,86.6,89.2,91.3,79.4,94.7,91,88.7,99.1,98.9,91.7,87.4,138.2,113,128.9,90.2,86.2,84.9,91.1,83.9,81.7,85.1,96.1,90.9,95.8,79.7,76.6,111.2,78.7,108.8,85.6,134.8
2017年10月,88.3,89.1,86.4,87.3,89.9,94.7,76.8,71.8,77.7,66.4,74.2,77,80.8,75.7,74.2,72.8,65.4,63.5,83.8,72.1,78.6,80.4,89.6,80.5,95.5,86.1,99.3,99.3,77.2,83.5,83.1,81.9,61.3,93.7,79.5,78.6,82.3,88.1,79.2,75.5,91.2,90.3,90.6,92.2,90.6,92,94.5,86.6,89.2,93.7,79.3,94.5,90.5,88.4,99.1,99.6,91.9,88,139.4,113,128.8,90.2,86.2,85.4,94.6,83.5,81.7,85.7,96.2,90.9,95.8,79.9,76.9,111.3,79.4,108.8,86.1,134.8
2017年11月,88.6,89.2,86.8,87.4,90,94.7,77.6,76.2,77.8,66.8,73.9,76.1,81,75.8,81.5,83.7,65.6,63.8,83.3,72.1,78.7,80.2,89.5,80.6,95.4,86.1,99.3,99.2,77.3,83.5,82.8,81.7,64.1,93.7,79.5,78.4,81.9,88,79.1,76,91.2,90.7,91.6,92.1,91.6,91.6,93.8,87,89.3,93.5,79.4,94.4,90.3,88.1,99.2,100,91.6,88.8,139.4,113,128.8,90.2,86.2,85.3,94.8,83.6,82.3,85.4,96.2,90.9,96,79.9,76.9,111.3,80.1,108.8,86,134.9
2017年12月,88.8,89.2,87.1,87.4,89.9,94.6,78.4,80.7,77.9,66.7,74.5,76.8,81,75.8,85.8,90.1,71.1,69.6,83.3,72.2,78.9,80.2,89.3,80.6,95.4,86,99.3,99.2,77.1,83.6,82.6,81.7,66.5,93.7,79.3,78.8,81.7,87.7,78.7,75.2,91.2,89.6,90,92.2,89.9,90.6,92.1,87.3,89.2,92.8,79.4,94.3,90.2,87.4,99.2,100.4,92,89.1,139.6,113,128.8,90.2,86.2,85.4,93.7,84.9,82.3,85.1,96.2,91,95.6,80.6,76.9,111.3,80.5,109,86.1,134.9
2018年1月,88.9,88.9,87.2,87.1,89.7,94.2,79.6,87.3,78,66.8,75.7,78.6,81.2,75.7,92.3,100,77.6,76.4,83.5,72.3,79.1,80.4,89.5,80.7,95.4,86,99.3,99.2,77.1,83.7,82.7,81.8,67.3,93.7,79.4,78.5,82,87.2,79,75.7,91.2,86.2,85.1,92.1,84.8,87.2,87.5,86.9,89.2,89,79.4,94.2,89.7,87.5,99.2,100.3,91.5,89.2,139.3,113,128.8,90.2,86.2,84.4,93.4,84.7,82.4,83.6,96.2,91,95.7,80.3,76.9,111.3,80.7,108.9,85.1,134.6
2018年2月,88.9,89.1,87.2,87.3,89.7,94.3,79.1,84.7,78,66.8,74.8,76.8,80.9,75.6,89.9,96,76.3,75,83.5,72.1,78.9,80.2,89.4,80.8,95.4,85.9,99.2,99.2,77.1,84,82.9,81.8,69.8,93.7,79,77.4,81.1,86.5,79.1,76,91.2,86.6,86.6,92.1,86.4,86.4,86.3,86.9,89.2,88.5,79.6,94.3,89.9,87.8,99.2,100.6,91.2,89.7,139.3,113,128.8,90.2,86.3,85.1,93.7,84.5,82.3,84.9,96.2,91,95.6,80.1,76.9,111.3,81.4,108.9,85.7,134.5
2018年3月,88.6,89.1,86.9,87.4,89.8,94.4,78,78,78,66.9,75,77.1,80.8,75.8,81.4,83,72.1,70.5,83,71.9,79.1,80.2,89.2,80.9,95.3,85.9,99.2,99.1,77.1,84.3,83.4,82,69.8,93.7,78.3,75.5,81.7,85.8,79,75.5,91.2,88,89.8,91.9,89.7,85.8,85.5,86.8,89.1,91.6,79.9,94.2,89.7,88.1,99.2,100.7,92.4,89.5,139.4,113,128.8,90.2,86.2,85.1,92.5,84.7,82.4,84.8,96.2,91,95.8,80.1,76.9,111.3,81.5,108.9,85.9,134.6
2018年4月,88.5,89.3,86.8,87.6,90,94.6,77.3,72.8,78.1,67,74.6,76.1,80.5,77.9,75.7,73.9,68.4,66.6,82.9,71.8,79,80.1,89.2,81,95.3,86,99.2,99.2,77.2,84.7,84,82.5,69.7,93.8,78.7,76.1,80.4,87.1,79.2,76.1,91.2,89.8,90,91.8,89.9,91.4,93.5,86.8,89.4,91.8,80.2,94.6,89.9,88.1,99.8,100.5,91.7,89.6,138.8,113.6,129.6,90.2,86.7,85.3,91,84.2,82.4,85.4,96.2,91,95.7,80.3,77.5,111.2,81.8,109.4,85.9,134.6
2018年5月,88.7,89.4,86.9,87.7,90,94.7,77.3,72.8,78.1,66.9,74.6,75.9,80.5,78,74.2,71.5,72.6,71,83.1,71.3,78.9,80.1,89.1,81.1,95.4,86.1,99.2,99.2,77.3,85.5,85.3,82.9,70.1,94,78.6,76.3,80,87.1,79.2,75.5,91.2,89.8,89.8,91.7,89.8,91.4,93.7,86.6,89.4,92.1,80.2,94.8,90.3,88.4,99.8,100.7,91.6,90.1,138.8,113.6,129.6,90.2,86.7,85.4,91.1,84.3,82.4,85.5,96.3,91,96,80.2,77.5,111.2,83,109.4,86,134.6
2018年6月,88.6,89.4,86.8,87.7,89.9,94.5,76.9,71.2,78.1,66.9,74.3,75.4,80.3,77.9,73.4,70.2,69.1,67.4,83,71.2,78.8,80.1,88.8,81.2,95.3,86.1,99.2,99.2,77.3,86,85.7,83.2,73,94,78.6,76.5,79.4,87,79.2,75.7,91.2,89.4,89.5,91.9,89.4,90.7,92.6,86.8,89.1,91.6,80.4,94.9,90.4,88.7,99.8,100.8,91.4,91,136.1,113.5,129.4,90.2,86.7,85.3,90.7,83.6,82.5,85.6,96.3,91,95.7,80.4,77.5,111.2,84.4,109.3,85.9,132.6
2018年7月,88.6,89.4,86.9,87.7,89.8,94.4,77.4,73.5,78.2,67.1,74.8,76.3,80.6,77.8,76,74.2,70.3,68.6,83.1,71.8,79,79.9,88.6,81.2,95.3,86,99.2,99.1,77.2,85.8,85.2,83.4,73.4,94.1,78.3,76.2,78.8,86.9,78.9,75.3,91.2,87.2,86.5,91.8,86.3,87.8,88.5,86.5,88.8,90.9,80.5,94.9,90.4,88.8,99.8,101.2,93,91.2,136.2,113.5,129.4,90.2,86.7,85.1,89.9,83.7,82.5,85.4,96.2,91,95.6,80,77.5,111.2,84.2,109.3,86.1,132.6
2018年8月,89.1,89.6,87.5,88,90.1,94.7,78.3,78.3,78.2,67.1,76.4,79.2,80.8,77.8,81.6,82.7,71.3,69.7,83.2,71.5,79.3,80,88.3,81.3,95.3,86,99.2,99.1,77.2,86,85.5,83.6,73.4,94.1,78.1,75.6,78.3,86.6,78.9,75.3,91.2,86,85.5,91.3,85.4,85.3,85,86.2,88.7,90.7,80.6,95.7,90.5,89.1,101,101.3,94.1,91.1,136.1,113.5,129.4,90.2,86.7,87.4,89,84,82.5,89.1,96.2,91.1,95.4,80.2,77.5,111.3,84.4,109.3,88.3,132.6
2018年9月,89.2,89.7,87.6,88,90.1,94.6,78.7,79.8,78.4,67.3,77.3,80.5,81.2,78,84.7,87.4,68,66.1,83.3,71.7,79.4,80.4,88.5,81.3,95.3,86,99.2,99.1,77.2,86.5,86.1,84,74,94.1,78,75.2,78.3,86.9,78.6,75.6,91.2,90,90.2,91.4,90.2,92.1,94.7,86.4,88.9,91.3,80.6,95.7,90.5,89.1,101,101,91.9,91.3,135.6,113.5,129.4,90.2,86.8,85.8,92.6,84.1,82.5,86.2,96.2,91,95.7,80.3,77.5,111.2,85,109.3,86.5,132.1
2018年10月,89.5,90,87.9,88.4,90.3,94.9,78.6,79.6,78.4,67.4,75.4,77.1,81.1,77.9,84.9,87.7,70.5,68.8,83.1,72.1,79.2,80.2,88.6,81.3,95.3,86,99.2,99.1,77.3,87.2,86.8,84.5,77.1,94.1,78.7,77,79,87.6,78.8,75.7,91.2,90.5,90.8,91.4,90.8,91.9,94.4,86.5,89.2,93.6,80.6,95.6,90.2,89.1,101,101.5,92,92.1,135.7,113.5,129.4,90.2,86.8,86.6,94.3,85,82.6,87,97,91,95.2,80.4,83.5,112.1,86.5,109.3,87.2,132.4
2018年11月,89.3,90,87.7,88.4,90.3,94.8,78,75.2,78.5,67.5,75,76,81,77.9,79.9,79.9,68,66.1,83.4,72.2,79.1,80.3,88.5,81.4,95.3,86,99.1,99.1,77.3,87.6,87.4,85,78.1,94.1,79,77.9,80.7,87.5,78.6,75.4,91.2,90.7,91.5,91.6,91.6,91.6,93.9,86.8,89.6,93.4,80.7,95.5,90,89.1,101,101.2,91.7,91.7,135.5,113.5,129.4,90.2,86.8,86.2,93.8,84.1,82.6,86.7,97.1,91.1,95.7,80.3,83.5,112.1,86.6,109.3,86.8,132.4
2018年12月,89,89.8,87.3,88.2,90.2,94.8,77.6,73.1,78.4,67.4,75.8,77.2,81.1,77.8,74.9,72.4,70.9,69.2,83,71.9,79,80.3,87.9,81.5,95.3,86.1,99.1,99.1,77.4,87.7,87.9,85.6,74.6,94.1,79.3,79.1,80.8,87.6,78.5,75.4,91.2,89.7,89.8,91.5,89.8,90.6,92.2,87.2,89.3,93.3,80.8,95.5,90,88.7,101,100.3,91.9,90.3,135.5,113.5,129.4,90.2,86.8,86.2,93.5,83.7,82.6,86.8,97,91.1,95,80.7,83.5,112.1,85.3,109.4,86.8,132.1
2019年1月,89.1,89.6,87.4,88,90,94.5,78.4,77.7,78.5,67.3,76.8,79,81.5,77.8,79.1,78.8,75.5,73.9,83,72.2,79.2,80.2,88.5,81.6,95.3,86,99.1,99.1,77.3,88,88.6,86.3,71.5,94.1,79.3,78.7,80.6,87.2,78.8,75.7,91.2,86.5,84.8,91.4,84.6,88.1,88.5,87.3,88.8,89.4,80.9,95.3,89.6,88.7,101,100,91.7,89.9,135.4,113.5,129.4,90.2,86.8,85.7,91.9,84,83.9,85.7,97.1,91,95.5,80.4,83.5,112.1,84.7,109.4,86.3,132.1
2019年2月,89.1,89.7,87.4,88.1,90.1,94.6,78,75.4,78.5,67.3,75.9,77.3,81.3,77.4,76.4,74.8,75.5,73.9,83.2,72,79.3,80.3,88.2,81.6,95.3,86.1,99.1,99.1,77.4,88.4,89.2,86.9,70.9,94.1,79.7,80.1,80.2,87.3,78.5,75.6,91.3,86.6,85.9,91.6,85.7,86.9,86.9,87.2,89.4,88.4,81.1,95.3,89.6,88.8,101,100,91.5,89.9,135.4,113.5,129.4,90.2,86.8,86.3,93.2,84.5,84,86.5,97,91.1,95.3,80.3,83.5,112.1,85,109.4,86.8,132.1
2019年3月,89.1,89.9,87.4,88.2,90.2,94.7,77.8,73.4,78.6,67.3,75.9,76.8,81.5,77.6,74.1,71.2,74.1,72.5,82.8,72.3,79.3,80.3,88.2,81.8,95.3,86.1,99.1,99.1,77.4,88.6,89.4,87.2,71.6,94.1,79.4,79.6,80.2,86.5,78.4,75.6,91.4,88.1,89.4,92,89.3,86,85.7,86.9,89.7,92,81.3,95.4,89.8,88.9,101.1,100.4,92.5,90.3,135.2,113.6,129.3,90.2,87,85.9,92.4,85.3,84.1,85.6,97.1,91.2,95.6,80.6,83.5,112.1,85.6,109.5,86.7,132.2
2019年4月,89.3,90.1,87.7,88.5,90.5,95,77.8,72.6,78.8,67.5,75.8,76.5,81.4,79.1,75.6,73.5,68.1,66.2,83.1,72.4,79.8,80.2,88.1,81.9,95.4,86.3,99.2,99.1,77.8,88.4,88.9,87,71.8,94.2,80,80.9,80.3,87.7,78.1,75.8,92.1,89.9,89.5,92.5,89.5,91.6,93.7,86.9,90.1,92.2,81.6,95.5,89.7,89.1,101.1,100.3,91.8,90.5,134.6,114.2,130.1,90.3,87.5,87,92.2,85,84.3,87.4,97.3,91.2,95.5,81.7,83.5,112,85.6,109.9,87.5,132.1
2019年5月,89.3,90.1,87.7,88.5,90.5,95,77.9,72.8,78.9,67.6,75.8,76.6,81.3,79.5,74.4,71.5,71.7,69.9,83.1,72.5,79.7,80.3,88.2,82,95.4,86.4,99.2,99.2,77.9,88.2,88.4,86.8,73.6,94.3,80.6,82.3,80.9,87.6,78.3,76.3,92.1,89.8,89.4,92.1,89.4,91.2,93.4,86.6,90.2,92.2,81.6,95.5,89.6,89.2,101.1,100.4,91.8,91.1,133.1,114.3,130.1,90.3,87.6,86.5,92.3,85.5,84.6,86.3,97.2,91.3,95.4,81.6,83.5,112,86.1,110,87,132.2
2019年6月,89.2,90,87.5,88.4,90.4,94.8,78.1,73.2,79,67.8,75.7,76.3,81.5,79.5,74,70.9,74.5,72.8,83.3,73.1,79.7,80.3,88,82,95.5,86.5,99.2,99.2,78.1,87.9,87.8,86.5,73.3,94.3,80,80.5,80.5,88,78.3,76.2,92.1,89.4,89,92,88.9,90.6,92.4,86.8,89.9,92,81.7,95.4,89.7,89.2,101.1,99.5,91.5,90.8,129.9,114.3,130.1,90.3,87.6,86.5,91.6,84.6,84.7,86.8,97.1,91.3,95,81.6,83.5,112,85.4,110,87,129.3
2019年7月,89.1,89.9,87.5,88.3,90.4,94.7,78.1,73,79.1,67.9,75.9,76.5,81.7,79.6,74.6,71.7,72.2,70.5,83.4,73.8,79.6,80.3,87.8,82,95.5,86.6,99.2,99.1,78.3,87.5,87.5,85.9,72.7,94.3,79.7,79.1,80.8,87.7,78.3,76.6,92.1,87.5,86.6,92.8,86.4,88,88.6,86.9,89.9,91.2,81.9,95.5,89.9,89,101.1,100,93,90.4,132.3,114.3,130.1,90.3,87.6,86.1,90.8,84.4,84.7,86.3,97.1,91.3,94.9,81.4,83.5,112,84.7,110,86.9,129.4
2019年8月,89.4,90.1,87.7,88.5,90.6,95.1,78.3,74.5,79.1,67.8,76,76.9,81.8,79.3,76.4,74.6,72.8,71.1,83,73.6,79.8,80.3,87.4,82.1,95.5,86.6,99.2,99.1,78.3,87.1,87.1,85.1,72.4,94.3,79.8,79.7,80.2,88.3,78,76.8,92.1,86.5,85.8,92.4,85.6,85.8,85.6,86.5,89.7,90.7,81.9,95.5,90,88.8,101.1,100.1,94.4,90.3,132.2,114.2,130.1,90.3,87.5,88.4,89.8,85.2,85.1,89.7,97.2,91.5,94.8,82,83.5,112,84.2,110.1,89.2,129.4
2019年9月,89.4,90,87.8,88.4,90.6,94.9,79,78,79.2,67.9,78.2,80.7,81.5,79.7,80.8,81.1,71.2,69.4,82.9,73.9,80.1,80.6,87.2,82.1,95.5,86.7,99.2,99.2,78.4,86.6,86.4,84.4,72.1,94.3,80.1,79.7,81.5,88.5,78.2,77,92.2,90.1,89.7,92,89.6,92.1,94.6,86.9,89.9,91.4,82,95.4,89.8,88.8,101.1,99.4,92.1,90,131.6,114.3,130.1,90.3,87.6,86.7,90.5,85.5,85,86.7,97.2,91.4,95,81.8,83.5,112,83.4,110.2,87.2,129.4
2019年10月,89.7,90.3,88.1,88.8,90.9,95.2,79.3,76.8,79.8,68.2,77.4,79.3,81.7,79.7,79.5,79.1,71.4,69.6,82.8,74.1,80.3,80.6,89.9,83.9,96,88.2,99.1,99.1,81,86.5,86,84.2,73.6,94.3,82.1,82,83.8,90.9,80,78.8,94.1,91.5,90.9,94.2,90.8,92.9,95.1,88.2,92,94.5,84,96.3,91.3,90.1,101.5,100.6,93.9,91.6,130.8,104.7,113.4,91.2,88.7,88.6,94.3,87.1,85.7,88.8,94.2,93.1,97,83.3,84.9,98.1,84.1,103.1,89.1,130.5
2019年11月,89.8,90.5,88.2,88.9,91,95.3,79.2,75.2,79.9,68.1,76.8,77.9,82,79.8,79.1,78.4,68.3,66.3,82.8,74.5,80.3,80.5,89.7,84.2,96.1,88.3,99.2,99.2,81.2,87.8,87.2,85.7,73,96,82,82.1,83.5,91.7,79.6,78.4,94.1,91.9,92.1,94.2,92.1,92.5,94.3,88.5,91.9,94.8,84.1,96.2,91.1,89.7,101.5,100.7,93.7,91.4,132.1,104.7,113.4,91.2,88.7,88.2,94.6,86.9,85.5,88.3,94.2,93.3,97,83.2,84.9,98.1,84.7,103.1,88.7,130.9
2019年12月,89.7,90.5,88.2,88.9,91,95.3,79,74.9,79.8,67.9,76.2,76.7,81.7,79.8,77.5,76.1,72.1,70.4,82.7,74.3,80.3,80.3,89.3,84.2,96.1,88.4,99.2,99.1,81.3,87.7,86.9,85.8,73.5,96.3,81.7,81.7,83.2,91.5,79.7,78.1,94.1,90.9,90.7,94.6,90.6,91.4,92.8,88.5,92.1,93.6,84.1,95.9,90.6,89,101.5,101.1,93.9,91.6,133.3,104.7,113.4,91.2,88.7,88.6,93.2,87.5,85.5,88.8,94,93.3,96.4,83.2,84.9,98.1,84.8,103.2,89.1,130.9
2020年1月,89.8,90.4,88.2,88.8,90.8,95,79.6,77.1,80.1,68,77.5,78.7,82.4,79.6,77.6,76.1,78.6,77.2,83.1,74.5,80.4,80.6,89.8,84.3,96.1,88.3,99.2,99.1,81.2,87.9,86.7,85.7,75.2,97.4,81.9,81.3,83.6,91.5,80.2,78.5,94.1,87.7,85.7,93.7,85.5,88.5,88.6,88.2,92.2,90.4,84.3,96.1,90.8,89.8,101.6,101.6,93.9,92.4,133,105.6,114.3,91.2,88.7,87.1,91.4,87.8,85.6,86.6,94.2,93.4,96.6,83.3,85,98.1,85.3,104.2,87.8,130.4
2020年2月,89.6,90.3,88,88.7,90.8,95,79.2,74.7,80,68,76.8,77.8,81.9,79.6,74.9,72.1,77.6,76,82.8,74.5,80.3,80.7,89.4,84.3,96.1,88.4,99.2,99.1,81.3,87.7,86.4,85.6,75.2,97.4,81.5,80.5,83.5,89.8,80.3,78.6,94.1,87.8,86.7,94.5,86.5,87.3,87,87.9,92.2,90,84.3,96.1,90.1,90.4,101.6,101.2,93.9,92.1,132,105.5,114.3,91.2,88.4,87.3,93.7,87.2,85.7,86.7,94.2,93.4,96.9,83.1,85,98.1,84.8,104.1,87.8,130.4
2020年3月,89.6,90.3,88,88.8,90.9,95.1,79.1,74.4,79.9,67.9,76.4,77,81.9,79.5,75.7,73.2,75.3,73.6,82.2,74.4,80.4,80.6,89.2,84.4,96.1,88.3,99.2,99.1,81.2,87.7,86.5,85.7,73.4,97.4,81.3,79.7,83.7,90.4,80.2,78.6,94.1,89.5,90.7,94.4,90.6,86.7,85.9,88.3,92.1,92.7,84.4,96.3,90.7,90.5,101.6,100.8,95,91.6,131.6,105.5,114.3,91.2,88.6,87.7,94.5,87.8,85.9,87.1,94.2,93.4,96.8,83.6,85,98,84.2,104.2,88.4,130.4
2020年4月,89.5,90,87.9,88.4,90.7,95,79.7,78.7,79.9,68,76,76.5,81.9,79.4,81.8,82.2,76.2,74.6,82.7,74.5,80.3,80.4,89.1,84.3,96.1,88.5,99.2,99.2,81.4,86.8,86.5,85.7,65.2,96.2,81.6,80.4,84,91,80.4,78.6,94.4,91.2,90.6,94.4,90.5,92.5,94.5,88.5,92.2,92.8,84.4,96.1,91.1,90.8,100.9,98.9,94.1,88.9,131.3,102.5,109.2,91.8,89.7,88,93.8,87,86,88.1,94.1,93.3,96.5,83.6,85,97.9,81.7,101.6,88.6,130.8
2020年5月,89.5,90,87.8,88.4,90.9,95.1,79.7,78.1,80,68,75.9,76.4,82.3,79.4,79.7,79,79.6,78.2,83,74.8,80.6,80.2,89,84.3,96.2,88.5,99.3,99.2,81.4,86.3,86.6,85.5,61.4,94.7,81.9,80.9,84,91.3,80.7,78.5,94.4,91,90.4,94.5,90.3,92.4,94.4,88.4,92,92.4,84.5,96.1,91.2,90.6,100.9,98.6,95.2,88.1,131.9,102.1,109.1,91.8,88.6,88.3,95.1,87.7,86,88.1,94.3,93.3,97.2,84.4,85,97.8,80.4,101.2,88.9,131.5
2020年6月,89.3,89.9,87.6,88.3,90.7,94.9,79.4,76.1,80,67.9,75.1,75,82.5,79.3,77.3,75.5,79.8,78.5,83,75,80.6,79.9,88.9,84.3,96.2,88.4,99.3,99.2,81.3,86,86.5,85.5,60.9,93.8,82.3,82.2,84.4,90.9,81.2,78.4,94.4,90.5,89.7,94.2,89.5,91.5,93.1,88.4,91.9,92.8,84.5,96.1,91.3,90.9,100.9,98.9,94.3,88.6,131.9,101.9,109,91.8,88.2,87.4,95.5,87.3,86,86.7,94.3,93.3,96.5,84.5,85,98.1,80.9,101,88,131.5
2020年7月,89.3,89.9,87.7,88.2,90.7,94.8,79.6,78.1,79.9,68,75.4,75.7,83,79.3,80.9,80.9,77,75.5,82.8,74.8,80.3,79.6,88.7,84.4,96.2,88.4,99.3,99.2,81.4,85.4,85.8,85.3,61.5,92.5,82.2,82.1,83.8,90.4,81.2,78.1,94.4,88.7,87.9,94.1,87.7,88.8,89.2,87.9,91.4,91.8,84.6,96.1,91.4,90.4,100.9,99.9,95,88.9,135.4,102.2,108.8,91.8,89.5,87,95.6,87,85.9,86,94.3,93.3,96.7,84.3,85,98.1,81,101.1,87.7,132.8
2020年8月,89.4,89.7,87.8,88,90.5,94.6,80.3,83.4,79.7,67.7,75.8,76.4,82.2,79.2,88.1,91.6,77.7,76.2,82.5,74.5,80.3,79.5,88.3,84.4,96.1,88.4,99.3,99.2,81.3,85.2,84.9,85.2,64.5,92.9,81.8,81.1,83.2,89,81.2,78.2,94.4,87.7,87,94.2,86.8,86.6,86,87.8,91.2,91.7,84.6,95.8,91.1,89.8,100.9,100.4,96.1,89.5,135.2,102.1,108.8,91.8,89.4,86.1,95,87.5,86,84.3,94.3,93.4,96.7,84,85,98.3,81.2,101,87,132.8
2020年9月,89.2,89.7,87.6,88,90.5,94.6,79.9,80.5,79.8,67.4,76.7,78.1,82.2,79.2,83.1,84,78.2,76.8,82.5,74.6,80.1,80,88.5,84.4,96.1,88.4,99.2,99.2,81.3,84.5,83.5,84.5,64.2,93.6,82.1,81,83.6,90,81.6,79.2,94.4,91.6,91.4,94.1,91.3,93,95.3,88.4,91.6,92.6,84.6,95.8,91.1,89.7,100.9,99.9,93.4,89.5,134.4,102.2,108.7,91.8,89.6,85,93.8,87.7,86.1,82.5,94.4,93.4,97.1,84.2,85,98.1,80.5,101.1,85.6,132.8
2020年10月,89.2,89.7,87.5,88,90.6,94.8,79.8,79.2,79.9,67.7,76.4,77.6,82.6,79.1,82.4,83,75.4,73.8,82,75.3,80.3,79.7,89.1,84.5,96.1,88.4,99.2,99.1,81.4,84,81.9,83.4,63.6,96.3,82.9,83.1,83.7,90.9,81.5,79.1,94.4,91.9,92,93.9,92,92.9,95,88.7,91.7,92.7,84.6,95.6,90.8,88.8,100.9,99.8,93.7,89.3,134.3,102.2,108.7,91.8,89.8,84.7,94.3,88.1,86.9,81.7,94.9,93.4,97,84.1,92.9,98.1,79.3,100.9,85.4,132.5
2020年11月,88.9,89.6,87.2,87.9,90.6,94.8,79,74.9,79.8,67.4,75.6,76.1,82.6,79,78.3,76.9,71.4,69.6,82,75.3,80,79.5,89.2,84.5,96.1,88.5,99.2,99.1,81.5,83.1,80.9,81.8,62.9,96.3,83.6,84.5,84.2,90.9,81.5,79.8,94.4,92,92.4,94.1,92.4,92.4,94.3,88.6,91.7,94.1,84.6,95.5,90.7,88.5,100.9,99.7,93.9,89.1,134.3,102.1,108.5,91.8,89.8,84.3,93.3,87.6,86.9,81.3,95,93.4,96.9,84.6,92.9,98.1,78.2,100.9,85,132.5
2020年12月,88.7,89.5,87,87.8,90.6,94.8,78.5,72.1,79.7,67.2,75.7,76.3,82.7,78.8,73.6,69.9,73,71.4,81.7,75.1,80.3,78.9,88.6,84.5,96.1,88.4,99.2,99.1,81.4,82.4,80,80.5,63,96.6,83.7,84.5,83.7,91.4,81.3,80.5,94.4,90.9,91.2,94.1,91.1,91.5,92.8,88.8,90.4,93.4,84.7,95.3,90.4,87.8,100.9,99.9,94,89.4,134.3,102.1,108.5,91.8,89.8,84.8,92.1,87,86.8,82.6,94.7,93.4,95.9,84.2,92.9,98.1,77.9,100.9,85.6,132.5
2021年1月,89.2,89.8,87.5,88.1,90.8,95.1,79.4,77.3,79.9,67.3,75.9,76.6,83,78.9,80,79.5,75.3,73.8,81.9,75.2,80.3,79.6,89.2,84.5,96.5,89.9,99.2,99.1,83.8,82.2,79.6,79.8,64.3,97.1,83.4,83.3,83.3,90.4,81.5,80.9,94.4,88.4,87.5,94,87.4,88.6,88.8,88.4,90.8,90.8,84.9,95.3,90.6,87.5,100.9,99.9,94,89.6,133.9,102.1,108.5,91.8,89.8,87.2,91.5,87.2,87,86.6,95,93.5,96.5,81.8,92.9,99.3,78,100.9,87.7,132.5
2021年2月,89.1,89.8,87.4,88.1,90.8,95.1,79.1,75.1,79.8,67.2,75.4,75.6,82.8,78.9,77.5,75.8,74.9,73.3,82.2,75,80.1,79.5,89.2,84.5,96.6,89.9,99.3,99.1,83.8,82.5,79.6,80.1,66.5,97.1,83.3,82.7,83.2,90.2,81.7,81,94.4,88.5,88.3,94,88.1,87.9,87.8,88.3,90.9,90.3,84.9,95.3,90.4,88.1,100.9,100,93.7,90,133.4,102.1,108.5,91.8,89.7,86.9,92.1,87.3,87,86.1,95.2,93.4,96.4,84.3,92.9,99.3,78.6,100.9,87.5,132.5
2021年3月,89.2,90,87.6,88.4,90.9,95.1,78.8,73.3,79.8,67.1,74.7,74.4,82.8,79,75.8,73.1,73.8,72.3,81.8,75.2,80.2,79.7,89.2,84.5,96.6,90,99.3,99.1,84.1,83.3,80.3,81.1,70.4,96.9,83.3,83.1,83.4,90.1,81.6,80.8,94.4,90.2,92.1,94.1,92.1,87.6,87.2,88.4,90.8,92.3,85,95.7,91.1,88.8,100.9,100.2,94.9,90.9,130.8,102.1,108.4,91.8,90,87.3,91.1,87.8,87.2,86.5,95.3,93.4,96.6,84.3,92.9,99.3,80.4,100.9,88,131.1
2021年4月,88.5,89.2,86.7,87.5,89.9,93.8,78.7,72.9,79.8,67,75.1,75,82.5,79.3,76.1,73.5,71,69.3,81.7,75.2,80.1,79.1,88.9,84.5,96.7,90.1,99.3,99.1,84.1,84.5,81.5,82.6,73.1,97.6,83.4,82.6,83.5,90.7,81.7,81.5,94.3,91.4,91.6,93.9,91.5,92.3,94.3,88.3,91.3,92.4,85.2,95.5,91.2,88.7,100.6,93.2,94,91.1,99,103.2,109.6,91.8,91.1,87.8,91.8,87.5,87.5,87.5,95.3,93.5,96.5,84.3,92.9,99.3,81.9,102.1,88.4,103.8
2021年5月,88.8,89.5,87,87.8,90,94,79,73.9,79.9,66.9,75.7,76.2,82.3,79.3,75.6,72.7,75.2,73.8,81.7,75.2,80.4,80.5,88.9,84.5,96.7,90.1,99.3,99.1,84.2,86.2,84.1,84,73.3,97.7,83.5,82.7,83.4,90.9,81.7,81.5,94.4,91.4,91.5,94,91.4,92.2,94.2,88.4,91,92.4,85.3,95.6,91.6,88.8,100.6,93.5,95.1,91.2,99.6,103.3,109.7,91.8,91.1,88.1,91.8,87.3,87.5,88,95.4,93.5,96.7,84.5,92.9,99.3,83.5,102.3,88.7,103.8
2021年6月,88.9,89.5,87.1,87.7,89.9,93.8,79.4,76.6,79.9,66.9,75.5,75.6,82.7,79.2,78.2,76.7,78.8,77.7,82.2,75.4,80.2,80.1,88.7,84.6,96.7,90.1,99.3,99.1,84.3,86.8,84.9,84.3,74.3,97.9,83.7,83.7,84.2,90.7,81.6,81,94.4,91,91.2,94,91.1,91.6,93.3,88.3,90.5,92.2,85.3,95.5,91.3,88.7,100.6,93.5,94.5,91.5,98.9,103.4,109.8,91.8,91,87.5,91.8,86.8,87.4,87.1,95.2,93.6,96.1,84.4,92.9,99.3,84.4,102.3,88,103.8
2021年7月,89.1,89.7,87.4,88.1,90.1,94,79.2,74.8,80,66.9,76.6,77.5,82.9,79.4,75.9,73.2,76,74.8,82.5,75.1,80.3,80.2,88.7,84.7,96.7,90.2,99.3,99,84.3,87.3,85.6,84.3,77,97.8,84.1,85.8,84.3,90.4,81.3,80.4,94.4,89.4,89.6,93.5,89.5,88.7,89.2,87.8,90.9,91.4,85.4,95.6,91.3,88.8,100.6,94.5,96,92.2,100.7,103.4,109.8,91.8,91.1,88.6,92.5,86.5,88.9,88.8,95.4,93.6,96.2,84.8,92.9,99.6,85.7,102.3,89.3,103.8
2021年8月,89.1,89.7,87.4,88,90.1,94,79.4,76.1,80,66.9,77.5,78.8,83.1,79.5,77.2,75.1,75.8,74.7,82.9,75.2,80.3,79.8,88.4,84.7,96.8,90.2,99.4,99.1,84.4,87.3,85.6,83.9,77.4,98,84.2,85.4,84,89.7,81.4,81,94.4,88.4,88.4,94.1,88.3,87,86.5,87.9,90.9,91,85.5,95.7,91.6,89.1,100.6,93.7,96.7,92.3,96.3,103.3,109.8,91.8,91,89.3,91.8,86.1,88.9,90.2,95.5,93.6,96.1,84.9,92.9,99.9,85.7,102.3,90,100.1
2021年9月,89.4,89.7,87.7,88.1,90,93.8,80.6,82.3,80.2,66.9,78.4,80.3,83.3,79.8,86.3,88.6,74,72.7,83.4,75.3,80.8,80.5,88.6,84.7,96.8,90.3,99.4,99.1,84.6,88.2,86.9,85.1,77.2,98.2,83.6,83.4,84.4,90.6,81.6,81,94.4,91.5,92,93.8,91.9,92.3,94.5,88,91.1,91.5,85.8,95.6,91.7,88.6,100.6,93.5,94.9,92.2,96.3,103.4,109.8,91.8,91.1,87.9,93,86.1,89,87.6,95.6,93.6,96.8,84.9,92.9,99.6,86.5,102.4,88.4,100.1
2021年10月,89.3,89.8,87.6,88.1,89.9,93.6,80.1,78.3,80.5,66.9,78.4,80.3,83.6,79.4,80.1,79.3,75.4,74.1,83.7,75.9,81.2,81.5,88.8,84.8,96.8,90.4,99.3,99,84.7,89.4,88.2,86.4,80.1,98.3,83.6,83.1,85,91.3,81.7,81.1,94.4,91.7,92.3,93.8,92.3,92.1,94.1,88.2,91,91.7,85.8,95.3,91.3,88.7,100.1,92.3,95,93,88.8,103.4,109.8,91.8,91.1,88.3,94.2,86.6,89.1,88.1,96.1,93.5,96.6,86.5,98.7,99.5,88.3,102.4,88.9,93.7
2021年11月,89.4,90,87.8,88.4,90,93.6,80.1,77.2,80.7,66.7,79.5,82.2,84.1,79.2,77.8,75.9,75.2,74,84.2,76.5,81.4,81.5,88.8,85,96.8,90.4,99.3,99.1,84.7,90.7,89.6,87.7,85.6,98.4,83.9,84.2,85.8,90.7,81.8,81,94.4,92.1,93.4,93.7,93.4,91.9,93.8,88.3,90.9,92.4,85.9,95.3,91.5,88.4,100.1,92.8,94.1,93.9,88.8,103.4,109.8,91.8,91.1,87.9,93.6,86.1,89.1,87.6,96.1,93.5,96.6,86.5,98.7,99.5,90.4,102.3,88.5,93.7
2021年12月,89.4,90,87.8,88.3,89.9,93.5,80.2,77.8,80.6,66.4,80.5,83.4,84.2,78.7,76.9,74.5,78.8,77.9,83.6,76.5,81.6,80.8,88.2,85,96.8,90.5,99.3,99,84.9,91.6,90.8,88.9,85.7,98.4,83.1,82.1,85.9,90.2,81.4,80.9,94.4,91.2,92.2,94,92.1,90.6,91.8,88.3,91,92.2,86.1,95.2,91.2,88.2,100.1,92.5,94.8,93.4,88.3,103.4,109.8,91.8,91.1,88.1,94.4,85.5,89.1,88.1,95.9,93.6,96,86.5,98.7,99.6,90.6,102.4,88.8,93.7
2022年1月,89.6,90,88,88.3,89.8,93.3,81.1,82.3,80.9,67.4,81.6,85.4,84.4,79.1,80.7,80.3,83.2,82.5,84.4,76.4,81.6,81.1,88.8,85.2,96.8,90.4,99.3,99,84.8,92.7,92.3,90.3,85.8,98.4,82.9,80.7,85.7,90.8,82,81.2,94.4,89.5,89.7,93.6,89.6,89,89.4,88.3,90.8,90.6,86.3,95.2,91.1,88.2,100.1,92.4,94.4,93.3,88.4,103.4,109.8,91.8,91.1,87.7,93.5,86.2,89.3,87.1,96,93.6,96.4,86.4,98.7,99.5,91.9,102.4,88.3,93.7
2022年2月,90,90.3,88.4,88.7,89.9,93.4,81.3,82.7,81.1,68.4,81.5,84.9,84.7,79,81.5,81.4,83.2,82.6,84.9,76.3,81.9,81.1,88.8,85.2,96.9,90.6,99.3,99.1,85.1,95.1,95.3,93.3,88.8,98.5,82.6,79.9,85.6,90,82.4,81.3,94.4,89.7,90.6,94.4,90.5,88.4,88.4,88.4,90.8,90.6,86.4,95.3,91.3,88.6,100.1,92.7,94.3,93.9,88.3,103.4,109.7,91.8,91.2,88.1,95.6,86.3,89.3,87.5,96.1,93.6,96.8,86.6,98.7,99.5,94.7,102.4,88.6,93.7
2022年3月,90.3,90.8,88.8,89.2,90.2,93.6,81.4,81.8,81.4,68.6,81.7,84.6,84.9,79.3,81.5,81.3,80.3,79.4,85.6,76.7,82,82.1,88.7,85.4,96.9,90.8,99.4,99.1,85.3,97,97.6,95.8,91.9,98.5,83.7,82.8,86,90.3,82.6,81.2,94.4,90.9,93.1,94.7,93,88.2,87.9,88.7,90.9,91.8,86.8,95.3,91.5,88.5,100.1,93.1,95.4,94.4,88.3,103.5,109.7,93.5,91.6,88.4,94.8,86.9,89.5,87.9,96.2,93.6,96.4,88.1,98.7,99.6,97.1,102.6,89.1,93.6
2022年4月,90.7,91.1,89.3,89.7,90.6,93.9,81.8,81.8,81.8,68.9,81.6,84.1,84.6,79.7,82.4,82.5,78.8,77.7,86.6,77.2,82.9,82.2,88.6,86.1,97.1,91.3,99.3,99.1,86.2,97.8,98.6,97,92.2,98.6,85.3,86.8,86,91.3,82.6,81.9,94.5,92.2,92.9,94.7,92.9,92.7,94.7,88.8,90.6,92.2,87.8,94.9,92.3,88.5,98.8,93,94.8,94.3,88.2,104.1,110.3,95.4,92.2,89.2,95.9,87.2,89.6,88.9,96.4,94,96.8,88.2,98.7,99.6,97.6,103,89.7,94
2022年5月,91,91.3,89.6,89.9,90.8,94.1,82.2,83,82,69,82.6,85.4,84.5,80.2,82.3,82.2,82.7,81.9,86.9,77.7,83.1,81.4,88.6,86.5,97.2,91.6,99.4,99.2,86.6,98.6,99.7,98.2,91.7,98.6,86.4,88.9,86.7,91.7,83.9,82.3,94.5,92.2,92.8,94.8,92.8,92.5,94.5,88.7,91.1,92.3,88,94.9,92.3,88.7,98.8,92.8,95.1,93.9,88.2,104.1,110.2,95.4,92.2,89.6,94.8,88.3,89.6,89.4,96.4,94.1,96.6,88.3,98.7,99.6,97.8,103,90.2,94
2022年6月,91,91.4,89.6,90,90.8,94,82.3,81.6,82.5,69.6,83.6,86.8,85.4,80.1,80.4,79.2,81.2,80.3,87.8,78.4,83.7,81,88.3,87,97.3,92,99.4,99.1,87.3,98.9,100.2,98.7,91.7,98.6,86.9,90,86.8,92,85.1,81.8,94.5,91.9,92.5,94.9,92.4,92.2,93.8,89.1,91.1,92.1,88.2,94.9,92.5,88.4,98.8,92.9,94.3,94.1,88.2,104.1,110.2,95.4,92.2,88.5,94.9,86.7,89.5,88.1,96.4,94.2,96.1,88.5,98.7,99.6,98.4,103.1,89,94
2022年7月,91.4,91.9,90.1,90.6,91.2,94.4,82.6,81.1,82.9,70.7,84.6,87.7,85.6,80.4,79.1,77.3,81.4,80.6,88.6,78.7,84.1,81.1,88.5,87.6,97.3,92.1,99.4,99.1,87.5,100.1,102.3,100.2,92.1,97.6,87.4,90,87,92.5,85.6,82.6,95.8,90.7,91.2,94.7,91.1,89.8,90.3,89,91.2,91.7,88.5,95,92.6,88.7,98.8,94.3,96,94.2,93.6,104.1,110.2,95.4,92.2,89.2,96.1,86.7,89.5,89.3,96.5,94.3,96.8,88.2,98.7,99.7,99.6,103.1,90,94.3
2022年8月,91.7,92.2,90.5,90.9,91.5,94.6,83.1,82.2,83.3,71.3,85.9,89.6,86.5,80.4,79.7,78,82.5,81.7,88.8,78.9,84.6,80.9,88.2,87.9,97.4,92.3,99.4,99.1,87.7,100.9,104.1,100.8,91.3,96.6,87.8,90.8,87,91.9,86.3,82.7,95.8,89.7,90.3,94.7,90.2,87.6,86.9,89.1,91.3,91.7,88.8,95,92.8,88.6,98.8,94.3,97.7,94,93.4,104.1,110.2,95.4,92.2,90.7,97.1,87.4,89.5,91.3,96.7,94.4,96.9,88.5,98.7,99.9,100.2,103.1,91.6,94.3
2022年9月,92.1,92.5,90.9,91.3,91.7,94.7,83.9,83.9,83.9,71.7,89,93.6,87,81,83,82.7,76.1,74.9,90,80,85.3,81.6,88.4,88.1,97.4,92.4,99.4,99.1,88,101.4,105.6,101.6,91.4,94.5,89.1,92.8,87.1,93.7,87.1,83.8,95.8,93.3,93.7,94.8,93.7,94.2,96.2,90.2,91.9,92.4,89.2,95.1,92.7,89.2,98.8,94,95,94.1,93.3,104.1,110.2,95.4,92.3,89.8,97,89,89.6,89.2,96.7,94.5,97.3,88.7,98.7,99.6,101.1,103.1,90.3,94.3
2022年10月,92.6,93,91.5,91.9,92.2,95,85.1,84.7,85.2,72.4,89.3,93.1,88.5,81.8,84.5,84.6,76.3,75,90.6,80.9,86.4,84.1,93.2,89.5,97.8,93.9,99.4,99.1,90.5,102.4,106.7,103.8,90.7,94.9,89.4,92.9,87.5,94.4,87.5,84.1,95.8,94,94.3,95.3,94.2,94.6,96.6,90.8,94.3,92.6,89.7,95.5,92.5,88.8,99.8,94.1,95.3,94,93.8,104.1,110.2,95.4,92.3,89.1,98.7,90.8,89.8,87,96.9,94.7,97.2,89.1,99.1,99.8,101.7,103.1,89.7,94.3
2022年11月,92.8,93.3,91.8,92.3,92.5,95,85.7,82.8,86.2,72.7,90.1,93.3,89.5,85.1,82.5,81.5,74.6,73.2,92.2,82.1,87,86.1,94,89.9,97.9,94.3,99.4,99.1,91.1,103.5,107.6,106.1,90.3,95.8,90.1,93.2,88.5,95.9,88.5,85.1,95.8,94.6,95.2,95.6,95.2,94.8,96.3,91.8,94.2,94.3,90.3,95.6,92.5,89.2,99.8,94.3,95,94,94.7,104.1,110.2,95.4,92.3,87.9,97.9,90.8,89.8,85,97,94.8,97.2,89.8,99.3,99.8,102.5,103.1,88.5,94.3
2022年12月,93,93.6,92,92.5,92.6,95,85.8,81.6,86.6,72.7,92.6,96.9,90.2,85.8,78.1,74.8,78.2,77.1,92.1,82.3,87.6,85.9,93.6,90.5,98,94.5,99.4,99.1,91.5,105.6,110.1,109.7,89.7,95.8,89.3,90.9,89.1,95.9,89.2,84.5,95.9,93.9,94,95.4,94,93.7,94.5,92.2,94.7,94.5,90.5,95.5,92.4,89.1,99.8,94.4,95.6,94.1,94.6,104.1,110.2,95.4,92.3,88.1,98.5,90.3,89.8,85.5,97,95.2,97.1,89.8,99.3,99.8,104.4,103.1,88.7,94.3
2023年1月,93.5,93.7,92.5,92.8,92.7,95.1,87,88.2,86.8,72.8,94.7,100.1,90.8,86.5,83.4,82.8,85.4,84.8,92.7,81.8,87.9,86.2,94.2,90.8,98,94.7,99.4,99.1,91.8,106.5,110.9,112.2,89.5,95.9,89.2,89.7,89.7,96.4,90,85.1,95.9,92.3,91.8,95.6,91.7,92.2,92.2,92.2,94.8,93.1,90.6,95.6,92.6,89.3,99.8,94.3,95,94.1,94.7,104.1,110.1,95.4,92.3,89.1,97,91.4,90,87,97.1,95.4,97.3,89.8,99.3,99.8,105.3,103.1,89.5,94.4
2023年2月,92.9,93.2,91.8,92.1,93.1,95.3,87.4,87.5,87.4,73.3,94.1,98.2,91,88.3,83,82,86.2,85.6,93.9,81.7,88.6,87.5,94.1,91.3,98.2,95,99.4,99.1,92.3,94.8,90.1,105,89.2,97.1,89.8,88.9,90.7,96.2,90.6,87.4,95.9,92.9,92.9,96,92.9,92.2,91.8,93,95.5,92.8,91,96.2,93.4,90.7,99.8,94.3,94.7,93.9,95,104.3,110.1,95.4,93.1,89.4,98.6,91.4,90,87.3,97.4,95.6,97.8,91.1,99.3,99.8,94.1,103.2,89.8,94.9
2023年3月,93.3,93.6,92.2,92.6,93.6,95.8,87.8,86.2,88.1,73.4,94.6,98,91.4,90.2,82.5,80.6,83.9,83.2,94,83,89.3,87.5,94.6,91.9,98.2,95.1,99.4,99.1,92.5,94.3,89.3,103.7,89.1,98,91.6,90.6,91.1,96.1,91.2,91.1,95.8,94.2,95.3,96.4,95.3,92,91.1,93.9,96.1,94.6,91.9,96.5,93.8,92.1,99.8,94.6,96.4,94.1,95.1,104.5,110.1,95.4,93.6,90.4,98.2,92.3,90.3,88.7,97.5,95.9,97.8,91.2,99.3,99.8,93.5,103.4,91,94.9
2023年4月,93.8,94.2,92.9,93.3,94.3,96.3,88.7,86.1,89.2,74.1,94.1,96.2,91.7,93,84.9,83.5,80.5,79.5,94.7,85.7,90.6,88.2,95.2,92.4,98.3,95.3,99.4,99.2,92.7,94.1,89.4,101.6,89.4,98.7,93.8,95.3,93.4,97.1,91.8,92.2,96.4,95.7,95.3,97,95.2,96.9,98.1,94.6,96.4,95,92.4,96.5,93.7,93.5,99.2,94.6,97,94,95,105.4,110.7,96,95.5,91.9,98.6,92.7,90.4,91,97.6,96.3,97.8,91.3,99.3,99.7,93.3,104.2,92.3,94.9
2023年5月,93.9,94.2,93,93.3,94.6,96.6,89.2,87.3,89.5,74,94.7,96.6,91.7,94.2,84.7,83,85.5,84.9,95.9,86.4,91,88.3,95.3,92.7,98.4,95.6,99.4,99.2,93.2,90.4,82.7,100.1,89.4,98.8,94.7,96.8,93.9,97.4,92.7,92.8,96.5,95.7,95.2,97.1,95.2,96.7,97.6,94.8,96.7,95.7,92.5,96.9,94.3,94.7,99.3,94.8,97.5,94.4,94.8,105.4,110.6,96,95.6,92.7,99,93.4,92,91.7,97.6,96.5,97.9,91.5,99.3,99.7,89.8,104.3,93.1,94.9
2023年6月,94,94.4,93.1,93.5,94.6,96.4,89.2,84.8,90,74.8,94.5,95.2,92,94.1,82.3,79.1,84.2,83.4,97.3,86.9,92,88.4,95.2,92.8,98.4,95.6,99.4,99.2,93.3,92.4,87.8,97.7,89.7,98.6,94.4,96,95.6,97.9,92.9,92.1,96.5,95.5,95.1,97.5,95,96.1,96.6,95.1,97,95.7,92.8,97.2,94.7,95.3,99.3,94.9,96.7,94.7,94.6,105.4,110.6,96,95.6,91.6,98.1,93,92.7,89.9,97.8,96.6,97.7,93.4,99.3,99.7,91.9,104.3,91.9,95
2023年7月,94.4,94.8,93.6,94,95.1,96.9,89.9,86.3,90.6,76.5,95.9,97.2,92.1,94.3,83.6,80.8,85.1,84.4,97.8,87.7,92.4,88.3,96.1,93,98.4,95.7,99.4,99.2,93.5,90.5,85.3,94.8,90.7,98.1,94.8,95.4,96.7,97.8,92.8,94,96.6,94.4,93.9,97.2,93.8,93.9,93.2,95.2,97.1,95.6,92.9,97.2,94.6,95.3,99.3,96.4,98.5,95.4,98.2,105.4,110.6,96,95.6,93.5,98.4,93.4,93.7,92.8,97.7,96.7,98.2,91.1,99.3,99.7,90.9,104.3,94,97.9
2023年8月,94.6,95,93.8,94.2,95.4,97.2,90.3,86.6,90.9,76.8,95.8,96.8,92.2,97.6,84.3,81.3,85.5,84.7,97.6,88.2,92.6,88.1,96,93.1,98.4,95.8,99.5,99.2,93.6,88.5,82.3,91.2,94.2,98.1,94,93.5,96.2,97.2,92.9,93.8,96.7,93.6,93.2,97.8,93.1,92.2,90.7,95.4,97.1,95.6,93.2,97.3,94.9,95.6,99.3,97.4,99.9,96.7,98,105.4,110.6,96,95.5,95.2,97.9,94,94.2,95.5,98.3,97,98.1,95.1,99.3,99.9,90.3,104.4,95.8,97.9
2023年9月,94.9,95,94.1,94.2,95.5,97.2,91.4,91.9,91.3,77.1,96.7,97.9,92.9,97.7,92.6,93.5,83.1,82.1,97.5,89.3,93.2,88.8,95.9,93.3,98.5,96.1,99.5,99.2,94,86.9,79.7,88.9,98.3,98,94.6,94.2,96.8,97.6,93.3,94.4,96.7,96.5,95.7,97.6,95.7,97.8,98.7,96,97.5,96.3,93.3,97.4,95.2,96,99.3,97.3,97.9,97,98,105.5,110.6,96,95.6,93.9,97.2,94.6,94.4,93.1,98.4,96.9,98.4,95.7,99.3,99.6,89.2,104.3,94.2,97.9
2023年10月,95.7,95.7,95.1,95,95.9,97.6,92.5,96.6,91.7,77.9,96.9,98.1,92.7,97.6,97.4,100.4,88.3,87.7,97.8,89.4,93.4,90.1,97.3,93.6,98.6,96.2,99.5,99.2,94.2,92.2,88.8,93.2,95.1,98,95.5,96,96.9,98.4,93.6,95.2,96.8,96.8,96.1,97.6,96,98.2,98.8,97,97.5,96.7,93.6,97.7,95.9,96.1,99.3,97.1,98.5,96.1,99.4,105.5,110.6,96,95.6,94.8,98.1,95.1,95,94.2,98.4,97.1,98.2,96.4,99.5,99.7,92.9,104.2,95.1,98
2023年11月,95.5,95.7,94.8,95,96,97.6,91.9,91.4,92,78.2,96.6,97.5,93,97.2,90.5,90.1,87.7,87.1,97.8,90.2,93.7,90.3,97.3,94.2,98.6,96.2,99.5,99.2,94.2,91.7,88.1,93.8,92.1,98.1,95.6,95.7,96.9,98.6,93.8,95.6,96.8,97.3,97.2,97.5,97.2,97.9,98.1,97.5,97.4,97.8,93.8,98,96.6,96.6,99.3,96.9,98.4,95.8,99.3,105.5,110.6,96,95.6,94.5,98.1,94.1,95.2,94,98.4,97.1,98.1,96.6,99.5,99.7,92.1,104.2,94.8,98
2023年12月,95.4,95.7,94.7,95,96,97.6,91.6,89.6,91.9,78.1,95.7,96,93.5,96.9,88.1,86.4,88.8,88.3,96.9,89.7,93.7,90,96.8,94.3,98.7,96.4,99.5,99.3,94.6,91.6,87.5,94.5,92.6,97.9,95.1,94.6,97.1,98.5,93.9,95.1,96.8,96.7,96.3,97.5,96.3,96.9,96.2,98.2,97.9,98,94.1,97.8,96.4,96.1,99.3,97.1,98.6,96.1,99.2,105.5,110.6,96,95.6,95,98.6,94.6,95.6,94.5,98.3,97.2,97.7,96.4,99.5,99.7,92.3,104.2,95.3,98
2024年1月,95.5,95.7,94.8,95,96,97.6,92,92.3,91.9,77.9,97.5,99.2,93.3,96.7,89,87.7,93.4,93.2,97.1,89.6,93.6,90,97.4,94.4,98.7,96.6,99.6,99.3,94.8,91.7,87.6,95,93.1,97.7,95.1,93.8,97.3,98.5,94.4,95.4,96.7,95.2,94.4,97.1,94.3,95,93.6,97.7,97.7,96.3,94.3,97.9,96.5,96.2,99.3,97.1,98.4,97,96.7,105.5,110.6,97.8,95.6,95.1,96.7,95.1,95.4,94.9,98.3,97.4,98.4,94.5,99.5,99.7,92.5,104.3,95.4,96.3
2024年2月,95.5,95.8,94.8,95.1,96.1,97.7,91.6,89.7,92,78.1,96.1,96.3,93.4,96,86.6,84.1,93.1,92.8,97.6,89.5,93.6,90.8,97.1,94.6,98.8,96.7,99.6,99.3,94.9,91.9,87.8,95.1,93,97.8,94.4,92,97.5,98.4,94.6,95.1,96.8,95.4,95.3,97.1,95.3,94.4,92.7,97.9,97.6,95.9,94.5,97.9,96.4,96.5,99.3,97,98.3,96.9,96.3,105.7,110.6,97.8,96.3,96,99.9,95.3,95.5,95.8,98.5,97.6,98.1,96.4,99.5,99.7,92.4,104.4,96.1,96.3
2024年3月,95.8,96,95.1,95.4,96.3,97.9,92,90.9,92.2,78,96,96.5,93.5,95.8,88.2,86.3,93.5,93.3,97.6,90.3,93.6,91.5,97,94.8,98.8,96.7,99.6,99.3,95,92.7,88.4,96.3,93.3,98.7,94.5,92.3,97.7,98.1,94.3,95.3,96.8,96.3,97.2,97.2,97.2,94.2,92.2,98.2,97.8,97.7,94.6,98,96.8,96.5,99.3,96.8,99.5,96.9,95.3,105.8,110.5,97.8,96.6,97,100,96.5,95.8,97,98.6,97.7,98.2,96.7,99.5,99.7,92.9,104.5,97.2,96.2
2024年4月,96.2,96.3,95.6,95.7,96.5,98.2,92.5,93.9,92.3,78,95.2,95.1,93.6,95.5,94,94.7,91.4,90.9,98.3,90.6,93.8,91.7,97,95.1,98.8,96.8,99.6,99.5,95.1,93.1,88.5,97.3,93.7,99.2,96.2,95.8,98.3,98.5,95.9,95.5,98.6,97.8,97.2,96.8,97.3,99,99.5,98.1,98.1,98.1,95.3,97.7,96.8,97.1,98.4,97.2,98.7,97.3,96,104.5,107.9,99.1,97.8,97.6,100.5,96.4,96.3,98,98.7,97.8,98.5,96.8,99.5,99.6,93.4,103.2,97.7,96.3
2024年5月,96.5,96.6,96,96.1,96.6,98.3,92.8,95.1,92.4,78.5,95.2,94.8,93.7,95.1,94.2,95,95.6,95.5,97.7,90.7,94.2,91.7,96.9,95.3,98.9,97,99.6,99.5,95.3,96.3,94.8,97.6,93.6,99.5,97.5,98.7,98.4,98.9,96.9,95.7,98.8,97.8,97.2,97.1,97.2,99.1,99.3,98.8,98,98.4,95.5,98,97.1,98.1,98.4,97,98.9,97.3,95.1,104.4,107.7,99.1,97.8,97.5,100.7,96.6,96.4,97.7,98.8,97.9,98.7,97.3,99.5,99.6,96.3,103.2,97.7,96.3
2024年6月,96.6,96.9,96.1,96.4,96.7,98.3,92.4,91.6,92.6,78.8,94.8,94.3,94.2,94.9,89.8,88.2,95,94.9,97.8,91.2,94.2,91.4,96.7,95.5,98.9,97,99.7,99.5,95.4,99.3,99.6,100,93.7,100,97.9,99.8,98.6,98.8,97.6,95.2,98.8,97.6,96.8,97.2,96.8,98.9,98.7,99.3,97.8,98.4,95.6,98.5,97.1,98,99.5,97.3,98.5,97.5,95.8,104.3,107.7,99.1,97.8,96.7,100.4,95.6,96.7,96.6,98.9,97.9,98.6,98.3,99.5,99.7,99,103.2,96.8,96.3
2024年7月,97,97.3,96.5,96.9,96.9,98.5,92.5,89.9,92.9,79.6,95.9,95.9,95.5,94.4,87.7,84.9,92.8,92.5,98.1,91.4,94.3,91.5,96.6,95.8,99,97.3,99.7,99.5,95.9,102.2,104.4,101.8,94.1,100,98.3,100.4,98,98.9,98.3,95.6,98.9,96.5,95.4,97.2,95.4,97.2,95.9,99.7,97.5,98.4,95.7,98.6,97.2,98.2,99.5,97.6,99.4,97.8,95.9,104.3,107.7,99.1,97.8,97.6,100.9,95.9,96.8,98,99,98,98.7,98,99.5,99.8,101.8,103.2,97.8,96.3
2024年8月,97.5,97.7,97.1,97.3,97.4,98.9,93.5,93.3,93.5,81.8,96.3,96.4,96.5,94.9,92.3,91.5,93.5,93.2,97.8,91.8,94.9,91.5,96.5,96.1,99.1,97.6,99.7,99.6,96.3,101.8,103.9,101.4,93.5,100,98.9,100.8,98,98.1,98,97.6,98.9,95.7,94.9,97.2,94.8,95.6,93.6,99.7,97.3,98.3,95.8,98.7,97.6,98.3,99.5,97.6,100.7,97.7,95.7,104.3,107.7,99.1,97.8,99.8,101.5,96.9,96.9,101.3,99.1,98.4,98.5,98.2,99.5,100,101.2,103.2,100.1,96.2
2024年9月,97.3,97.3,96.8,96.8,97.5,98.8,94.6,97,94.1,85.1,97.1,97.7,96.7,94.9,98.1,99.9,91.3,90.9,97.8,92.2,95.1,91.9,96.6,96.3,99.2,97.8,99.8,99.6,96.6,94.6,91.8,95.7,93.8,100.2,99.2,100.2,98.9,98.8,99.1,98.1,98.9,98.8,98.2,97,98.3,100.6,101,99.9,98,98.7,96.1,99,97.9,99,99.5,97.4,99.1,97.7,95.4,104.4,107.7,99.1,97.9,98,102.5,97.3,97.1,97.8,99.2,98.2,99.3,98.4,99.5,99.8,94.6,103.2,98.1,96.3
2024年10月,97.9,97.8,97.5,97.5,98.1,99.2,95.7,98.6,95.2,88.3,96.6,96.7,97.4,95.5,100.3,102.4,93.7,93.5,98,93.9,95.2,95.6,97.1,96.7,99.4,98.5,99.7,99.6,97.7,95.1,92.3,96.5,94.1,100.6,99.7,101.8,99.1,99.5,99,98,99,99.1,98.7,97.4,98.8,100.7,101.1,100,97.8,98.9,96.5,99.4,98.2,99.3,100.1,97.6,99.3,97.9,96,104.4,107.7,99.1,97.9,98.7,101.9,97.1,97.1,99.3,99.5,98.3,99.6,98.4,99.5,100.5,95,103.2,98.9,96.3
2024年11月,98.3,98.2,98,97.9,98.3,99.2,96.4,99.4,95.8,89.9,96.1,95.7,97.2,95.3,100.8,103,96.8,96.8,98.3,95.5,95.9,96.9,97,96.9,99.5,98.6,99.8,99.7,97.9,97.9,96.8,99,93.9,100.7,99.1,99.6,99.4,99.5,99.3,98.3,99,99.8,100,98,100,100.5,100.7,100.1,98.1,100.5,96.9,99.5,98.5,99.5,100.1,97.8,99.1,98,96.3,104.4,107.7,99.1,97.9,98.7,101.7,96.9,97.1,99.3,99.5,98.4,99.4,98.8,99.8,100.4,97.6,103.2,98.8,96.3
2024年12月,98.9,98.6,98.7,98.3,98.3,99.2,97.4,105,96,90,97.6,97.8,97.4,95.4,105.5,110,103.6,104.1,97.7,95.4,96.2,96.7,96.6,97.4,99.5,98.6,99.8,99.7,97.9,102.1,103.9,101.9,94.3,100.7,98,97,99.3,99.7,99.1,97.5,99,99.5,99.4,98,99.4,100.1,100,100.4,98.8,100.5,97.2,99.5,98.4,99.4,100.1,98.1,99.2,98.2,97.1,104.4,107.7,99.1,97.9,98.7,100.5,97.1,97.3,99.4,99.4,98.5,98.6,98.9,99.8,100.5,101.6,103.2,98.8,97.6
2025年1月,99.3,98.8,99.2,98.6,98.5,99,99,111.5,97,92.4,99,100.3,98.6,95.6,110.6,117.3,110.2,111.5,98.2,96.8,97.1,97.5,97,98,99.6,99,99.8,99.7,98.4,102.2,103.4,101.5,98.9,100.8,98.4,97.6,100.2,99.5,99.4,98.1,99.1,98.1,97.6,98.8,97.6,97.8,96.7,100,99.4,99.4,97.9,98.7,94.8,99.6,100.2,98.8,98.7,99.9,95.6,102.1,103.6,99.1,98.1,97.6,101.3,97.5,99.3,96.9,100,99.1,99.7,99,99.6,101,102.6,102.3,97.7,96.9
2025年2月,98.9,98.7,98.8,98.4,98.7,99.1,98.7,105.9,97.5,95.4,99.3,100.4,98.4,96.3,103.8,107,108.3,109.4,98,96.6,97.7,97.4,96.9,98.2,99.6,99.1,99.8,99.7,98.6,97.6,95.7,98.3,101.7,100.8,98.2,96.9,99.9,99.4,99.6,98,99.1,98.2,98.5,99.5,98.5,97.4,96.2,99.9,99.2,98.6,98.3,98.6,94.5,99.6,100.2,98.9,98.2,100.2,95.6,102.2,103.6,99.1,98.6,98.2,102.2,98,99.2,97.6,99.9,99.1,99.3,99.1,99.6,100.9,98.6,102.4,98.2,96.9
2025年3月,99.2,99,99.1,98.9,99,99.3,98.8,103,98.2,98,100.1,101,98.3,97.8,102.5,104.7,101.2,101.6,98.3,97.2,98.1,97.7,96.6,98.7,99.7,99.2,99.8,99.8,98.8,97.9,96.1,98.7,101.6,100.7,98.7,98.2,100.3,100,99.5,98,99.2,99.1,100.1,99.8,100.1,97.3,96,99.8,100,99.8,98.9,98.8,95.1,99.9,100.2,99.1,99.9,100.3,95.5,102.2,103.6,99.1,98.6,99,101.2,98.8,99.2,98.8,99.9,99.2,99.3,98.8,99.6,101,98.9,102.5,99.2,96.9
2025年4月,99.7,99.7,99.6,99.7,99.5,99.8,98.8,97.7,98.9,99.4,99.7,99.9,98.3,98.9,97.4,96.9,97.1,96.9,98.4,98.2,99.1,98.3,100.6,99.4,99.9,99.7,99.9,100,99.6,100.9,100.4,101.6,102.6,101,100,101.5,100.3,99.7,99.5,98.5,99.9,100.4,100.2,99.6,100.2,101,101.5,99.9,100.2,99.9,99.8,100,100.5,99.7,99.9,99.5,99.5,100.7,96,99.4,99,100.3,100.5,100.6,101.5,101.1,99.6,100.4,99.8,99.6,99.8,99.1,99.6,100.2,102,99.3,100.4,97
2025年5月,100,100.1,100,100.2,99.8,99.9,99,95.4,99.6,101,99.5,99.1,99.5,99.3,93.7,91,100.1,100.2,98.9,98.1,100.1,98.4,101.3,99.9,100,99.9,100,100,99.9,103.9,105.5,102.9,101.6,101.4,100.3,102.2,98.4,99.8,100,98.8,100.1,100.4,100.1,99.8,100.1,101,101.6,100,100.2,99.8,100.1,100.3,101.3,100.1,99.9,99.3,100.1,100.3,96,99.3,98.9,100.3,100.5,100.6,101.3,101.4,99.7,100.4,100,99.8,99.9,100,100.2,100.2,104.2,99.2,100.6,97
2025年6月,99.9,100.2,99.9,100.2,100,100,99.2,93.8,100.1,101.5,98.9,98,100,99,92,88.1,100.2,100.4,100.1,99.4,100.5,99.5,101,100.2,100,99.9,100,100,99.9,102.9,105,102.7,98.2,98.6,100.6,102.4,98.5,100.1,100.4,99.1,100.1,100.2,99.9,99.9,99.9,100.9,101.1,100.4,99.8,99.8,100.1,100.4,101.7,100.1,99.9,99.8,99.1,99.1,101.9,99.3,98.8,100.3,100.5,99.5,101.5,100.5,100.2,98.8,100,100,99.5,100.3,100.2,100.2,102.1,99.2,99.4,101.4
2025年7月,100.1,100.3,100.1,100.4,100.2,100.1,99.6,93.7,100.5,101.3,98.6,97.1,100.5,99.5,92.9,89.3,98.8,98.8,101,100.6,101,99.9,100.7,100.4,100,100,100,100,100,102,103.7,101.8,99.1,98.6,100.8,101.7,98.5,100.3,100.2,100.8,100.2,99.4,99,100.1,98.9,99.5,99.2,100,99.7,99.7,100.1,100.4,101.6,100.2,99.9,100.3,100.3,99.5,102.3,99.3,98.8,100.3,100.5,100.1,99.9,100.6,100.2,99.9,100,100.2,99.4,100.4,100.2,100.3,101.6,99.2,100.1,101.5
2025年8月,100.3,100.3,100.3,100.4,100.5,100.4,100.6,99.6,100.8,100.4,99,98.1,101.2,102.3,97.1,95,108.8,109.8,100.2,101.5,101.2,99.5,100.6,100.7,100.1,100.4,100.1,100.1,100.6,97.5,96.7,98.6,99.4,98.3,100.9,101.1,99.1,100,100.4,101.5,100.2,98.6,98.4,100.8,98.3,97.5,96.5,99.5,100.3,99.7,100.3,100.3,101.5,100,99.9,100.8,102.1,99.8,102.9,99.2,98.8,100.3,100.5,101.5,99.3,101.1,100.4,102.2,100.3,100.8,99.4,100.3,100.2,100.6,97.8,99.1,101.8,102.1
2025年9月,100.1,100.1,100.1,100.1,100.4,100.2,100.8,99.4,101,100.4,99.6,98.7,101.3,102.9,102.4,102.8,94,93.5,100.3,102.8,100.8,100.7,100.7,100.6,100.1,100.4,100.1,100.1,100.6,96.1,94.7,97.2,99.6,97.9,100.2,98.4,100.3,99.9,100.5,101.9,100.4,101.2,100.9,100.9,100.9,102.4,103.6,99.7,100.6,100,100.6,100.5,102,100.2,99.9,100.6,100.1,99.9,102.6,99.2,98.8,100.3,100.6,99.8,98.7,99.9,100.5,99.8,99.8,100.4,100.6,100.6,100.2,98.6,96.5,99.2,99.7,102.1
2025年10月,100.7,100.7,100.8,100.9,101.1,100.8,101.5,99.7,101.8,103.1,100.9,100.5,100.9,102.9,102.8,103,93.4,92.4,102.2,102.2,101.3,103.2,101.7,101.2,100.3,100.6,100.2,100.2,101,97.1,95.6,97.1,99.6,100.2,101.5,102.1,101.2,100.6,100.4,101.9,100.4,101.5,101.9,100.7,101.9,101.9,103,99.6,100.2,100.5,101.1,100.6,102.2,100.1,100,101.4,100.8,100.6,103.9,99.2,98.8,100.3,100.6,101.4,98.5,100.7,100.5,102.1,100.2,100.4,101.4,100.6,100.2,98.9,96.9,99.2,101.3,102.7
2025年11月,101,101.1,101.2,101.3,101.2,100.8,101.9,99.7,102.3,104.1,101.2,101.1,101.3,102.7,103.2,103.4,92.3,91.1,102.3,103.4,101.6,104.4,101.7,101.2,100.4,100.9,100.2,100.2,101.3,101,101.6,99.8,99.1,101.1,100.9,100.3,101.6,100.6,100.2,102,100.5,101.7,102.1,100.1,102.2,102.2,103,100.5,100.1,101.4,101.2,100.7,102.6,100.4,100,101.2,100.8,100.4,103.7,99.2,98.8,100.3,100.6,100.9,97.1,99.9,100.5,101.9,100.1,100.6,101,100.9,100.2,99,100.1,99.2,100.9,102.7
2025年12月,100.9,100.9,101,101,101.1,100.6,102,100.8,102.2,103.2,104.2,106,101.8,102.8,101.8,101.4,95.5,94.6,102,103.2,101.5,103.6,101.2,101.6,100.4,100.9,100.3,100.3,101.3,100.9,101.5,99.7,98.5,100.8,99.6,97.6,101.8,100,99.9,101.2,100.7,101.2,101.4,100,101.4,101.2,101.5,100.6,100.5,101.4,101.5,100.6,102.2,100.3,100,100.4,100.4,99.2,103.8,99.2,98.8,100.3,100.6,100.7,97.4,100.6,100.7,101.1,100.1,100.7,100.6,100.9,100.2,99.1,98.6,99.2,100.6,102.7
2026年1月,100.8,100.7,100.9,100.8,101,100.5,102.6,104,102.4,103.3,106.5,109.8,102.1,102.9,102.7,102.6,101.3,100.7,102.8,103.5,101.4,103.6,101.8,101.9,100.5,101.1,100.3,100.3,101.6,100.6,101.6,99.5,97.6,99.9,99.2,95.8,102.6,100.1,100.2,101.5,100.7,99.9,99.5,99.9,99.5,99.4,99.1,100,100.8,101,101.8,100.6,102.1,100.1,100,100.1,99.8,98.9,103.7,99.2,98.7,100.3,100.6,99.4,96.9,101.5,100.9,98.7,100.2,100.8,100.9,101.4,100.7,99,97.4,99.3,99.3,102.7
2026年2月,100.2,100.2,100.2,100.2,101.1,100.6,102.3,100.9,102.5,102.2,106.4,109.3,101.8,103.7,99.4,97.7,99.6,98.7,103,103.1,102,104.6,101.8,102,100.5,101.1,100.3,100.4,101.6,92,88.1,93.3,98.1,99.2,99.5,97,102.4,99,99.7,101.6,100,99.9,100,100.8,100,98.7,98.1,99.8,100.7,100.9,102.1,100.6,102.3,100.1,100,100.2,99.4,99.1,103.8,99.4,98.7,100.9,101.1,100.1,98,101.3,100.9,99.8,100.2,100.8,100.6,101.8,100.7,99,89.6,99.4,99.9,102.7
2026年3月,100.6,100.7,100.7,100.8,101.4,100.9,102.2,98.3,102.8,101.3,106.2,108.3,101.8,103.1,97.4,94.5,96.6,95.3,102.2,104,102.7,105.5,101.6,102.7,100.5,101.1,100.4,100.5,101.5,92.7,88.4,93.5,107.7,99.3,101.2,102.1,102.8,98.8,99.7,101.8,100,100.8,101.9,99.7,102,98.7,98.2,99.9,101.1,101.7,102.8,100.7,102.7,100.1,100,101.8,100.7,101.2,103.8,99.5,98.7,100.9,101.6,100.9,97.4,102.2,101.1,100.9,100.3,100.9,100.6,102.1,100.7,99.1,92.9,99.5,100.9,102.8
2026年4月,101,101.1,101.1,101.3,101.4,100.9,102,97.9,102.7,100.7,105.8,107,102.3,103.7,98,94.9,95.8,94.5,102.5,104.8,103.1,106.2,101.7,103.1,100.6,101.6,100.3,100.5,102.3,99.1,97.8,98.3,113.4,99.7,101.9,103.4,102.8,99.3,100.5,101.9,100.4,101.7,101.5,99.7,101.5,102.2,103.1,100.1,100.6,101.8,103.4,100.4,103.1,100.3,99.3,101.5,101.8,100.4,104.5,95.5,92.6,101.6,103.3,101.7,98.1,102.1,101.4,102,100,101.1,100.8,102.8,102.7,97.4,98,93.1,101.5,102.9
2026年5月,101.5,101.6,101.7,101.8,101.6,101.1,102.4,98.9,102.9,100.3,105.6,106.5,102.7,102.9,97.7,94.5,100.4,99.6,102.7,104.9,104.1,105.9,101.7,103.6,100.8,102.1,100.4,100.6,103.2,102.3,103,101.1,114.3,98.4,102.4,103.9,102.7,99.7,101.2,102.4,100.4,101.7,101.6,99.7,101.6,102,103,100,100.8,101.9,103.9,100.6,103.4,100.6,99.3,101.7,102.3,100.7,104.3,95.4,92.5,101.6,103.3,102,98.5,103.2,101.5,102.2,100.3,101.2,101.4,103.9,102.7,97.5,101.4,93,101.9,102.9
2026年6月,101.6,101.7,101.8,102,101.7,101.2,102.4,97.5,103.2,99.3,106.4,107.5,104,103.5,95.3,90.6,101.3,100.6,104,104.9,104.2,105.3,101.5,104.2,100.9,102.4,100.4,100.7,103.7,102.4,103.2,101.9,114.4,97.5,102.9,105.1,102.9,98.7,101.3,102.8,100.4,101.6,101.6,99.7,101.7,101.5,102.4,99.7,100.5,101.8,104.2,102,104.2,100.9,101.4,102.2,101.2,101.1,106.1,95.5,92.5,102.9,103.3,100.9,99.4,103.5,101.8,100.1,100.4,101.3,101.2,104.2,103.1,97.7,101.7,93.1,100.7,104.2
2026年7月,102,102.1,102.4,102.5,102.1,101.6,103.1,100.3,103.6,99.1,107.5,109.1,104.4,102.9,98.9,95.2,101.8,101.2,104.4,106.7,104.5,105.3,101.3,104.6,101,102.7,100.5,100.7,104,102.7,103.6,103.4,114.6,96.7,104.5,105.2,103.1,99.5,102.8,107.1,100,100.5,100.5,99.6,100.5,99.5,99.5,99.5,101,101.1,104.5,102.5,104.3,103.3,101.4,102.9,102.7,101.7,106.2,95.4,92.5,102.9,103.3,102,101.6,104.4,101.7,101.2,100.4,101.4,101.5,104.3,103.1,97.5,102.2,93.1,101.9,104.2
